idx,branch_name,merge,left,right,notes,test merge,diff contains java file,left_tree_fingerprint,left parent test result,right_tree_fingerprint,right parent test result,parents pass,sampled for testing,gitmerge_ort,gitmerge_ort_merge_fingerprint,gitmerge_ort_ignorespace,gitmerge_ort_ignorespace_merge_fingerprint,gitmerge_recursive_histogram,gitmerge_recursive_histogram_merge_fingerprint,gitmerge_recursive_ignorespace,gitmerge_recursive_ignorespace_merge_fingerprint,gitmerge_recursive_minimal,gitmerge_recursive_minimal_merge_fingerprint,gitmerge_recursive_myers,gitmerge_recursive_myers_merge_fingerprint,gitmerge_recursive_patience,gitmerge_recursive_patience_merge_fingerprint,gitmerge_resolve,gitmerge_resolve_merge_fingerprint,gitmerge_ort_adjacent,gitmerge_ort_adjacent_merge_fingerprint,gitmerge_ort_imports,gitmerge_ort_imports_merge_fingerprint,gitmerge_ort_imports_ignorespace,gitmerge_ort_imports_ignorespace_merge_fingerprint,git_hires_merge,git_hires_merge_merge_fingerprint,spork,spork_merge_fingerprint,intellimerge,intellimerge_merge_fingerprint
24,refs/heads/master,082db8c4c022ec85d57f31bd143cdf9af44d611f,776bb456c86504d3e862ea81fd2e47f193c36a4d,9aff7d4d3d1d7567909fb0c8e391d139c22a7af0,,True,True,0d11680f4399a583cafbcafb12abb5576d546d3464ab772cdab699c91a3bcdb9,Tests_passed,0b3dcc13e64da6d7ee9b87eff212b954557f8393d3e3c55d40db6e761b54d142,Tests_passed,True,True,Tests_passed,b8903ca16f6162ea37269816f2e479a4371ca842eab613328ddbed00d029260f,Tests_passed,b8903ca16f6162ea37269816f2e479a4371ca842eab613328ddbed00d029260f,Tests_passed,b8903ca16f6162ea37269816f2e479a4371ca842eab613328ddbed00d029260f,Tests_passed,b8903ca16f6162ea37269816f2e479a4371ca842eab613328ddbed00d029260f,Tests_passed,b8903ca16f6162ea37269816f2e479a4371ca842eab613328ddbed00d029260f,Tests_passed,b8903ca16f6162ea37269816f2e479a4371ca842eab613328ddbed00d029260f,Tests_passed,b8903ca16f6162ea37269816f2e479a4371ca842eab613328ddbed00d029260f,Tests_passed,b8903ca16f6162ea37269816f2e479a4371ca842eab613328ddbed00d029260f,Tests_passed,b8903ca16f6162ea37269816f2e479a4371ca842eab613328ddbed00d029260f,Tests_passed,b8903ca16f6162ea37269816f2e479a4371ca842eab613328ddbed00d029260f,Tests_passed,b8903ca16f6162ea37269816f2e479a4371ca842eab613328ddbed00d029260f,Tests_passed,b8903ca16f6162ea37269816f2e479a4371ca842eab613328ddbed00d029260f,Tests_passed,51b0170faad2186d963b5ffa40794dbdfa3063912471594d88a869b81fe88546,Tests_passed,b8903ca16f6162ea37269816f2e479a4371ca842eab613328ddbed00d029260f
36,refs/heads/master,eca37e42a2b9072eebf09e4c400b0331189abb5b,bd157312d98336f263b3073a7d6342ddbf8e6ee8,6e8fe82d485b8b0563be7aa88e2bf0c5fb16b2bf,,True,True,08d1059f244f0cf690e6f73808808e8efd5ccaceb12426ef6970d5e2e8645c4d,Tests_passed,be50a72bedfdf43ea94965e20f947613e5188a81c18c4d4e27fab4947333e99f,Tests_passed,True,True,Tests_passed,b28e58b635cf2794c7e5f86ef6d970dc797de63cc50b06d8bd58b33f07dbfcc4,Tests_passed,b28e58b635cf2794c7e5f86ef6d970dc797de63cc50b06d8bd58b33f07dbfcc4,Tests_passed,b28e58b635cf2794c7e5f86ef6d970dc797de63cc50b06d8bd58b33f07dbfcc4,Tests_passed,b28e58b635cf2794c7e5f86ef6d970dc797de63cc50b06d8bd58b33f07dbfcc4,Tests_passed,b28e58b635cf2794c7e5f86ef6d970dc797de63cc50b06d8bd58b33f07dbfcc4,Tests_passed,b28e58b635cf2794c7e5f86ef6d970dc797de63cc50b06d8bd58b33f07dbfcc4,Tests_passed,b28e58b635cf2794c7e5f86ef6d970dc797de63cc50b06d8bd58b33f07dbfcc4,Tests_passed,b28e58b635cf2794c7e5f86ef6d970dc797de63cc50b06d8bd58b33f07dbfcc4,Tests_passed,b28e58b635cf2794c7e5f86ef6d970dc797de63cc50b06d8bd58b33f07dbfcc4,Tests_passed,b28e58b635cf2794c7e5f86ef6d970dc797de63cc50b06d8bd58b33f07dbfcc4,Tests_passed,b28e58b635cf2794c7e5f86ef6d970dc797de63cc50b06d8bd58b33f07dbfcc4,Tests_passed,b28e58b635cf2794c7e5f86ef6d970dc797de63cc50b06d8bd58b33f07dbfcc4,Tests_passed,4591e990b30c086c4424dc2eb95607ec21ef0e4398eb4cc909e0c42a1bd1557b,Tests_passed,b28e58b635cf2794c7e5f86ef6d970dc797de63cc50b06d8bd58b33f07dbfcc4
52,refs/heads/master,ac45b727dad1b6d1c67333d133603ab2c389d4b1,a1993dcef73a6e4ee2d988438b02718973995f5f,f1b70177494b2008d82d67b78f5877c641f10b78,,True,True,1047748447c14ecf61ec4ac4fc3b3179a7d093862d023ee7f47f93fb6cd68b3d,Tests_passed,4eda689e52cb856873cf0d56ca8ad2bd0c19fbb72a485a6c4e111f65f0e4b617,Tests_passed,True,True,Tests_passed,94b55a63e221c64ed631c632c67500a16a663ea91443e66ad450e5cb8771c817,Tests_passed,94b55a63e221c64ed631c632c67500a16a663ea91443e66ad450e5cb8771c817,Tests_passed,94b55a63e221c64ed631c632c67500a16a663ea91443e66ad450e5cb8771c817,Tests_passed,94b55a63e221c64ed631c632c67500a16a663ea91443e66ad450e5cb8771c817,Tests_passed,94b55a63e221c64ed631c632c67500a16a663ea91443e66ad450e5cb8771c817,Tests_passed,94b55a63e221c64ed631c632c67500a16a663ea91443e66ad450e5cb8771c817,Tests_passed,94b55a63e221c64ed631c632c67500a16a663ea91443e66ad450e5cb8771c817,Tests_passed,94b55a63e221c64ed631c632c67500a16a663ea91443e66ad450e5cb8771c817,Tests_passed,94b55a63e221c64ed631c632c67500a16a663ea91443e66ad450e5cb8771c817,Tests_passed,94b55a63e221c64ed631c632c67500a16a663ea91443e66ad450e5cb8771c817,Tests_passed,94b55a63e221c64ed631c632c67500a16a663ea91443e66ad450e5cb8771c817,Tests_passed,94b55a63e221c64ed631c632c67500a16a663ea91443e66ad450e5cb8771c817,Tests_passed,d0148b172a2058bc327ea9cea0970e5f1b809d941fc54402adc6cd5c29869f8e,Tests_passed,94b55a63e221c64ed631c632c67500a16a663ea91443e66ad450e5cb8771c817
57,refs/heads/master,5f56adc3323ceb1567eb813003ff9e39cdc80880,139b8e389134581a4f61bd5dff6370e9af4b89aa,775fc37651a809b3552fc264f011083883988e57,,True,True,9b48bb14b85f51c2ae38b5be19744363afb300e20e6895726ba14d82a407d45b,Tests_passed,688602dc133f8b66776e0e63330f9c5b1ba46fe31d98bb1ca5c5cc769675b47e,Tests_passed,True,True,Tests_passed,57690b0a3a75f9076d7006227b3fc0f43f6dd39841d210c9f86cb95eb947547f,Tests_passed,57690b0a3a75f9076d7006227b3fc0f43f6dd39841d210c9f86cb95eb947547f,Tests_passed,57690b0a3a75f9076d7006227b3fc0f43f6dd39841d210c9f86cb95eb947547f,Tests_passed,57690b0a3a75f9076d7006227b3fc0f43f6dd39841d210c9f86cb95eb947547f,Tests_passed,57690b0a3a75f9076d7006227b3fc0f43f6dd39841d210c9f86cb95eb947547f,Tests_passed,57690b0a3a75f9076d7006227b3fc0f43f6dd39841d210c9f86cb95eb947547f,Tests_passed,57690b0a3a75f9076d7006227b3fc0f43f6dd39841d210c9f86cb95eb947547f,Tests_passed,57690b0a3a75f9076d7006227b3fc0f43f6dd39841d210c9f86cb95eb947547f,Tests_passed,57690b0a3a75f9076d7006227b3fc0f43f6dd39841d210c9f86cb95eb947547f,Tests_passed,57690b0a3a75f9076d7006227b3fc0f43f6dd39841d210c9f86cb95eb947547f,Tests_passed,57690b0a3a75f9076d7006227b3fc0f43f6dd39841d210c9f86cb95eb947547f,Tests_passed,57690b0a3a75f9076d7006227b3fc0f43f6dd39841d210c9f86cb95eb947547f,Tests_passed,03bcbf240f06a516f12aebd6709f3d030c44674c51915cf5dd320100be31471a,Tests_passed,57690b0a3a75f9076d7006227b3fc0f43f6dd39841d210c9f86cb95eb947547f
66,refs/heads/master,de0c35aa77410a49b4ca905407322e0a19936fa7,39781882ff8a2fdd8e7a53d9c62a5d416b92e7a6,cc90a56d89d2acd4c4e4b8e00a60c8523ce96292,,True,True,4ae36f341899fe900912dc0611e7537eaf5c9b891136dce9a494baba7ff027f7,Tests_passed,604b5030173fc32204afe3dbe31c2f69decf627e219dbf72fa46f7677c3ea182,Tests_passed,True,True,Tests_passed,2e49b93f194739dcb6fa32fce09d842c7d175af5660f06dd3106134d529a71c4,Tests_passed,2e49b93f194739dcb6fa32fce09d842c7d175af5660f06dd3106134d529a71c4,Tests_passed,2e49b93f194739dcb6fa32fce09d842c7d175af5660f06dd3106134d529a71c4,Tests_passed,2e49b93f194739dcb6fa32fce09d842c7d175af5660f06dd3106134d529a71c4,Tests_passed,2e49b93f194739dcb6fa32fce09d842c7d175af5660f06dd3106134d529a71c4,Tests_passed,2e49b93f194739dcb6fa32fce09d842c7d175af5660f06dd3106134d529a71c4,Tests_passed,2e49b93f194739dcb6fa32fce09d842c7d175af5660f06dd3106134d529a71c4,Tests_passed,2e49b93f194739dcb6fa32fce09d842c7d175af5660f06dd3106134d529a71c4,Tests_passed,2e49b93f194739dcb6fa32fce09d842c7d175af5660f06dd3106134d529a71c4,Tests_passed,f87ad144d58d7fbbe44eab707fb6fe10a2986cb631a9185ed04a5f0e2cb2ddcf,Tests_passed,f87ad144d58d7fbbe44eab707fb6fe10a2986cb631a9185ed04a5f0e2cb2ddcf,Tests_passed,2e49b93f194739dcb6fa32fce09d842c7d175af5660f06dd3106134d529a71c4,Tests_passed,faedf8cfce4eee5aa6d1976d72a394c877f52cb6542c8df2a0e3d70cf2878d42,Tests_passed,2e49b93f194739dcb6fa32fce09d842c7d175af5660f06dd3106134d529a71c4
67,refs/heads/master,cc90a56d89d2acd4c4e4b8e00a60c8523ce96292,eb7d78d27fde72537660c40016da943f6b78ad3e,79efc861ec065845c216b7c60efc444fa99f4806,,True,True,c9382ce80207ce21c04a506f8db2865cf3f32281240a58f1ef95efebf46885cc,Tests_passed,42bdf4d5ceb32b4f8e948145bf3748ebf5c06857759b80b04d5fa91db728fea6,Tests_passed,True,True,Tests_passed,604b5030173fc32204afe3dbe31c2f69decf627e219dbf72fa46f7677c3ea182,Tests_passed,604b5030173fc32204afe3dbe31c2f69decf627e219dbf72fa46f7677c3ea182,Tests_passed,604b5030173fc32204afe3dbe31c2f69decf627e219dbf72fa46f7677c3ea182,Tests_passed,604b5030173fc32204afe3dbe31c2f69decf627e219dbf72fa46f7677c3ea182,Tests_passed,604b5030173fc32204afe3dbe31c2f69decf627e219dbf72fa46f7677c3ea182,Tests_passed,604b5030173fc32204afe3dbe31c2f69decf627e219dbf72fa46f7677c3ea182,Tests_passed,604b5030173fc32204afe3dbe31c2f69decf627e219dbf72fa46f7677c3ea182,Tests_passed,604b5030173fc32204afe3dbe31c2f69decf627e219dbf72fa46f7677c3ea182,Tests_passed,604b5030173fc32204afe3dbe31c2f69decf627e219dbf72fa46f7677c3ea182,Tests_passed,6b94d5078e5e1e8bbfc05224969a192fb0261fb6d712cdbac199bec22f9a5c85,Tests_passed,6b94d5078e5e1e8bbfc05224969a192fb0261fb6d712cdbac199bec22f9a5c85,Tests_passed,604b5030173fc32204afe3dbe31c2f69decf627e219dbf72fa46f7677c3ea182,Merge_failed,10a8823ae4f058dcef589a7a2c22c794fdd5f62940d0ca23980ef19703c7c168,Tests_passed,604b5030173fc32204afe3dbe31c2f69decf627e219dbf72fa46f7677c3ea182
68,refs/heads/master,eb7d78d27fde72537660c40016da943f6b78ad3e,95fd23c57132c0ae5dbf1b96a61b7d0249eafb83,6b9958a9357bfbf2cd8b6fbbcf2401f4d2aad3ad,,True,True,e0636b2ad86d7a65d5536a40b4b830be09cdc25841d18a58049398cfcaeacb95,Tests_passed,065158f699adda806e3b98eb87a8d5c1dbe6bc5c5d48423137c7f44752b05c07,Tests_passed,True,True,Tests_passed,c9382ce80207ce21c04a506f8db2865cf3f32281240a58f1ef95efebf46885cc,Tests_passed,c9382ce80207ce21c04a506f8db2865cf3f32281240a58f1ef95efebf46885cc,Tests_passed,c9382ce80207ce21c04a506f8db2865cf3f32281240a58f1ef95efebf46885cc,Tests_passed,c9382ce80207ce21c04a506f8db2865cf3f32281240a58f1ef95efebf46885cc,Tests_passed,c9382ce80207ce21c04a506f8db2865cf3f32281240a58f1ef95efebf46885cc,Tests_passed,c9382ce80207ce21c04a506f8db2865cf3f32281240a58f1ef95efebf46885cc,Tests_passed,c9382ce80207ce21c04a506f8db2865cf3f32281240a58f1ef95efebf46885cc,Tests_passed,c9382ce80207ce21c04a506f8db2865cf3f32281240a58f1ef95efebf46885cc,Tests_passed,c9382ce80207ce21c04a506f8db2865cf3f32281240a58f1ef95efebf46885cc,Tests_passed,c9382ce80207ce21c04a506f8db2865cf3f32281240a58f1ef95efebf46885cc,Tests_passed,c9382ce80207ce21c04a506f8db2865cf3f32281240a58f1ef95efebf46885cc,Tests_passed,c9382ce80207ce21c04a506f8db2865cf3f32281240a58f1ef95efebf46885cc,Tests_passed,a095fbf656117b58c71c41505846d8911b4715a185950d8b3d612c76f18e7b92,Tests_passed,c9382ce80207ce21c04a506f8db2865cf3f32281240a58f1ef95efebf46885cc
69,refs/heads/master,95fd23c57132c0ae5dbf1b96a61b7d0249eafb83,25fd30813e78a47ca9dc3fe27bcac45a355a2785,e3a903aa7b4a349f2b83b3b266738f9ffb46fb32,,True,True,7a6a68af50f228689fd454017d7cb3240f797991a0c6a7ee2ea84fc0275317ee,Tests_passed,1dcd708bf62445c42a6052428685df762fd1b5c0e2ac14cde7b864640833d643,Tests_passed,True,True,Tests_passed,e0636b2ad86d7a65d5536a40b4b830be09cdc25841d18a58049398cfcaeacb95,Tests_passed,e0636b2ad86d7a65d5536a40b4b830be09cdc25841d18a58049398cfcaeacb95,Tests_passed,e0636b2ad86d7a65d5536a40b4b830be09cdc25841d18a58049398cfcaeacb95,Tests_passed,e0636b2ad86d7a65d5536a40b4b830be09cdc25841d18a58049398cfcaeacb95,Tests_passed,e0636b2ad86d7a65d5536a40b4b830be09cdc25841d18a58049398cfcaeacb95,Tests_passed,e0636b2ad86d7a65d5536a40b4b830be09cdc25841d18a58049398cfcaeacb95,Tests_passed,e0636b2ad86d7a65d5536a40b4b830be09cdc25841d18a58049398cfcaeacb95,Tests_passed,e0636b2ad86d7a65d5536a40b4b830be09cdc25841d18a58049398cfcaeacb95,Tests_passed,e0636b2ad86d7a65d5536a40b4b830be09cdc25841d18a58049398cfcaeacb95,Tests_passed,8d632617f7a3c3bca9c0d39dcd4f87f84aa01d8f0dbadedd9d24281557c80dac,Tests_passed,8d632617f7a3c3bca9c0d39dcd4f87f84aa01d8f0dbadedd9d24281557c80dac,Tests_passed,e0636b2ad86d7a65d5536a40b4b830be09cdc25841d18a58049398cfcaeacb95,Tests_passed,565e9fb8404dabf59f8763eb2dc362cf17b831af5d0851e5b31afe96ecf1e053,Tests_passed,e0636b2ad86d7a65d5536a40b4b830be09cdc25841d18a58049398cfcaeacb95
73,refs/heads/master,6638127ca6723c62808d361ec020ef2b0706d430,74e0c970983cdb635319ea3be183870e8cd79af8,36075fee18d3fb865293259821a110ac437f97ad,,True,True,40553b4db83a38110426cdf34a51714814a9339d2e4ac6e012b9e0fdc49d81b1,Tests_passed,b48d07fe2ee60253f9b7035c6cd3be08c6a2d3d45298efdaec0b21cffee1c80b,Tests_passed,True,True,Tests_passed,40553b4db83a38110426cdf34a51714814a9339d2e4ac6e012b9e0fdc49d81b1,Tests_passed,40553b4db83a38110426cdf34a51714814a9339d2e4ac6e012b9e0fdc49d81b1,Tests_passed,40553b4db83a38110426cdf34a51714814a9339d2e4ac6e012b9e0fdc49d81b1,Tests_passed,40553b4db83a38110426cdf34a51714814a9339d2e4ac6e012b9e0fdc49d81b1,Tests_passed,40553b4db83a38110426cdf34a51714814a9339d2e4ac6e012b9e0fdc49d81b1,Tests_passed,40553b4db83a38110426cdf34a51714814a9339d2e4ac6e012b9e0fdc49d81b1,Tests_passed,40553b4db83a38110426cdf34a51714814a9339d2e4ac6e012b9e0fdc49d81b1,Merge_failed,275e6a511a85c96e269d61258bc5bd98b98367a7cf3b8743e3cba112ac9bb728,Tests_passed,40553b4db83a38110426cdf34a51714814a9339d2e4ac6e012b9e0fdc49d81b1,Tests_passed,40553b4db83a38110426cdf34a51714814a9339d2e4ac6e012b9e0fdc49d81b1,Tests_passed,40553b4db83a38110426cdf34a51714814a9339d2e4ac6e012b9e0fdc49d81b1,Merge_failed,e6ff72c06e8a976139bfd813e4c79f552e99f6e021a259bd269e9dd76e38de90,Tests_passed,e34c02b83ac438f0492af20f9157e45b056ba1ab7cd17a11894a83f3f8acf1b6,Tests_passed,40553b4db83a38110426cdf34a51714814a9339d2e4ac6e012b9e0fdc49d81b1
74,refs/heads/master,36075fee18d3fb865293259821a110ac437f97ad,1c3c21063346148dbcd73ae109e32188cc0cf561,7c5ea7ff1a75508189e791b48f31b9fdf5010b78,,True,True,0fb4a4b5f736fbc171400eced47da8d892bbb450e895321ee5f5581aaab42b9a,Tests_passed,d2efc75287597c44411214f4f9e284796738221390a91522217caed336523660,Tests_passed,True,True,Tests_passed,b48d07fe2ee60253f9b7035c6cd3be08c6a2d3d45298efdaec0b21cffee1c80b,Tests_passed,b48d07fe2ee60253f9b7035c6cd3be08c6a2d3d45298efdaec0b21cffee1c80b,Tests_passed,b48d07fe2ee60253f9b7035c6cd3be08c6a2d3d45298efdaec0b21cffee1c80b,Tests_passed,b48d07fe2ee60253f9b7035c6cd3be08c6a2d3d45298efdaec0b21cffee1c80b,Tests_passed,b48d07fe2ee60253f9b7035c6cd3be08c6a2d3d45298efdaec0b21cffee1c80b,Tests_passed,b48d07fe2ee60253f9b7035c6cd3be08c6a2d3d45298efdaec0b21cffee1c80b,Tests_passed,b48d07fe2ee60253f9b7035c6cd3be08c6a2d3d45298efdaec0b21cffee1c80b,Tests_passed,b48d07fe2ee60253f9b7035c6cd3be08c6a2d3d45298efdaec0b21cffee1c80b,Tests_passed,b48d07fe2ee60253f9b7035c6cd3be08c6a2d3d45298efdaec0b21cffee1c80b,Tests_passed,4140fbde49141fc60d887976c48f7c2aed1ef85da0f33e20af56a8d7a6a5b58d,Tests_passed,4140fbde49141fc60d887976c48f7c2aed1ef85da0f33e20af56a8d7a6a5b58d,Tests_passed,b48d07fe2ee60253f9b7035c6cd3be08c6a2d3d45298efdaec0b21cffee1c80b,Tests_passed,daacde009ec287c058f946d05c333b83e51d50112c0a5686e26c710927a7e9ba,Tests_passed,b48d07fe2ee60253f9b7035c6cd3be08c6a2d3d45298efdaec0b21cffee1c80b
75,refs/heads/master,9f215d83dc530865975cef836cdc9449061d1199,f4b0d28dedefbd89a55b934bdeb9fe13ffe6b15e,1c3c21063346148dbcd73ae109e32188cc0cf561,,True,True,c2131312519a5d05f6ca2634a8afdaeb8686d859b05f37d69ac9c38f85d41489,Tests_passed,0fb4a4b5f736fbc171400eced47da8d892bbb450e895321ee5f5581aaab42b9a,Tests_passed,True,True,Tests_passed,7540514e332d7b2dd871ac583e575d0092d1bbdf76c7cb4e9e021d3f962ff998,Tests_passed,7540514e332d7b2dd871ac583e575d0092d1bbdf76c7cb4e9e021d3f962ff998,Tests_passed,7540514e332d7b2dd871ac583e575d0092d1bbdf76c7cb4e9e021d3f962ff998,Tests_passed,7540514e332d7b2dd871ac583e575d0092d1bbdf76c7cb4e9e021d3f962ff998,Tests_passed,7540514e332d7b2dd871ac583e575d0092d1bbdf76c7cb4e9e021d3f962ff998,Tests_passed,7540514e332d7b2dd871ac583e575d0092d1bbdf76c7cb4e9e021d3f962ff998,Tests_passed,7540514e332d7b2dd871ac583e575d0092d1bbdf76c7cb4e9e021d3f962ff998,Tests_passed,7540514e332d7b2dd871ac583e575d0092d1bbdf76c7cb4e9e021d3f962ff998,Tests_passed,7540514e332d7b2dd871ac583e575d0092d1bbdf76c7cb4e9e021d3f962ff998,Tests_passed,af09b6652b34f5cbb339c9bda028494f99b830c9f1bd84d6a8bd6a0002ba15d3,Tests_passed,af09b6652b34f5cbb339c9bda028494f99b830c9f1bd84d6a8bd6a0002ba15d3,Tests_passed,7540514e332d7b2dd871ac583e575d0092d1bbdf76c7cb4e9e021d3f962ff998,Tests_passed,bc648ce8928bff414899c4c9afaadf5efd544a5f17645ffd11758d77e2487378,Tests_passed,7540514e332d7b2dd871ac583e575d0092d1bbdf76c7cb4e9e021d3f962ff998
86,refs/heads/master,e0cb58939eeb4abc8125658fec7febc6e461cc0d,88668d644481b796b2ff470e3dae6eb31b84d357,15aac5a9b0d379d81eb3fc871755d0e623b658fe,,True,True,2419772459ec36dc48e0566bee24c6561762ffc12d5c06a58d9f8933a27dc343,Tests_passed,c221384370b35a924edb78b1b20d29f302a917b0e06136d36fad32c153a5ca24,Tests_passed,True,True,Tests_passed,836d52d24301ab4a48e5b002e69f14eac277651373310425ed7cd660f33e5467,Tests_passed,836d52d24301ab4a48e5b002e69f14eac277651373310425ed7cd660f33e5467,Tests_passed,836d52d24301ab4a48e5b002e69f14eac277651373310425ed7cd660f33e5467,Tests_passed,836d52d24301ab4a48e5b002e69f14eac277651373310425ed7cd660f33e5467,Tests_passed,836d52d24301ab4a48e5b002e69f14eac277651373310425ed7cd660f33e5467,Tests_passed,836d52d24301ab4a48e5b002e69f14eac277651373310425ed7cd660f33e5467,Tests_passed,836d52d24301ab4a48e5b002e69f14eac277651373310425ed7cd660f33e5467,Tests_passed,836d52d24301ab4a48e5b002e69f14eac277651373310425ed7cd660f33e5467,Tests_passed,836d52d24301ab4a48e5b002e69f14eac277651373310425ed7cd660f33e5467,Tests_failed,d7006a2594d632a64ab9c3b529d24df284a0b9321f151460d83aef2ba08a45c2,Tests_failed,d7006a2594d632a64ab9c3b529d24df284a0b9321f151460d83aef2ba08a45c2,Tests_passed,836d52d24301ab4a48e5b002e69f14eac277651373310425ed7cd660f33e5467,Tests_passed,c7fab450b0ff2a95a2ddc2f1e89bf960aa84bf0fb77e1356aaee78e8b07062c2,Tests_passed,836d52d24301ab4a48e5b002e69f14eac277651373310425ed7cd660f33e5467
87,refs/heads/master,88f4219edb8377e6c7e95a7b7799d0746bf04695,8242b37d8217f9dd3be9b647e6e0b8ca81af92f0,c4f9b1280d1c50b3c63b3b56a9bf042a73ebabbb,,True,True,12fd4ecc76b34ecdfbed143926321c712c9d1371c8506f3a2101fc0f7c39a63b,Tests_passed,5b735dbef5a4b0f4a7aa8d4071d7d954f1255c28752b9580882d46f78262ff78,Tests_passed,True,True,Tests_passed,515894a9dd27f8a8cf2e51752d4880e5e7b6a8296a408e5e7bc538afa6b0e935,Tests_passed,515894a9dd27f8a8cf2e51752d4880e5e7b6a8296a408e5e7bc538afa6b0e935,Tests_passed,515894a9dd27f8a8cf2e51752d4880e5e7b6a8296a408e5e7bc538afa6b0e935,Tests_passed,515894a9dd27f8a8cf2e51752d4880e5e7b6a8296a408e5e7bc538afa6b0e935,Tests_passed,515894a9dd27f8a8cf2e51752d4880e5e7b6a8296a408e5e7bc538afa6b0e935,Tests_passed,515894a9dd27f8a8cf2e51752d4880e5e7b6a8296a408e5e7bc538afa6b0e935,Tests_passed,515894a9dd27f8a8cf2e51752d4880e5e7b6a8296a408e5e7bc538afa6b0e935,Tests_passed,515894a9dd27f8a8cf2e51752d4880e5e7b6a8296a408e5e7bc538afa6b0e935,Tests_passed,515894a9dd27f8a8cf2e51752d4880e5e7b6a8296a408e5e7bc538afa6b0e935,Tests_passed,515894a9dd27f8a8cf2e51752d4880e5e7b6a8296a408e5e7bc538afa6b0e935,Tests_passed,515894a9dd27f8a8cf2e51752d4880e5e7b6a8296a408e5e7bc538afa6b0e935,Tests_passed,515894a9dd27f8a8cf2e51752d4880e5e7b6a8296a408e5e7bc538afa6b0e935,Tests_passed,c66eb616ed43e1473442de7417d369ab2340d0323254765ea1defb864f26b4a6,Tests_passed,515894a9dd27f8a8cf2e51752d4880e5e7b6a8296a408e5e7bc538afa6b0e935
98,refs/heads/master,632df268def938afed21e25c7f2474011df5aaf1,b9728ccb66fbf98bab937368b6cda00ba1674dd9,3f1cbf7523f876bb2f27c2010fc05bfcd96be2bd,,True,True,e5969fbbbf63b8e12ef49d506cb73755cc5095a51d9a3a6bef63242b93a930c1,Tests_passed,dd48f6ad4b20a2c97b0857273d2222dbb1e1f3fee14c452255fd704f40076f84,Tests_passed,True,True,Tests_passed,16f3bc202c9edc5a70b34d6ffc8ad97624d961355ee3a69ca5ecf01e760c5e3a,Tests_passed,16f3bc202c9edc5a70b34d6ffc8ad97624d961355ee3a69ca5ecf01e760c5e3a,Tests_passed,16f3bc202c9edc5a70b34d6ffc8ad97624d961355ee3a69ca5ecf01e760c5e3a,Tests_passed,16f3bc202c9edc5a70b34d6ffc8ad97624d961355ee3a69ca5ecf01e760c5e3a,Tests_passed,16f3bc202c9edc5a70b34d6ffc8ad97624d961355ee3a69ca5ecf01e760c5e3a,Tests_passed,16f3bc202c9edc5a70b34d6ffc8ad97624d961355ee3a69ca5ecf01e760c5e3a,Tests_passed,16f3bc202c9edc5a70b34d6ffc8ad97624d961355ee3a69ca5ecf01e760c5e3a,Tests_passed,16f3bc202c9edc5a70b34d6ffc8ad97624d961355ee3a69ca5ecf01e760c5e3a,Tests_passed,16f3bc202c9edc5a70b34d6ffc8ad97624d961355ee3a69ca5ecf01e760c5e3a,Tests_passed,16f3bc202c9edc5a70b34d6ffc8ad97624d961355ee3a69ca5ecf01e760c5e3a,Tests_passed,16f3bc202c9edc5a70b34d6ffc8ad97624d961355ee3a69ca5ecf01e760c5e3a,Tests_passed,16f3bc202c9edc5a70b34d6ffc8ad97624d961355ee3a69ca5ecf01e760c5e3a,Tests_passed,b02364548e85adbd8ec7fd90a8f6930df9f3fc4597eafa7aaecd48d1c1e597fd,Tests_failed,48b9096d13550a4ab94ac341539708a9218a08331f07df2efb2d498cb3826465
106,refs/heads/master,b12a2ec605c91ec87664dfc6ad459c36986eb4c4,630a579eecbc6aa3d4431c41f4ce1fdfcd76d9f2,827023d20a81ec6a3bd2bb043121e2632d304782,,True,True,7e9a9716b33566bf52e973d07cb3808046dce964ccb17a2a9ca975309053fbc1,Tests_passed,bf570209061312a4529ed7b289fe0b5a48bf544697446e11841c83649a9100f5,Tests_passed,True,True,Tests_passed,40e3bbc7b27233ee677634ad4feb0ef9eb9a065731df6051dbf559ebb9aee99e,Tests_passed,40e3bbc7b27233ee677634ad4feb0ef9eb9a065731df6051dbf559ebb9aee99e,Tests_passed,40e3bbc7b27233ee677634ad4feb0ef9eb9a065731df6051dbf559ebb9aee99e,Tests_passed,40e3bbc7b27233ee677634ad4feb0ef9eb9a065731df6051dbf559ebb9aee99e,Tests_passed,40e3bbc7b27233ee677634ad4feb0ef9eb9a065731df6051dbf559ebb9aee99e,Tests_passed,40e3bbc7b27233ee677634ad4feb0ef9eb9a065731df6051dbf559ebb9aee99e,Tests_passed,40e3bbc7b27233ee677634ad4feb0ef9eb9a065731df6051dbf559ebb9aee99e,Tests_passed,40e3bbc7b27233ee677634ad4feb0ef9eb9a065731df6051dbf559ebb9aee99e,Tests_passed,40e3bbc7b27233ee677634ad4feb0ef9eb9a065731df6051dbf559ebb9aee99e,Tests_passed,40e3bbc7b27233ee677634ad4feb0ef9eb9a065731df6051dbf559ebb9aee99e,Tests_passed,40e3bbc7b27233ee677634ad4feb0ef9eb9a065731df6051dbf559ebb9aee99e,Tests_passed,40e3bbc7b27233ee677634ad4feb0ef9eb9a065731df6051dbf559ebb9aee99e,Tests_passed,8b3d8cb99a361344125a22d84153650eb585843098cf905a40638e9776bbc537,Tests_passed,40e3bbc7b27233ee677634ad4feb0ef9eb9a065731df6051dbf559ebb9aee99e
107,refs/heads/master,630a579eecbc6aa3d4431c41f4ce1fdfcd76d9f2,bb631fefb6f22babb78042f9607abeac56f79228,de911d82814e7cecb6c7e63ee8826ae4f997e7d9,,True,True,d9d6383cfd43fa17bfc1d412bd6568b900af356e8dc742a3182853fe905f59d7,Tests_passed,da6795abc989cf69d2dc1470f4cc3b48e180214ab108f6ef8954328c6296765a,Tests_passed,True,True,Tests_passed,7e9a9716b33566bf52e973d07cb3808046dce964ccb17a2a9ca975309053fbc1,Tests_passed,7e9a9716b33566bf52e973d07cb3808046dce964ccb17a2a9ca975309053fbc1,Tests_passed,7e9a9716b33566bf52e973d07cb3808046dce964ccb17a2a9ca975309053fbc1,Tests_passed,7e9a9716b33566bf52e973d07cb3808046dce964ccb17a2a9ca975309053fbc1,Tests_passed,7e9a9716b33566bf52e973d07cb3808046dce964ccb17a2a9ca975309053fbc1,Tests_passed,7e9a9716b33566bf52e973d07cb3808046dce964ccb17a2a9ca975309053fbc1,Tests_passed,7e9a9716b33566bf52e973d07cb3808046dce964ccb17a2a9ca975309053fbc1,Tests_passed,7e9a9716b33566bf52e973d07cb3808046dce964ccb17a2a9ca975309053fbc1,Tests_passed,7e9a9716b33566bf52e973d07cb3808046dce964ccb17a2a9ca975309053fbc1,Tests_passed,7e9a9716b33566bf52e973d07cb3808046dce964ccb17a2a9ca975309053fbc1,Tests_passed,7e9a9716b33566bf52e973d07cb3808046dce964ccb17a2a9ca975309053fbc1,Tests_passed,7e9a9716b33566bf52e973d07cb3808046dce964ccb17a2a9ca975309053fbc1,Tests_passed,bd9569b5819e82102bbd9680a6b8f52134b4cff9e4ed08916483cfe5735c81b7,Tests_passed,7e9a9716b33566bf52e973d07cb3808046dce964ccb17a2a9ca975309053fbc1
116,refs/heads/master,661ccf52359dc487b3d867750a650efec4699a7d,14e6f7bdf9c361a948bb4ce46166c4d05db1daed,12e0e5ff0ccb875db4997fa1685f266192be28b7,,True,True,711e90b0585adeab7f531f7c654cf5eb2716085d53674e04581466b4c8ae79a6,Tests_passed,dc0c81c190166e6f371bea0ddc9e9c9b51455d8ea46368ec6d53e9ac76a87cac,Tests_passed,True,True,Tests_passed,8d12e187263b3e01949199dd4354eaee4678899404ccd7429bf78a6b15f05200,Tests_passed,8d12e187263b3e01949199dd4354eaee4678899404ccd7429bf78a6b15f05200,Tests_passed,8d12e187263b3e01949199dd4354eaee4678899404ccd7429bf78a6b15f05200,Tests_passed,8d12e187263b3e01949199dd4354eaee4678899404ccd7429bf78a6b15f05200,Tests_passed,8d12e187263b3e01949199dd4354eaee4678899404ccd7429bf78a6b15f05200,Tests_passed,8d12e187263b3e01949199dd4354eaee4678899404ccd7429bf78a6b15f05200,Tests_passed,8d12e187263b3e01949199dd4354eaee4678899404ccd7429bf78a6b15f05200,Tests_passed,8d12e187263b3e01949199dd4354eaee4678899404ccd7429bf78a6b15f05200,Tests_passed,8d12e187263b3e01949199dd4354eaee4678899404ccd7429bf78a6b15f05200,Tests_passed,b05da8c0f678ab0392f32fc73de47c403fb857f3c9364f6b722273769136c270,Tests_passed,b05da8c0f678ab0392f32fc73de47c403fb857f3c9364f6b722273769136c270,Tests_passed,8d12e187263b3e01949199dd4354eaee4678899404ccd7429bf78a6b15f05200,Tests_passed,303c13bb73b13475e5d0077bef1011ebb3044c6a6ba3ed811775f7ccf8574b9e,Tests_passed,8d12e187263b3e01949199dd4354eaee4678899404ccd7429bf78a6b15f05200
117,refs/heads/master,14e6f7bdf9c361a948bb4ce46166c4d05db1daed,7428961e5834ecbd7b81c93fba2cd68aa329d5f5,2773bbd014df856215bf8a9e1512ade9ec99c0a9,,True,True,447794d5a40a553819c431aa4bd088c58e6d3935668c0f78424cc677dd541ae1,Tests_passed,fda1d1f2a7ff9f4f010343838896466939f2579115bcd7565c7e570d87e03887,Tests_passed,True,True,Tests_passed,711e90b0585adeab7f531f7c654cf5eb2716085d53674e04581466b4c8ae79a6,Tests_passed,711e90b0585adeab7f531f7c654cf5eb2716085d53674e04581466b4c8ae79a6,Tests_passed,711e90b0585adeab7f531f7c654cf5eb2716085d53674e04581466b4c8ae79a6,Tests_passed,711e90b0585adeab7f531f7c654cf5eb2716085d53674e04581466b4c8ae79a6,Tests_passed,711e90b0585adeab7f531f7c654cf5eb2716085d53674e04581466b4c8ae79a6,Tests_passed,711e90b0585adeab7f531f7c654cf5eb2716085d53674e04581466b4c8ae79a6,Tests_passed,711e90b0585adeab7f531f7c654cf5eb2716085d53674e04581466b4c8ae79a6,Tests_passed,711e90b0585adeab7f531f7c654cf5eb2716085d53674e04581466b4c8ae79a6,Tests_passed,711e90b0585adeab7f531f7c654cf5eb2716085d53674e04581466b4c8ae79a6,Tests_passed,711e90b0585adeab7f531f7c654cf5eb2716085d53674e04581466b4c8ae79a6,Tests_passed,711e90b0585adeab7f531f7c654cf5eb2716085d53674e04581466b4c8ae79a6,Tests_passed,711e90b0585adeab7f531f7c654cf5eb2716085d53674e04581466b4c8ae79a6,Tests_failed,b014c64c87d09b9167ba5ef7599f71dbdc816fbbb609ff454b44fc3ece1b0db5,Tests_passed,711e90b0585adeab7f531f7c654cf5eb2716085d53674e04581466b4c8ae79a6
118,refs/heads/master,7428961e5834ecbd7b81c93fba2cd68aa329d5f5,a8210d1e8f4e4c7ba8cd83aa66acd47a6ad272ab,0c31ae5919e2d8af0373bd0530635a2bf3d3c3e2,,True,True,dd89215d913d149b8372fa51aaf3b42363258d724cec66b3379464663a3bdb68,Tests_passed,71a25169355b568b4473bb22a4c8e624f67ec352b10948529afbe5cf26092b04,Tests_passed,True,True,Tests_passed,447794d5a40a553819c431aa4bd088c58e6d3935668c0f78424cc677dd541ae1,Tests_passed,447794d5a40a553819c431aa4bd088c58e6d3935668c0f78424cc677dd541ae1,Tests_passed,447794d5a40a553819c431aa4bd088c58e6d3935668c0f78424cc677dd541ae1,Tests_passed,447794d5a40a553819c431aa4bd088c58e6d3935668c0f78424cc677dd541ae1,Tests_passed,447794d5a40a553819c431aa4bd088c58e6d3935668c0f78424cc677dd541ae1,Tests_passed,447794d5a40a553819c431aa4bd088c58e6d3935668c0f78424cc677dd541ae1,Tests_passed,447794d5a40a553819c431aa4bd088c58e6d3935668c0f78424cc677dd541ae1,Tests_passed,447794d5a40a553819c431aa4bd088c58e6d3935668c0f78424cc677dd541ae1,Tests_passed,447794d5a40a553819c431aa4bd088c58e6d3935668c0f78424cc677dd541ae1,Tests_passed,447794d5a40a553819c431aa4bd088c58e6d3935668c0f78424cc677dd541ae1,Tests_passed,447794d5a40a553819c431aa4bd088c58e6d3935668c0f78424cc677dd541ae1,Tests_passed,447794d5a40a553819c431aa4bd088c58e6d3935668c0f78424cc677dd541ae1,Tests_passed,d51c356f2c45c26d7b810722f909cb596e114d96ba13561eb719e091810b6310,Tests_passed,447794d5a40a553819c431aa4bd088c58e6d3935668c0f78424cc677dd541ae1
157,refs/heads/master,7fba2ff9304fb86e9d0a57502da87142f1c8be49,57231ff3960e4b8c33759c2ae12e8a2d8b67b324,172998ba6898cdac3e99f8e1832679ef1163cc64,,True,True,7d9f73ee5d428b4b8d8aecb19d8edfdcf4e6751b20fa80f8e4927a121a59f512,Tests_passed,8d0f20ee362609de29008c95deec7b8122cfe18cf56488faf900da1c5df64b8b,Tests_passed,True,True,Tests_passed,0b04d5f5fef245f4b489a6272915528bad757c78f75eca79fd892f73ca51161e,Tests_passed,0b04d5f5fef245f4b489a6272915528bad757c78f75eca79fd892f73ca51161e,Tests_passed,0b04d5f5fef245f4b489a6272915528bad757c78f75eca79fd892f73ca51161e,Tests_passed,0b04d5f5fef245f4b489a6272915528bad757c78f75eca79fd892f73ca51161e,Tests_passed,0b04d5f5fef245f4b489a6272915528bad757c78f75eca79fd892f73ca51161e,Tests_passed,0b04d5f5fef245f4b489a6272915528bad757c78f75eca79fd892f73ca51161e,Tests_passed,0b04d5f5fef245f4b489a6272915528bad757c78f75eca79fd892f73ca51161e,Tests_passed,0b04d5f5fef245f4b489a6272915528bad757c78f75eca79fd892f73ca51161e,Tests_passed,0b04d5f5fef245f4b489a6272915528bad757c78f75eca79fd892f73ca51161e,Tests_passed,0b04d5f5fef245f4b489a6272915528bad757c78f75eca79fd892f73ca51161e,Tests_passed,0b04d5f5fef245f4b489a6272915528bad757c78f75eca79fd892f73ca51161e,Tests_passed,0b04d5f5fef245f4b489a6272915528bad757c78f75eca79fd892f73ca51161e,Tests_passed,82ae495d0b7afdaf00481c5534ffcc6518f96d31c62b51a30e4ccdc1ccc726bc,Tests_passed,0b04d5f5fef245f4b489a6272915528bad757c78f75eca79fd892f73ca51161e
164,refs/heads/master,08a7a04b55d1f2d92c22a2503c6c2c5de967a5b8,dcfa15ca5d90a20b387ee9b41630b9f71f581a07,56be3597e139bc666ff01f865853fd118fb0dd05,,True,True,9f572ebefbc8dbcd5d7eb26c031401134ebb5c7b04e342911089487bc196049e,Tests_passed,3467748b25c00cedea3f4aa2c618775d9ddc131d6b4d44acd420f51077642303,Tests_passed,True,True,Tests_passed,a2c42ef65822af1fcc0ead2167db6ce7f6c422d33779867234a5d8eb68ab293c,Tests_passed,a2c42ef65822af1fcc0ead2167db6ce7f6c422d33779867234a5d8eb68ab293c,Tests_passed,a2c42ef65822af1fcc0ead2167db6ce7f6c422d33779867234a5d8eb68ab293c,Tests_passed,a2c42ef65822af1fcc0ead2167db6ce7f6c422d33779867234a5d8eb68ab293c,Tests_passed,a2c42ef65822af1fcc0ead2167db6ce7f6c422d33779867234a5d8eb68ab293c,Tests_passed,a2c42ef65822af1fcc0ead2167db6ce7f6c422d33779867234a5d8eb68ab293c,Tests_passed,a2c42ef65822af1fcc0ead2167db6ce7f6c422d33779867234a5d8eb68ab293c,Tests_passed,a2c42ef65822af1fcc0ead2167db6ce7f6c422d33779867234a5d8eb68ab293c,Tests_passed,a2c42ef65822af1fcc0ead2167db6ce7f6c422d33779867234a5d8eb68ab293c,Tests_passed,a2c42ef65822af1fcc0ead2167db6ce7f6c422d33779867234a5d8eb68ab293c,Tests_passed,a2c42ef65822af1fcc0ead2167db6ce7f6c422d33779867234a5d8eb68ab293c,Tests_passed,a2c42ef65822af1fcc0ead2167db6ce7f6c422d33779867234a5d8eb68ab293c,Tests_passed,c22cb9084daa1303da98d1d3cbb1c814007fa97d1b86da0ac68961f885488750,Tests_passed,a2c42ef65822af1fcc0ead2167db6ce7f6c422d33779867234a5d8eb68ab293c
165,refs/heads/master,dcfa15ca5d90a20b387ee9b41630b9f71f581a07,955955d8ef0a67fcb7b362128b7c7581f2f97642,96d412b33f8e7a26d4a482ba005f2a29ddcb02d9,,True,True,b9a852b4e9f0d076d429107e20d703ddd7bacd3a807816d0396768d5e60bd675,Tests_passed,9da72284c24f72d326076325970f5372a6d1431dbeda05cb94d41614b1c17a0a,Tests_passed,True,True,Tests_passed,9f572ebefbc8dbcd5d7eb26c031401134ebb5c7b04e342911089487bc196049e,Tests_passed,9f572ebefbc8dbcd5d7eb26c031401134ebb5c7b04e342911089487bc196049e,Tests_passed,9f572ebefbc8dbcd5d7eb26c031401134ebb5c7b04e342911089487bc196049e,Tests_passed,9f572ebefbc8dbcd5d7eb26c031401134ebb5c7b04e342911089487bc196049e,Tests_passed,9f572ebefbc8dbcd5d7eb26c031401134ebb5c7b04e342911089487bc196049e,Tests_passed,9f572ebefbc8dbcd5d7eb26c031401134ebb5c7b04e342911089487bc196049e,Tests_passed,9f572ebefbc8dbcd5d7eb26c031401134ebb5c7b04e342911089487bc196049e,Tests_passed,9f572ebefbc8dbcd5d7eb26c031401134ebb5c7b04e342911089487bc196049e,Tests_passed,9f572ebefbc8dbcd5d7eb26c031401134ebb5c7b04e342911089487bc196049e,Tests_passed,9f572ebefbc8dbcd5d7eb26c031401134ebb5c7b04e342911089487bc196049e,Tests_passed,9f572ebefbc8dbcd5d7eb26c031401134ebb5c7b04e342911089487bc196049e,Tests_passed,9f572ebefbc8dbcd5d7eb26c031401134ebb5c7b04e342911089487bc196049e,Tests_passed,d106c2674e2836ebd4ed2b4c7ac8abdfd4d47717b77900aa27f856e0d8079cec,Tests_passed,9f572ebefbc8dbcd5d7eb26c031401134ebb5c7b04e342911089487bc196049e
179,refs/heads/master,fb8d11dc96ced05f7708adfb93a1680b73e10d57,073767a02d41c8a1cdf57aab0a34b29507ac18bc,80f9d547f1fb1877d8a03dfc73944b57a31fb6f5,,True,True,ec62f930c39cef2e14bed5fe1c01fc16b7a8b43ad8ba9e7159d66c7ba03153aa,Tests_passed,c48b5062128a559360ddb8b90e2cc6cdc59f6647ad3e9b27df1a1beeff33d1dd,Tests_passed,True,True,Tests_passed,b8a4e81db5445f90de19928bf0e6897024a738a68362a56cc63df872c9e438e4,Tests_passed,b8a4e81db5445f90de19928bf0e6897024a738a68362a56cc63df872c9e438e4,Tests_passed,b8a4e81db5445f90de19928bf0e6897024a738a68362a56cc63df872c9e438e4,Tests_passed,b8a4e81db5445f90de19928bf0e6897024a738a68362a56cc63df872c9e438e4,Tests_passed,b8a4e81db5445f90de19928bf0e6897024a738a68362a56cc63df872c9e438e4,Tests_passed,b8a4e81db5445f90de19928bf0e6897024a738a68362a56cc63df872c9e438e4,Tests_passed,b8a4e81db5445f90de19928bf0e6897024a738a68362a56cc63df872c9e438e4,Tests_passed,b8a4e81db5445f90de19928bf0e6897024a738a68362a56cc63df872c9e438e4,Tests_passed,b8a4e81db5445f90de19928bf0e6897024a738a68362a56cc63df872c9e438e4,Tests_failed,0050ff8bf75136e1694d8282a101358945d98d2cb00359e7c92c5025ea44a9b1,Tests_failed,0050ff8bf75136e1694d8282a101358945d98d2cb00359e7c92c5025ea44a9b1,Tests_passed,b8a4e81db5445f90de19928bf0e6897024a738a68362a56cc63df872c9e438e4,Tests_passed,c3a24b2754743c8b30389e7876f30f71e2b5d21a860f8b095d8674ae9ad2320b,Tests_passed,b8a4e81db5445f90de19928bf0e6897024a738a68362a56cc63df872c9e438e4
184,refs/heads/master,4eb44e2b5b7e507067a26b6bea37e45cdfdfe785,bd42d0d970045962776e73906fd79ba38a5cd86b,15b06aee792c27382ec88238b27a730ba075c4f6,,True,True,a6c82be3e62fb0be367c6be0b02d2860e36996317591f37483aba904dd088449,Tests_passed,50581af279a67359414d77ce185886b24f6f4d8f063a93d02e38720fbbc99965,Tests_passed,True,True,Tests_passed,7344246bad8c930097a44effdba1b6db0b6ee1210c87ca8da818f661479d7866,Tests_passed,7344246bad8c930097a44effdba1b6db0b6ee1210c87ca8da818f661479d7866,Tests_passed,7344246bad8c930097a44effdba1b6db0b6ee1210c87ca8da818f661479d7866,Tests_passed,7344246bad8c930097a44effdba1b6db0b6ee1210c87ca8da818f661479d7866,Tests_passed,7344246bad8c930097a44effdba1b6db0b6ee1210c87ca8da818f661479d7866,Tests_passed,7344246bad8c930097a44effdba1b6db0b6ee1210c87ca8da818f661479d7866,Tests_passed,7344246bad8c930097a44effdba1b6db0b6ee1210c87ca8da818f661479d7866,Tests_passed,7344246bad8c930097a44effdba1b6db0b6ee1210c87ca8da818f661479d7866,Tests_passed,7344246bad8c930097a44effdba1b6db0b6ee1210c87ca8da818f661479d7866,Tests_passed,7344246bad8c930097a44effdba1b6db0b6ee1210c87ca8da818f661479d7866,Tests_passed,7344246bad8c930097a44effdba1b6db0b6ee1210c87ca8da818f661479d7866,Tests_passed,7344246bad8c930097a44effdba1b6db0b6ee1210c87ca8da818f661479d7866,Tests_passed,167b3f78dc0932a2cfd06dd6f6134750bb935f9920ff21d16e81f8f9df7d9dee,Tests_passed,7344246bad8c930097a44effdba1b6db0b6ee1210c87ca8da818f661479d7866
198,refs/heads/master,1824f23eb0ae1fafaa380fb0617897f0f6956faa,a6e9f171471f6769bf3fb03a9a5f02c79ffb9ce9,523501d3e3b2a6ab6df55cde361a09699acdc157,,True,True,4a4812754924bf494b8209547a653b9abae8df3daa210e85098cbefe4fb03529,Tests_passed,06819a48bfe61f1c3d00d4097a2af32cf383ac737cc7ee795fdd1edf7b64b762,Tests_passed,True,True,Tests_passed,9e92207c19f71c7b0692c852d805156e525bba82ecd80601165f91fd18e07992,Tests_passed,9e92207c19f71c7b0692c852d805156e525bba82ecd80601165f91fd18e07992,Tests_passed,9e92207c19f71c7b0692c852d805156e525bba82ecd80601165f91fd18e07992,Tests_passed,9e92207c19f71c7b0692c852d805156e525bba82ecd80601165f91fd18e07992,Tests_passed,9e92207c19f71c7b0692c852d805156e525bba82ecd80601165f91fd18e07992,Tests_passed,9e92207c19f71c7b0692c852d805156e525bba82ecd80601165f91fd18e07992,Tests_passed,9e92207c19f71c7b0692c852d805156e525bba82ecd80601165f91fd18e07992,Tests_passed,9e92207c19f71c7b0692c852d805156e525bba82ecd80601165f91fd18e07992,Tests_passed,9e92207c19f71c7b0692c852d805156e525bba82ecd80601165f91fd18e07992,Tests_passed,9e92207c19f71c7b0692c852d805156e525bba82ecd80601165f91fd18e07992,Tests_passed,9e92207c19f71c7b0692c852d805156e525bba82ecd80601165f91fd18e07992,Tests_passed,9e92207c19f71c7b0692c852d805156e525bba82ecd80601165f91fd18e07992,Tests_passed,40c7a5a465a652a3c7b5c869481b1703629ff578ebe5066bc29734e8d99ad01b,Tests_passed,9e92207c19f71c7b0692c852d805156e525bba82ecd80601165f91fd18e07992
214,refs/heads/master,004befbe2858a8f8dc60c40964b219dc0709a86a,9825c8017e9282727e3f4837213fa48d5dc3adef,b723f17e2b74a31f32f486707488956c6ad247ad,,True,True,01d1fd0b1c9a64c29d54c5594131c3b400c4088f0a6f387342b6c527c62ebd31,Tests_passed,58411344a06c9c187690c5c1d093f1a3a6ac2a86df27d8b98c77c8c851003f6a,Tests_passed,True,True,Tests_passed,d9501f50e5344ae77ca821ffc7d2a266bf1705e28e54d010a9d0ad124f5b4021,Tests_passed,d9501f50e5344ae77ca821ffc7d2a266bf1705e28e54d010a9d0ad124f5b4021,Tests_passed,d9501f50e5344ae77ca821ffc7d2a266bf1705e28e54d010a9d0ad124f5b4021,Tests_passed,d9501f50e5344ae77ca821ffc7d2a266bf1705e28e54d010a9d0ad124f5b4021,Tests_passed,d9501f50e5344ae77ca821ffc7d2a266bf1705e28e54d010a9d0ad124f5b4021,Tests_passed,d9501f50e5344ae77ca821ffc7d2a266bf1705e28e54d010a9d0ad124f5b4021,Tests_passed,d9501f50e5344ae77ca821ffc7d2a266bf1705e28e54d010a9d0ad124f5b4021,Tests_passed,d9501f50e5344ae77ca821ffc7d2a266bf1705e28e54d010a9d0ad124f5b4021,Tests_passed,d9501f50e5344ae77ca821ffc7d2a266bf1705e28e54d010a9d0ad124f5b4021,Tests_passed,32450566a4ac061569270db81429bd4a3f5897313fdd1e34b6a8ff234dbae4d0,Tests_passed,32450566a4ac061569270db81429bd4a3f5897313fdd1e34b6a8ff234dbae4d0,Tests_passed,d9501f50e5344ae77ca821ffc7d2a266bf1705e28e54d010a9d0ad124f5b4021,Tests_passed,a04c0e1e9261d4e31e8e3a64d2fb8a53ac2b714246938bb30ea18f435be2bd8d,Tests_passed,d9501f50e5344ae77ca821ffc7d2a266bf1705e28e54d010a9d0ad124f5b4021
219,refs/heads/master,8f404b0212a2d9a37bde7b55ece0199b4cb37472,3cb9add7373d5cf6e440b2fd2c65c655444e0531,d8f49496db2a3de7cc19c265724bb0f103760fe4,,True,True,f99370c7cf18e56d3b65f922596a4d994434db05004b9a0abb62bec15421676c,Tests_passed,f0afec084ed0e006a72645db1df4dd4ca020d968901080a9b29cc23659a693a9,Tests_passed,True,True,Tests_passed,62be3787102e0ee946b33a55194c3b908ee6151d2ecf2cdf014c1573374d2b6b,Tests_passed,62be3787102e0ee946b33a55194c3b908ee6151d2ecf2cdf014c1573374d2b6b,Tests_passed,62be3787102e0ee946b33a55194c3b908ee6151d2ecf2cdf014c1573374d2b6b,Tests_passed,62be3787102e0ee946b33a55194c3b908ee6151d2ecf2cdf014c1573374d2b6b,Tests_passed,62be3787102e0ee946b33a55194c3b908ee6151d2ecf2cdf014c1573374d2b6b,Tests_passed,62be3787102e0ee946b33a55194c3b908ee6151d2ecf2cdf014c1573374d2b6b,Tests_passed,62be3787102e0ee946b33a55194c3b908ee6151d2ecf2cdf014c1573374d2b6b,Tests_passed,62be3787102e0ee946b33a55194c3b908ee6151d2ecf2cdf014c1573374d2b6b,Tests_passed,62be3787102e0ee946b33a55194c3b908ee6151d2ecf2cdf014c1573374d2b6b,Tests_passed,62be3787102e0ee946b33a55194c3b908ee6151d2ecf2cdf014c1573374d2b6b,Tests_passed,62be3787102e0ee946b33a55194c3b908ee6151d2ecf2cdf014c1573374d2b6b,Tests_passed,62be3787102e0ee946b33a55194c3b908ee6151d2ecf2cdf014c1573374d2b6b,Tests_passed,f0bf14a305574399e06915a42023051015a462c382d88e849c80a0489afb05ee,Tests_passed,62be3787102e0ee946b33a55194c3b908ee6151d2ecf2cdf014c1573374d2b6b
222,refs/heads/master,c978e4add5640a493a55339972b2cd4363d42957,af7d25dff245056f1fc458c7b39f29e2de44d533,dcbfbb986a19c58efe3bc0b284724741ee71dc26,,True,True,c250916aaa0801116200b7d417fa4fee4da50ec915837160b4f5e333d51a7198,Tests_passed,49432ab9f96b0cc95b26258d7f928fdfd967df3d5030021d8cff6d6d28459bd3,Tests_passed,True,True,Merge_failed,d5e77fc3bd0e0dd10e78a2ceee63e55ad17259650637ef740547f4c954f35d57,Merge_failed,d5e77fc3bd0e0dd10e78a2ceee63e55ad17259650637ef740547f4c954f35d57,Merge_failed,d5e77fc3bd0e0dd10e78a2ceee63e55ad17259650637ef740547f4c954f35d57,Merge_failed,d5e77fc3bd0e0dd10e78a2ceee63e55ad17259650637ef740547f4c954f35d57,Merge_failed,d5e77fc3bd0e0dd10e78a2ceee63e55ad17259650637ef740547f4c954f35d57,Merge_failed,d5e77fc3bd0e0dd10e78a2ceee63e55ad17259650637ef740547f4c954f35d57,Merge_failed,d5e77fc3bd0e0dd10e78a2ceee63e55ad17259650637ef740547f4c954f35d57,Merge_failed,3271374299951fcafc031cf97121a8f709fab778522d9b6edb8e02d6772e7768,Merge_failed,f375ece854011020294b62ee73a13204817dbb5c23fd2373d3abeb268f43becf,Merge_failed,f375ece854011020294b62ee73a13204817dbb5c23fd2373d3abeb268f43becf,Merge_failed,f375ece854011020294b62ee73a13204817dbb5c23fd2373d3abeb268f43becf,Merge_failed,271ec15f6cf7a88667ab956c0e62dbf7f7afa5994d45d1f83f16470a5fe97ea7,Tests_passed,a0605aca09a37e936f90477593f744e8605b1bd882bc0dd0d5b5a766316c1cd1,Merge_failed,b436f4af62df52432ab380471e77f9c41925ff2b9a672cdd03e0b1dc42c4f7c9
223,refs/heads/master,629358fe64b18980c3950bb5edfede4f38517bb2,088c7b11b6278f3de2540fc5f1a2e22370f2632d,e2b726c7bad15e5ebf5481e6c33872e412e63e6b,,True,True,4cebd6782f5cdfa0d71d268188d6e6630746f582dd0187c81bfc66c9cc125d62,Tests_passed,ceb9f392abcbdfff0954eea94624453158a260af7ab0cf4bcd97d5fcae085852,Tests_passed,True,True,Tests_passed,8786316c3477e8f0875675318d1f0948ec6231e2d6bfad2c8db29b9d7dcaca2e,Tests_passed,8786316c3477e8f0875675318d1f0948ec6231e2d6bfad2c8db29b9d7dcaca2e,Tests_passed,8786316c3477e8f0875675318d1f0948ec6231e2d6bfad2c8db29b9d7dcaca2e,Tests_passed,8786316c3477e8f0875675318d1f0948ec6231e2d6bfad2c8db29b9d7dcaca2e,Tests_passed,8786316c3477e8f0875675318d1f0948ec6231e2d6bfad2c8db29b9d7dcaca2e,Tests_passed,8786316c3477e8f0875675318d1f0948ec6231e2d6bfad2c8db29b9d7dcaca2e,Tests_passed,8786316c3477e8f0875675318d1f0948ec6231e2d6bfad2c8db29b9d7dcaca2e,Tests_passed,8786316c3477e8f0875675318d1f0948ec6231e2d6bfad2c8db29b9d7dcaca2e,Tests_passed,8786316c3477e8f0875675318d1f0948ec6231e2d6bfad2c8db29b9d7dcaca2e,Tests_passed,8786316c3477e8f0875675318d1f0948ec6231e2d6bfad2c8db29b9d7dcaca2e,Tests_passed,8786316c3477e8f0875675318d1f0948ec6231e2d6bfad2c8db29b9d7dcaca2e,Tests_passed,8786316c3477e8f0875675318d1f0948ec6231e2d6bfad2c8db29b9d7dcaca2e,Tests_passed,7a1e1a9d8cf6523fae25da7513f6af922dbdc6009f9039cb149f305e89f644d1,Tests_passed,8786316c3477e8f0875675318d1f0948ec6231e2d6bfad2c8db29b9d7dcaca2e
224,refs/heads/master,088c7b11b6278f3de2540fc5f1a2e22370f2632d,90fa151a48401c61dcc170f204b48218f72fec0b,f8875768cddd20161b01383603a00884f782cb6b,,True,True,3ba74d4db0b39d89da388ddfc9ecc8413226738ee7ddc4de9cfbfd8f1c11b15a,Tests_passed,dbb64c713e754fe45628d3438012528e8d8d71767b19023d893388d0f73a4331,Tests_passed,True,True,Tests_passed,4cebd6782f5cdfa0d71d268188d6e6630746f582dd0187c81bfc66c9cc125d62,Tests_passed,eeeb683539b7b57564ff13b46b1c5e1ddcbdb4c5be6334376b23ed1b71b3f266,Tests_passed,4cebd6782f5cdfa0d71d268188d6e6630746f582dd0187c81bfc66c9cc125d62,Tests_passed,eeeb683539b7b57564ff13b46b1c5e1ddcbdb4c5be6334376b23ed1b71b3f266,Tests_passed,4cebd6782f5cdfa0d71d268188d6e6630746f582dd0187c81bfc66c9cc125d62,Tests_passed,4cebd6782f5cdfa0d71d268188d6e6630746f582dd0187c81bfc66c9cc125d62,Tests_passed,4cebd6782f5cdfa0d71d268188d6e6630746f582dd0187c81bfc66c9cc125d62,Tests_passed,4cebd6782f5cdfa0d71d268188d6e6630746f582dd0187c81bfc66c9cc125d62,Tests_passed,4cebd6782f5cdfa0d71d268188d6e6630746f582dd0187c81bfc66c9cc125d62,Tests_passed,4cebd6782f5cdfa0d71d268188d6e6630746f582dd0187c81bfc66c9cc125d62,Tests_passed,4cebd6782f5cdfa0d71d268188d6e6630746f582dd0187c81bfc66c9cc125d62,Tests_passed,4cebd6782f5cdfa0d71d268188d6e6630746f582dd0187c81bfc66c9cc125d62,Tests_passed,48a2ec1698084bbe56d794b211e43253ef404bf5d5220a6d21dfb9262b1400a4,Tests_passed,4cebd6782f5cdfa0d71d268188d6e6630746f582dd0187c81bfc66c9cc125d62
227,refs/heads/master,fafb06490389a57139f29917e807b80bc4d9e469,723f41ef831807a9f5bc719316b7e3cf6e093170,a4860c8e1c919c6c0bc22dba3ac02b7bde8b6c21,,True,True,b52deeaff1508232f730575bf182762a47ef80384cb47af50b23ab246b5bf020,Tests_passed,42c16e14ed1bb14135cc505fef2e611edf65a7cc4029fab932ccab95a984b18d,Tests_passed,True,True,Tests_passed,1d5460d1b054b1b8f2830d660a0e2f3ccc17070dc8d9c3eb230bbf2d4c871eed,Tests_passed,1d5460d1b054b1b8f2830d660a0e2f3ccc17070dc8d9c3eb230bbf2d4c871eed,Tests_passed,1d5460d1b054b1b8f2830d660a0e2f3ccc17070dc8d9c3eb230bbf2d4c871eed,Tests_passed,1d5460d1b054b1b8f2830d660a0e2f3ccc17070dc8d9c3eb230bbf2d4c871eed,Tests_passed,1d5460d1b054b1b8f2830d660a0e2f3ccc17070dc8d9c3eb230bbf2d4c871eed,Tests_passed,1d5460d1b054b1b8f2830d660a0e2f3ccc17070dc8d9c3eb230bbf2d4c871eed,Tests_passed,1d5460d1b054b1b8f2830d660a0e2f3ccc17070dc8d9c3eb230bbf2d4c871eed,Tests_passed,1d5460d1b054b1b8f2830d660a0e2f3ccc17070dc8d9c3eb230bbf2d4c871eed,Tests_passed,1d5460d1b054b1b8f2830d660a0e2f3ccc17070dc8d9c3eb230bbf2d4c871eed,Tests_passed,1d5460d1b054b1b8f2830d660a0e2f3ccc17070dc8d9c3eb230bbf2d4c871eed,Tests_passed,1d5460d1b054b1b8f2830d660a0e2f3ccc17070dc8d9c3eb230bbf2d4c871eed,Tests_passed,1d5460d1b054b1b8f2830d660a0e2f3ccc17070dc8d9c3eb230bbf2d4c871eed,Tests_passed,7acb67ddc4136f5a8d8e83c18a9b00a48f82011e034125593cae1ef6cfc4309b,Tests_passed,1d5460d1b054b1b8f2830d660a0e2f3ccc17070dc8d9c3eb230bbf2d4c871eed
230,refs/heads/master,d2c10050284b90a252edefbba709a016c5b9b453,b2ecef2d3e391210d9cf89ac8b5e4245a66fe2a9,074b6123d4c87bf23cec0c789d9abc8db57766d9,,True,True,6954dd620e4d6ac4559c08a4030b3a0411ace5559280f17979b5adb6912ba1fd,Tests_passed,db72c2b93b0ccda7f5f9758704a2f240f9574f1d89bf397b4d1464d887dc0c66,Tests_passed,True,True,Tests_passed,87788ae0953726a29aa01bcbd6865998703210d88961d631aac9bc2b70a1ec35,Tests_passed,87788ae0953726a29aa01bcbd6865998703210d88961d631aac9bc2b70a1ec35,Tests_passed,87788ae0953726a29aa01bcbd6865998703210d88961d631aac9bc2b70a1ec35,Tests_passed,87788ae0953726a29aa01bcbd6865998703210d88961d631aac9bc2b70a1ec35,Tests_passed,87788ae0953726a29aa01bcbd6865998703210d88961d631aac9bc2b70a1ec35,Tests_passed,87788ae0953726a29aa01bcbd6865998703210d88961d631aac9bc2b70a1ec35,Tests_passed,87788ae0953726a29aa01bcbd6865998703210d88961d631aac9bc2b70a1ec35,Tests_passed,87788ae0953726a29aa01bcbd6865998703210d88961d631aac9bc2b70a1ec35,Tests_passed,87788ae0953726a29aa01bcbd6865998703210d88961d631aac9bc2b70a1ec35,Tests_passed,b3c023168f79b55dd7f5392f636dec127c49416044c8014a75ad6b0a6317efdf,Tests_passed,b3c023168f79b55dd7f5392f636dec127c49416044c8014a75ad6b0a6317efdf,Tests_passed,87788ae0953726a29aa01bcbd6865998703210d88961d631aac9bc2b70a1ec35,Tests_passed,ba82ac287db2a6f440b5f721d2bb45eb698ba45c77b1ad08b634083df2dda3bc,Tests_passed,87788ae0953726a29aa01bcbd6865998703210d88961d631aac9bc2b70a1ec35
231,refs/heads/master,074b6123d4c87bf23cec0c789d9abc8db57766d9,5b1afeb23d1eca39f8f4ac9512063f4708448032,07457cb95134064d8724023e2601f4bd2737e21b,,True,True,c3717e0e6297bb12fc28dbec1493d99ad3dc3dc9aea8a6894bc343dc8860ab46,Tests_passed,c4ce7d7b3b1f66c558a1f078700485b8612933acdb882b63fd2f1a59e926e70b,Tests_passed,True,True,Tests_passed,db72c2b93b0ccda7f5f9758704a2f240f9574f1d89bf397b4d1464d887dc0c66,Tests_passed,db72c2b93b0ccda7f5f9758704a2f240f9574f1d89bf397b4d1464d887dc0c66,Tests_passed,db72c2b93b0ccda7f5f9758704a2f240f9574f1d89bf397b4d1464d887dc0c66,Tests_passed,db72c2b93b0ccda7f5f9758704a2f240f9574f1d89bf397b4d1464d887dc0c66,Tests_passed,db72c2b93b0ccda7f5f9758704a2f240f9574f1d89bf397b4d1464d887dc0c66,Tests_passed,db72c2b93b0ccda7f5f9758704a2f240f9574f1d89bf397b4d1464d887dc0c66,Tests_passed,db72c2b93b0ccda7f5f9758704a2f240f9574f1d89bf397b4d1464d887dc0c66,Tests_passed,db72c2b93b0ccda7f5f9758704a2f240f9574f1d89bf397b4d1464d887dc0c66,Tests_passed,db72c2b93b0ccda7f5f9758704a2f240f9574f1d89bf397b4d1464d887dc0c66,Tests_passed,db72c2b93b0ccda7f5f9758704a2f240f9574f1d89bf397b4d1464d887dc0c66,Tests_passed,db72c2b93b0ccda7f5f9758704a2f240f9574f1d89bf397b4d1464d887dc0c66,Tests_passed,db72c2b93b0ccda7f5f9758704a2f240f9574f1d89bf397b4d1464d887dc0c66,Tests_passed,4da334c93a249d19969e6098f0b1b605db37fc091d14d62a2be750507261909a,Tests_passed,db72c2b93b0ccda7f5f9758704a2f240f9574f1d89bf397b4d1464d887dc0c66
251,refs/heads/master,d929bff4c9c069d6fc128dcc54356f8dd3c512d6,8f15de04589a30260677346b7068b23603373848,7bef64f22b498d5a0d211c488209884677002593,,True,True,d34dcd014348eda188349d135a022d39d4bfc3ab4f0521ccad063173f2378d41,Tests_passed,c15b99b477f065a58b5f6deeeec79051317bf85435268e8df3010e0af4abc382,Tests_passed,True,True,Tests_passed,8ecbad75aecffc45ae7af6181c7e6d0974d829eebede4c3e5bbcb157af05cee0,Tests_passed,8ecbad75aecffc45ae7af6181c7e6d0974d829eebede4c3e5bbcb157af05cee0,Tests_passed,8ecbad75aecffc45ae7af6181c7e6d0974d829eebede4c3e5bbcb157af05cee0,Tests_passed,8ecbad75aecffc45ae7af6181c7e6d0974d829eebede4c3e5bbcb157af05cee0,Tests_passed,8ecbad75aecffc45ae7af6181c7e6d0974d829eebede4c3e5bbcb157af05cee0,Tests_passed,8ecbad75aecffc45ae7af6181c7e6d0974d829eebede4c3e5bbcb157af05cee0,Tests_passed,8ecbad75aecffc45ae7af6181c7e6d0974d829eebede4c3e5bbcb157af05cee0,Tests_passed,8ecbad75aecffc45ae7af6181c7e6d0974d829eebede4c3e5bbcb157af05cee0,Tests_passed,8ecbad75aecffc45ae7af6181c7e6d0974d829eebede4c3e5bbcb157af05cee0,Tests_passed,8ecbad75aecffc45ae7af6181c7e6d0974d829eebede4c3e5bbcb157af05cee0,Tests_passed,8ecbad75aecffc45ae7af6181c7e6d0974d829eebede4c3e5bbcb157af05cee0,Tests_passed,8ecbad75aecffc45ae7af6181c7e6d0974d829eebede4c3e5bbcb157af05cee0,Tests_passed,f55d0ecd0aa612e2d87c16b76ecea1ada4c6502ba5587f16e4880de0217b72cb,Tests_passed,8ecbad75aecffc45ae7af6181c7e6d0974d829eebede4c3e5bbcb157af05cee0
252,refs/heads/master,8f15de04589a30260677346b7068b23603373848,1cc415e18caf7faa507554da408f4baaff60ecde,81a68f9c52d3a0bfcaaa2a52328be8b4e9b2e655,,True,True,cf3109759406402819e10f2086286e52320d16e863a60bd90342d3152a8405ae,Tests_passed,901902285d5b2cbcfea4f1b6aacc9b46436bb197cfa5b3879cae7ffaa3e32442,Tests_passed,True,True,Tests_passed,d34dcd014348eda188349d135a022d39d4bfc3ab4f0521ccad063173f2378d41,Tests_passed,d34dcd014348eda188349d135a022d39d4bfc3ab4f0521ccad063173f2378d41,Tests_passed,d34dcd014348eda188349d135a022d39d4bfc3ab4f0521ccad063173f2378d41,Tests_passed,d34dcd014348eda188349d135a022d39d4bfc3ab4f0521ccad063173f2378d41,Tests_passed,d34dcd014348eda188349d135a022d39d4bfc3ab4f0521ccad063173f2378d41,Tests_passed,d34dcd014348eda188349d135a022d39d4bfc3ab4f0521ccad063173f2378d41,Tests_passed,d34dcd014348eda188349d135a022d39d4bfc3ab4f0521ccad063173f2378d41,Tests_passed,d34dcd014348eda188349d135a022d39d4bfc3ab4f0521ccad063173f2378d41,Tests_passed,d34dcd014348eda188349d135a022d39d4bfc3ab4f0521ccad063173f2378d41,Tests_passed,d34dcd014348eda188349d135a022d39d4bfc3ab4f0521ccad063173f2378d41,Tests_passed,d34dcd014348eda188349d135a022d39d4bfc3ab4f0521ccad063173f2378d41,Tests_passed,d34dcd014348eda188349d135a022d39d4bfc3ab4f0521ccad063173f2378d41,Tests_passed,056aa53b4de3ee0ef9bee8799d475209d4a383c58f08d3ae7e7d441eed3c199d,Tests_passed,d34dcd014348eda188349d135a022d39d4bfc3ab4f0521ccad063173f2378d41
260,refs/heads/master,9ed059a2e701be48323bf44aa0e8ebb573300b06,8de936d443eb53562e2589d9ddd2056a15ddad21,00623eaac455d22c74963f93e2a2e356d2b23c97,,True,True,300c33fccd5049f60d45a8dfe1420ac9b6daea8385fad58390abe0cecd56a64c,Tests_passed,16f10bcac46201f1cbf050958f2295d0b6665dba5c3e9215c58d0741f99c0cd4,Tests_passed,True,True,Tests_passed,88eec3f99be7ffa6e64a4f1bdc0c247557b32ca92cdb09ac998e1b96db0066a6,Tests_passed,09ff8a696840f4c610f0d9663285039dbcca92026d73c365cdf1cbce77c67243,Tests_passed,88eec3f99be7ffa6e64a4f1bdc0c247557b32ca92cdb09ac998e1b96db0066a6,Tests_passed,09ff8a696840f4c610f0d9663285039dbcca92026d73c365cdf1cbce77c67243,Tests_passed,88eec3f99be7ffa6e64a4f1bdc0c247557b32ca92cdb09ac998e1b96db0066a6,Tests_passed,88eec3f99be7ffa6e64a4f1bdc0c247557b32ca92cdb09ac998e1b96db0066a6,Tests_passed,88eec3f99be7ffa6e64a4f1bdc0c247557b32ca92cdb09ac998e1b96db0066a6,Tests_passed,88eec3f99be7ffa6e64a4f1bdc0c247557b32ca92cdb09ac998e1b96db0066a6,Tests_passed,88eec3f99be7ffa6e64a4f1bdc0c247557b32ca92cdb09ac998e1b96db0066a6,Tests_passed,88eec3f99be7ffa6e64a4f1bdc0c247557b32ca92cdb09ac998e1b96db0066a6,Tests_passed,09ff8a696840f4c610f0d9663285039dbcca92026d73c365cdf1cbce77c67243,Tests_passed,88eec3f99be7ffa6e64a4f1bdc0c247557b32ca92cdb09ac998e1b96db0066a6,Tests_passed,9ff305329b315174aecbf094e5ba8413edb1b6c8dccf805e9ee8038245cf9827,Tests_failed,4268de3e90f9feb784119cd5675e848124d937a9289ebb9826149ed29453f8db
263,refs/heads/master,5cd69c42f1b0483501b6f38c5db1a12ddbdcc012,06b83b20826d74a33763be8740f6e4bee6b63907,5aac095d11173117a500478032c0b7aa38dbbeed,,True,True,8d14e228203799de46cffb4d9ea0d18ca57c562b8830733c2464481ddda32c78,Tests_passed,97d728d2db63240b4c96cd9bc2133fa04b5034717cd1b8d99d38527e15cb480a,Tests_passed,True,True,Tests_passed,fb6640f03faaef0c09d2f426cafe3255229c0343954d3e398542223af2215188,Tests_passed,c3d2ac83cfa1a210b6b4e88a1aa084cd043ac96a21a14cbdd05819030d1faf64,Tests_passed,fb6640f03faaef0c09d2f426cafe3255229c0343954d3e398542223af2215188,Tests_passed,c3d2ac83cfa1a210b6b4e88a1aa084cd043ac96a21a14cbdd05819030d1faf64,Tests_passed,fb6640f03faaef0c09d2f426cafe3255229c0343954d3e398542223af2215188,Tests_passed,fb6640f03faaef0c09d2f426cafe3255229c0343954d3e398542223af2215188,Tests_passed,fb6640f03faaef0c09d2f426cafe3255229c0343954d3e398542223af2215188,Tests_passed,fb6640f03faaef0c09d2f426cafe3255229c0343954d3e398542223af2215188,Tests_passed,fb6640f03faaef0c09d2f426cafe3255229c0343954d3e398542223af2215188,Tests_passed,fb6640f03faaef0c09d2f426cafe3255229c0343954d3e398542223af2215188,Tests_passed,c3d2ac83cfa1a210b6b4e88a1aa084cd043ac96a21a14cbdd05819030d1faf64,Tests_passed,fb6640f03faaef0c09d2f426cafe3255229c0343954d3e398542223af2215188,Tests_passed,2fbacdeca81b42de3ac3b6ed9050298023afef3eb6dfa155616566d02a07f952,Tests_failed,a5db4ffee50e40876c752f9cbf1dd1adc1fdff3b8e8fea104dbcee7d990b396d
264,refs/heads/master,77119f7049533f32febd250c0bdde8d0c3113ebc,515cd5520a4ef258cc05c64970eb74d089dbca02,c73444909a5ac25c5c715700ae77ee42364b6f09,,True,True,e769e1c23a6c6399d3fa5864818bad77e448b59b75b5fb8361a379eaa340c9ea,Tests_passed,2a7b55ec9290044a25a0eba2d8a31674219cae9b6cd0aa663bfcf1696716c253,Tests_passed,True,True,Merge_failed,aa343fb3e0f7a7c47ce4c76f7891b21cd714463a92d0a14f24b7ef257df19b1f,Merge_failed,aa343fb3e0f7a7c47ce4c76f7891b21cd714463a92d0a14f24b7ef257df19b1f,Merge_failed,aa343fb3e0f7a7c47ce4c76f7891b21cd714463a92d0a14f24b7ef257df19b1f,Merge_failed,aa343fb3e0f7a7c47ce4c76f7891b21cd714463a92d0a14f24b7ef257df19b1f,Merge_failed,aa343fb3e0f7a7c47ce4c76f7891b21cd714463a92d0a14f24b7ef257df19b1f,Merge_failed,aa343fb3e0f7a7c47ce4c76f7891b21cd714463a92d0a14f24b7ef257df19b1f,Merge_failed,aa343fb3e0f7a7c47ce4c76f7891b21cd714463a92d0a14f24b7ef257df19b1f,Merge_failed,ff7c893a106ed608df7798382cff29dc5fc75c7f18f2db3397aa859569f44e32,Tests_passed,28496c8a5cac6cf06dcf42c341b583e3f85a0716ea4d21273402c96a65ee4581,Merge_failed,aa343fb3e0f7a7c47ce4c76f7891b21cd714463a92d0a14f24b7ef257df19b1f,Merge_failed,aa343fb3e0f7a7c47ce4c76f7891b21cd714463a92d0a14f24b7ef257df19b1f,Tests_passed,b9589cf6ee0e019e97bf5b7ac9418521601d5425685ea510b46bf1527fcb2b6a,Merge_failed,7f13dbbe58260fbf195cc925e0f5369c901ab346ea158ceaaf6e8f5f26e2a2fc,Merge_failed,8c0f34b2b93872eb94154a4f12467f300472c136e55e18133ac5e77404f71de3
266,refs/heads/master,507d0625db5882757a06e79df286feba06ebb091,ee2901065903f05ba948f8a2ffb1cc7991ac8f35,5b272cbb07216e086b01d0defd4d61a3da1985bb,,True,True,6d9bb760e13c9e2f42b96456198e7c5ea5ec03c4e6830ca3623977099855c8f5,Tests_passed,85626d6ae26be814e3b70b463a0c706010dc470d80743e99d38ee5f8f3a0cb36,Tests_passed,True,True,Tests_passed,817c8d362e58c3eb86bb2d2910f72f49440645ac7d3c7207fba1ca359a714856,Tests_passed,5509b1bf560d07541579789d0a2751b42b6d9adf294deed8c3f8fae77ee66891,Tests_passed,817c8d362e58c3eb86bb2d2910f72f49440645ac7d3c7207fba1ca359a714856,Tests_passed,5509b1bf560d07541579789d0a2751b42b6d9adf294deed8c3f8fae77ee66891,Tests_passed,817c8d362e58c3eb86bb2d2910f72f49440645ac7d3c7207fba1ca359a714856,Tests_passed,817c8d362e58c3eb86bb2d2910f72f49440645ac7d3c7207fba1ca359a714856,Tests_passed,817c8d362e58c3eb86bb2d2910f72f49440645ac7d3c7207fba1ca359a714856,Tests_passed,817c8d362e58c3eb86bb2d2910f72f49440645ac7d3c7207fba1ca359a714856,Tests_passed,817c8d362e58c3eb86bb2d2910f72f49440645ac7d3c7207fba1ca359a714856,Tests_passed,817c8d362e58c3eb86bb2d2910f72f49440645ac7d3c7207fba1ca359a714856,Tests_passed,5509b1bf560d07541579789d0a2751b42b6d9adf294deed8c3f8fae77ee66891,Tests_passed,817c8d362e58c3eb86bb2d2910f72f49440645ac7d3c7207fba1ca359a714856,Tests_passed,ef694a208a736f3c1c8a385f70f0759cfba69c6e91befbaeccf7a54a5ba8cd5f,Tests_failed,3c2eaead779f80485ff53ec7c37f8ddc11efb54d34878730a4e2f7c17e4343b5
283,refs/heads/master,436ba5710544e1462135096d91524a776e831e2b,a02486c1593e391e040ba36ad1da7a527d7d3100,33902baf84e123a133074158c072296539b477ca,,True,True,5321d4e3b2fe8d3d1b62b052c09d110d1c9cd07cf02d9ca9adcd8945f7996004,Tests_passed,5da8a9cbdd4799ebd97b30f283642b86d8889837db1a809b111b05c5b04e561d,Tests_passed,True,True,Merge_failed,a48010ee334c55c7c25865dccc76e1a340feffb62a2f141b300701524200958d,Merge_failed,a48010ee334c55c7c25865dccc76e1a340feffb62a2f141b300701524200958d,Merge_failed,a48010ee334c55c7c25865dccc76e1a340feffb62a2f141b300701524200958d,Merge_failed,a48010ee334c55c7c25865dccc76e1a340feffb62a2f141b300701524200958d,Merge_failed,a48010ee334c55c7c25865dccc76e1a340feffb62a2f141b300701524200958d,Merge_failed,a48010ee334c55c7c25865dccc76e1a340feffb62a2f141b300701524200958d,Merge_failed,a48010ee334c55c7c25865dccc76e1a340feffb62a2f141b300701524200958d,Merge_failed,a5578a7c1ab9b2308a27a0e44f10067c2424c5d599c6ee13de704528d7c16414,Merge_failed,7fbcccfe32f44b0c018cc2fbf151bf0eb7808206eeed9f264a6a67bd7855b719,Merge_failed,a48010ee334c55c7c25865dccc76e1a340feffb62a2f141b300701524200958d,Merge_failed,a48010ee334c55c7c25865dccc76e1a340feffb62a2f141b300701524200958d,Tests_passed,bd1f0d48390b25f9b3999da56fd35972f62323e20225810567dc07074972a1a6,Tests_passed,faab95439ac59297bc6c3be6d46295d8c3f93b079f608d6257c62c19b5fb1b2b,Tests_failed,40512aaa19cf4c1530aaa3cf9829b7949d04e94703342f70c69deab9ddb5511e
289,refs/heads/master,08f428502f99854cbe37544d682bdc674b5ebc95,0274b2a40e9fce4c1caa1bf52fcbfd2915f33980,7a7f9a93d348b52df929a84653846d239ae0ac44,,True,True,5d7af44c5245e5a3f69413677f43ba7a93fa2d78ef648ac6c13cc39b4f887db2,Tests_passed,f10f0408b510ef470f1d1720430bd475abcf2e95605dcc482a8e18491129c957,Tests_passed,True,True,Merge_failed,6c14488c7b9053b1a927ae74dc6b6723a6fb8e76386877e773f5580bca1e35e7,Merge_failed,8662d4e626e4e80831759dd3517aa8ac2f412da610b891762953dee54b08e422,Merge_failed,6c14488c7b9053b1a927ae74dc6b6723a6fb8e76386877e773f5580bca1e35e7,Merge_failed,1537c1e635dbe7cd05f7c1f86d2b28dd458ae19a6d22e0319939ad6e959cc9d8,Merge_failed,1537c1e635dbe7cd05f7c1f86d2b28dd458ae19a6d22e0319939ad6e959cc9d8,Merge_failed,1537c1e635dbe7cd05f7c1f86d2b28dd458ae19a6d22e0319939ad6e959cc9d8,Merge_failed,6c14488c7b9053b1a927ae74dc6b6723a6fb8e76386877e773f5580bca1e35e7,Merge_failed,4d437cbc4aa79f04c323bd684a397ff736366198eabb932130bde266f9e65b6f,Merge_failed,2d00bc1e10e422f7aaff3f9f04832b72177cb6709bd7425fdb6cce9dc5f2254f,Merge_failed,24f60fbddce474aa2f79a43df6efa4d2776832b375eb77016de5c971a68e43bf,Merge_failed,e25dfa07e628f405a04365f3414e72950fa1498ef2f60c6f4c9a5152694a61ee,Merge_failed,d1f8e4435d16b3680e42664818b259addcb3539a755b9a51361f86f64d0003e6,Tests_failed,ce5583378ac9e8fd5fc894d51c75d1a892a717b96624cbef409c81fd6a5aa7db,Tests_failed,fddd2f497addb8a413ad6caaf998477365077fb23cc7c18cdeae9a4394c8097f
298,refs/remotes/origin/pull/320,8b21935e0bb95e0c9a671d4f848495e29e2cd5fe,b05727613f0c3db027a83871a195b8e7d9a9860c,1c50da64e169c8f891ab903d481b10c2a14c5f45,,True,True,e23432745fc36774a07f33e60659b29e2f8dcd4424c6f4e88eb890ec4e9e67c0,Tests_passed,6d3c3da6f239abf148312ba7bdb1a56a185e0ac1c78933b544e83d80cc0b4365,Tests_passed,True,True,Merge_failed,8320a7f623da2a1a227956244a1e428a4d8f7cf90202232d87e80ffdd5425384,Merge_failed,cca1e2a9004c801cfa0f23a061a141080197957f10416be98d7f4275681bf972,Merge_failed,8320a7f623da2a1a227956244a1e428a4d8f7cf90202232d87e80ffdd5425384,Merge_failed,cca1e2a9004c801cfa0f23a061a141080197957f10416be98d7f4275681bf972,Merge_failed,8320a7f623da2a1a227956244a1e428a4d8f7cf90202232d87e80ffdd5425384,Merge_failed,8320a7f623da2a1a227956244a1e428a4d8f7cf90202232d87e80ffdd5425384,Merge_failed,8320a7f623da2a1a227956244a1e428a4d8f7cf90202232d87e80ffdd5425384,Merge_failed,58635ac4aecc2d606b1356e309cda1c87f1232ecd1c074e51c40065a8bd46e8f,Merge_failed,1a62f8090aa7be5781432c5cb98b15dea83e1f64acf9ba833377624facc04c30,Merge_failed,8320a7f623da2a1a227956244a1e428a4d8f7cf90202232d87e80ffdd5425384,Merge_failed,cca1e2a9004c801cfa0f23a061a141080197957f10416be98d7f4275681bf972,Merge_failed,7f6973df05fbb33d5c9719a862711b510e94aeb3e6941e10e4e029140edefba0,Merge_failed,241ec2e6624484f77a05c8fc8518b35c6a41c36436432e83944d143e4c7828e0,Tests_failed,78d3585f85f1faab2881534bc72eabfd00a4602ce80e20306882668c25f3c942
299,refs/remotes/origin/pull/320,01fad673be2651ca371d50f3d9fe190a0033feea,043c55457d2d84b0869ff164e37f4c5605fc31f5,d929bff4c9c069d6fc128dcc54356f8dd3c512d6,,True,True,326e1d4e6433f5c2720b8b6944fe693a82cd63dccd15a6531b9deacc945008cf,Tests_passed,8ecbad75aecffc45ae7af6181c7e6d0974d829eebede4c3e5bbcb157af05cee0,Tests_passed,True,True,Tests_passed,feca1a1184b9cdbfd3e0652eadfc33883c0dd92d8262fee0616ad5712fe02ad3,Merge_failed,ca33d0a65f241e2fc59334f3212cba5cf2a2dfa1565704e48aee5658aafefc75,Tests_passed,feca1a1184b9cdbfd3e0652eadfc33883c0dd92d8262fee0616ad5712fe02ad3,Merge_failed,ca33d0a65f241e2fc59334f3212cba5cf2a2dfa1565704e48aee5658aafefc75,Tests_passed,feca1a1184b9cdbfd3e0652eadfc33883c0dd92d8262fee0616ad5712fe02ad3,Tests_passed,feca1a1184b9cdbfd3e0652eadfc33883c0dd92d8262fee0616ad5712fe02ad3,Tests_passed,feca1a1184b9cdbfd3e0652eadfc33883c0dd92d8262fee0616ad5712fe02ad3,Tests_passed,feca1a1184b9cdbfd3e0652eadfc33883c0dd92d8262fee0616ad5712fe02ad3,Tests_passed,feca1a1184b9cdbfd3e0652eadfc33883c0dd92d8262fee0616ad5712fe02ad3,Tests_passed,feca1a1184b9cdbfd3e0652eadfc33883c0dd92d8262fee0616ad5712fe02ad3,Merge_failed,ca33d0a65f241e2fc59334f3212cba5cf2a2dfa1565704e48aee5658aafefc75,Tests_passed,feca1a1184b9cdbfd3e0652eadfc33883c0dd92d8262fee0616ad5712fe02ad3,Tests_passed,a5bfc151bcfcb3c50920038ec18761881e9699bffbdafa0085e2473fa331d453,Tests_passed,feca1a1184b9cdbfd3e0652eadfc33883c0dd92d8262fee0616ad5712fe02ad3
300,refs/remotes/origin/pull/320,043c55457d2d84b0869ff164e37f4c5605fc31f5,e908ff67792080291218849a9181532ee3cf97f0,0c1891fc8e908c9dc2561239f7b2362b3714f185,,True,True,a245780eea7574f49d292939a576d2002f36bd3c080ad1c18df2f3dffe9c3ff2,Tests_passed,24ed12b0afe9d7caf9dffc98908ef77a08f93771cf8a6738b665a1c9e0f0df73,Tests_passed,True,True,Merge_failed,8afa7c0e2506ac1917060ed508b951203a20bd392dbf1ec00ccbdbb4580b7587,Merge_failed,8afa7c0e2506ac1917060ed508b951203a20bd392dbf1ec00ccbdbb4580b7587,Merge_failed,8afa7c0e2506ac1917060ed508b951203a20bd392dbf1ec00ccbdbb4580b7587,Merge_failed,8afa7c0e2506ac1917060ed508b951203a20bd392dbf1ec00ccbdbb4580b7587,Merge_failed,8afa7c0e2506ac1917060ed508b951203a20bd392dbf1ec00ccbdbb4580b7587,Merge_failed,8afa7c0e2506ac1917060ed508b951203a20bd392dbf1ec00ccbdbb4580b7587,Merge_failed,8afa7c0e2506ac1917060ed508b951203a20bd392dbf1ec00ccbdbb4580b7587,Merge_failed,71fe22217316ef580ea8f49466b64feeff515bf8ed795cafa473e46a4ecf4b33,Merge_failed,45d416a90531958a4df9706f0e14a2e8142ace167ef45a2510ee3bf87f1f3e9e,Merge_failed,8afa7c0e2506ac1917060ed508b951203a20bd392dbf1ec00ccbdbb4580b7587,Merge_failed,8afa7c0e2506ac1917060ed508b951203a20bd392dbf1ec00ccbdbb4580b7587,Merge_failed,2c03cc580ba9010bbd6c594de268dfe35ecff5f34b1e2d250556f513e1294663,Merge_failed,ec1b60e0e94879179e67eefe8e5d631f30aa85edb21ba6fb830bfffc680fe8d7,Merge_failed,202dae8b66103c496cd12154a909aec9a9246fd9cb91b4c67bf79cf1ebf4ffbb
302,refs/remotes/origin/pull/392,12a461e91eecef158fb2c17ae39cf7cd240bab92,f125d55fce875a4f926ea498040e87ffe66d34f8,cd654e1b486abfacb07f62de2fa3a2773c05a274,,True,True,c2984549455db8c541eb0eb1016b97e0ad75842e0ec69dc2546426f597202fbe,Tests_passed,cd18191862a494644040dab1c246c8b0944cfa29e62a14488af2bce35f23a555,Tests_passed,True,True,Merge_failed,f4982f2f8190b11cf207f49affd739e436badeb86f040018f3723ca21d554492,Merge_failed,ddefbfcddcd1c746e9aa53a96bdd96c40e3dd334aadf6e1de2f3ce5ed6afbf82,Merge_failed,f4982f2f8190b11cf207f49affd739e436badeb86f040018f3723ca21d554492,Merge_failed,ddefbfcddcd1c746e9aa53a96bdd96c40e3dd334aadf6e1de2f3ce5ed6afbf82,Merge_failed,f4982f2f8190b11cf207f49affd739e436badeb86f040018f3723ca21d554492,Merge_failed,f4982f2f8190b11cf207f49affd739e436badeb86f040018f3723ca21d554492,Merge_failed,f4982f2f8190b11cf207f49affd739e436badeb86f040018f3723ca21d554492,Merge_failed,f7c6fbee48e73f7446293bf1d53891e666f8c1ea8fb677a485cb9d9330b049bd,Merge_failed,ef77b514702ff8d8181ff7f1823ca298cc54e75589ab62ac04a763f4fb9dd844,Merge_failed,f4982f2f8190b11cf207f49affd739e436badeb86f040018f3723ca21d554492,Merge_failed,ddefbfcddcd1c746e9aa53a96bdd96c40e3dd334aadf6e1de2f3ce5ed6afbf82,Merge_failed,9b19a26a62ff09f451007f418564e9142e311822d7155c0ef40ae21641baa768,Merge_failed,9cdf55563de608f532f19afb7b39b4138cfacf25e01a8045a3de44936c3df395,Merge_failed,bf87691430ff6979ab0f0b97fb5f698ce4c7682ac445b413d25f7d14d985913a
304,refs/remotes/origin/pull/392,c66260fbaabb34a438415f9c195d0c0a546d6f7e,21ff10a001c4520e1ce24dd5c5e7ea44cb937183,17c419aad79e8060bde32516e6ac4dc8a9f72618,,True,True,48c169a2b577140218283d819dded65acd06ccdb6004e72a57ace979c226dcc7,Tests_passed,2a5166fb6a8964d31a5f8f7f3be4e29f81d422836e2e43f33500814e6e5b9744,Tests_passed,True,True,Merge_failed,5e9db1147015385145b4021d28dde4aa11546da899586adda12581b2834f941b,Merge_failed,4cef36b43acb61a678e16ec97e1d48f09ef47a0daa6d02af965c62daa7507161,Merge_failed,5e9db1147015385145b4021d28dde4aa11546da899586adda12581b2834f941b,Merge_failed,7e4053f61c9be1244c8e5391ad2ba16094a468b40fc613ce5ded545fc59c162d,Merge_failed,5e9db1147015385145b4021d28dde4aa11546da899586adda12581b2834f941b,Merge_failed,5e9db1147015385145b4021d28dde4aa11546da899586adda12581b2834f941b,Merge_failed,5e9db1147015385145b4021d28dde4aa11546da899586adda12581b2834f941b,Merge_failed,2645c01735979d262fabdf4cc951820c55cfdd3a2fcd38bcd8bb6cb100bfe21c,Merge_failed,27d12ac741f9813531760814bed4d70aa6f86301cb75e974937ba74f4c11fa06,Merge_failed,5e9db1147015385145b4021d28dde4aa11546da899586adda12581b2834f941b,Merge_failed,4cef36b43acb61a678e16ec97e1d48f09ef47a0daa6d02af965c62daa7507161,Merge_failed,4997efbc74361cb3453c08d463c55ccc12418bf2cf1e149d0a30fe373cba36fb,Merge_failed,abfd6c44c64c76304849d7edba75a32540f711946b94f9fa08855695bbe0fa63,Merge_failed,a04160aada1814d2f3fc170e7ab30d990291032748c66a8db12ab2c1a8715728
326,refs/remotes/origin/pull/7,0aacf004fc35f9bd354d82e05f6ed59d7497535d,1e1b5d76df9f80032b04f163edc9e7be2be2a345,00567c19fb139f3a023c94c9aee35ab1025de960,,True,True,e84e5bee4e8d2cb94a4b0376798e2ec7b883464c7767209fb445a4521bf38c30,Tests_passed,903e42f45be345b8fd6474185d022c426728b3d6fa9ff953943459748539e448,Tests_passed,True,True,Merge_failed,6a481d22d58d97c7aa267708cc95b1a97605f68b7c68f3e3c14785c0c0556fbb,Merge_failed,5b3efc99e7bbd9394a6c74d9037ed383024a8058392dbd3a42e83438e849036a,Merge_failed,6a481d22d58d97c7aa267708cc95b1a97605f68b7c68f3e3c14785c0c0556fbb,Merge_failed,5b3efc99e7bbd9394a6c74d9037ed383024a8058392dbd3a42e83438e849036a,Merge_failed,9459ffdb8ad7e235997497de7e754ce8a0c4a994ef7e3d2671072216a116b770,Merge_failed,9459ffdb8ad7e235997497de7e754ce8a0c4a994ef7e3d2671072216a116b770,Merge_failed,6a481d22d58d97c7aa267708cc95b1a97605f68b7c68f3e3c14785c0c0556fbb,Merge_failed,a14dd90e3f6a3850d2c8c28ab2fe7a2584bad676f79f713752efb1a012011342,Merge_failed,b18f527d9a1de9ebc5a98bac534dad6da184c094c8e50a64ec1e48c8245116c7,Merge_failed,42cb9c099036a82f1b98a6c3d119bf6b194d0ca29bc4850f7ead244b71a1d2b2,Merge_failed,81cf7efa990b1be9ac0ee972ccbdc1bf7762a5f9a20096ea54bfab8e10c4c108,Merge_failed,6f8e9f06a6753399870d5a431a5c3ebc61a9c1f66148290c7c92498a43f9ad0e,Merge_failed,12ea772c13fffec0768985a0726751ccf354340278a9969bcbee7149b5a58297,Merge_failed,2e64205317609f504b81bef0b2eef8a550d67dc52699d3ea63e817b641d095aa
327,refs/remotes/origin/pull/9,500781acecc44ce57590effaab9a7369c2358035,05197d8ed798e537cdc6feffb72fc293b8d9bd1f,59d1bcf9315d72b94d78ef88b2d8a618074ee0ae,,True,True,0c65ae82972a2fe59568402dc60ed76c814f4c16cb1265db212386cef90018e9,Tests_passed,08c3099d555650e6ee947fde2fe2e7803f6a748337257fd72c4bc75be5ad44db,Tests_passed,True,True,Merge_failed,fae41d5df1d21f6072b99dda9dacae387276543fcf9bb7abbfd776145ec122b6,Merge_failed,d9256131649b07d94f54d3890ac1299c8dd44b96a0353daf52556bd634ffa8c5,Merge_failed,fae41d5df1d21f6072b99dda9dacae387276543fcf9bb7abbfd776145ec122b6,Merge_failed,d9256131649b07d94f54d3890ac1299c8dd44b96a0353daf52556bd634ffa8c5,Merge_failed,fae41d5df1d21f6072b99dda9dacae387276543fcf9bb7abbfd776145ec122b6,Merge_failed,fae41d5df1d21f6072b99dda9dacae387276543fcf9bb7abbfd776145ec122b6,Merge_failed,fae41d5df1d21f6072b99dda9dacae387276543fcf9bb7abbfd776145ec122b6,Merge_failed,d5da4a22107375f4373f33f9dfbd86408a1746435040170e09897d7771fa74f0,Merge_failed,41d7f5a1dce3915c2cd24b30c7c134936111e5c70641bbad2359e4c78a0c23ae,Merge_failed,cb3a6ef46f38d073db108b0c7007e2fc052f647a45cee0c33c33d807ae222407,Merge_failed,3df413ffabfebb9594d646ca889634b85e29fff0b653920faf3fde717f39d7aa,Merge_failed,feedef84bbe5b6c739342a9f31835a7df6e83c82d12bfdf171df6cddba3c15e7,Tests_passed,abd9bec7bd739f7b714ecfb719d145bbe0c5513234a562a18f53e64247832df9,Tests_failed,bd6e1d56a45afdeb9f64113f87fb11aa9722eebbd8b60e8df278f960b52b1535
