,gitmerge_ort,gitmerge_ort_ignorespace,gitmerge_recursive_histogram,gitmerge_recursive_myers_ignorespace,gitmerge_recursive_minimal,gitmerge_recursive_myers,gitmerge_recursive_patience,gitmerge_resolve,git_hires_merge,spork,mergiraf,deepseekr1_merge,o3_mini_high_merge,intellimerge,adjacent,imports,version_numbers,ivn,ivn_ignorespace,gitmerge_ort_plus,gitmerge_ort_ignorespace_plus,gitmerge_recursive_histogram_plus,gitmerge_recursive_myers_ignorespace_plus,gitmerge_recursive_minimal_plus,gitmerge_recursive_myers_plus,gitmerge_recursive_patience_plus,gitmerge_resolve_plus,git_hires_merge_plus,spork_plus,mergiraf_plus,deepseekr1_merge_plus,o3_mini_high_merge_plus,intellimerge_plus,adjacent_plus,imports_plus,version_numbers_plus,ivn_plus,ivn_ignorespace_plus
gitmerge_ort,-,0,0,0,0,0,0,0,0,0,0,0,0,0,0,0,0,0,0,0,0,0,0,0,0,0,0,0,0,0,0,0,0,0,0,0,0,0
gitmerge_ort_ignorespace,0,-,0,0,0,0,0,0,0,0,0,0,0,0,0,0,0,0,0,0,0,0,0,0,0,0,0,0,0,0,0,0,0,0,0,0,0,0
gitmerge_recursive_histogram,0,0,-,0,0,0,0,0,0,0,0,0,0,0,0,0,0,0,0,0,0,0,0,0,0,0,0,0,0,0,0,0,0,0,0,0,0,0
gitmerge_recursive_myers_ignorespace,0,0,0,-,0,0,0,0,0,0,0,0,0,0,0,0,0,0,0,0,0,0,0,0,0,0,0,0,0,0,0,0,0,0,0,0,0,0
gitmerge_recursive_minimal,0,0,0,0,-,0,0,0,0,0,0,0,0,0,0,0,0,0,0,0,0,0,0,0,0,0,0,0,0,0,0,0,0,0,0,0,0,0
gitmerge_recursive_myers,0,0,0,0,0,-,0,0,0,0,0,0,0,0,0,0,0,0,0,0,0,0,0,0,0,0,0,0,0,0,0,0,0,0,0,0,0,0
gitmerge_recursive_patience,0,0,0,0,0,0,-,0,0,0,0,0,0,0,0,0,0,0,0,0,0,0,0,0,0,0,0,0,0,0,0,0,0,0,0,0,0,0
gitmerge_resolve,0,0,0,0,0,0,0,-,0,0,0,0,0,0,0,0,0,0,0,0,0,0,0,0,0,0,0,0,0,0,0,0,0,0,0,0,0,0
git_hires_merge,1,1,1,1,1,1,1,1,-,1,1,0,0,1,0,1,1,1,1,1,1,1,1,1,1,1,1,0,1,1,0,0,1,1,1,1,1,1
spork,1,1,1,1,1,1,1,1,1,-,0,0,0,0,1,1,1,1,1,1,1,1,1,1,1,1,1,1,0,0,0,0,0,1,1,1,1,1
mergiraf,2,2,2,2,2,2,2,2,2,1,-,0,0,0,2,2,2,2,2,2,2,2,2,2,2,2,2,2,1,0,0,0,0,2,2,2,2,2
deepseekr1_merge,4,4,4,4,4,4,4,4,3,3,2,-,0,2,3,4,4,4,4,4,4,4,4,4,4,4,4,3,3,2,0,0,2,4,4,4,4,4
o3_mini_high_merge,4,4,4,4,4,4,4,4,3,3,2,0,-,2,3,4,4,4,4,4,4,4,4,4,4,4,4,3,3,2,0,0,2,4,4,4,4,4
intellimerge,3,3,3,3,3,3,3,3,3,2,1,0,0,-,3,2,3,2,2,2,2,2,2,2,2,2,2,2,1,0,0,0,0,2,2,2,2,2
adjacent,1,1,1,1,1,1,1,1,0,1,1,0,0,1,-,1,1,1,1,1,1,1,1,1,1,1,1,0,1,1,0,0,1,1,1,1,1,1
imports,0,0,0,0,0,0,0,0,0,0,0,0,0,0,0,-,0,0,0,0,0,0,0,0,0,0,0,0,0,0,0,0,0,0,0,0,0,0
version_numbers,0,0,0,0,0,0,0,0,0,0,0,0,0,0,0,0,-,0,0,0,0,0,0,0,0,0,0,0,0,0,0,0,0,0,0,0,0,0
ivn,0,0,0,0,0,0,0,0,0,0,0,0,0,0,0,0,0,-,0,0,0,0,0,0,0,0,0,0,0,0,0,0,0,0,0,0,0,0
ivn_ignorespace,0,0,0,0,0,0,0,0,0,0,0,0,0,0,0,0,0,0,-,0,0,0,0,0,0,0,0,0,0,0,0,0,0,0,0,0,0,0
gitmerge_ort_plus,0,0,0,0,0,0,0,0,0,0,0,0,0,0,0,0,0,0,0,-,0,0,0,0,0,0,0,0,0,0,0,0,0,0,0,0,0,0
gitmerge_ort_ignorespace_plus,0,0,0,0,0,0,0,0,0,0,0,0,0,0,0,0,0,0,0,0,-,0,0,0,0,0,0,0,0,0,0,0,0,0,0,0,0,0
gitmerge_recursive_histogram_plus,0,0,0,0,0,0,0,0,0,0,0,0,0,0,0,0,0,0,0,0,0,-,0,0,0,0,0,0,0,0,0,0,0,0,0,0,0,0
gitmerge_recursive_myers_ignorespace_plus,0,0,0,0,0,0,0,0,0,0,0,0,0,0,0,0,0,0,0,0,0,0,-,0,0,0,0,0,0,0,0,0,0,0,0,0,0,0
gitmerge_recursive_minimal_plus,0,0,0,0,0,0,0,0,0,0,0,0,0,0,0,0,0,0,0,0,0,0,0,-,0,0,0,0,0,0,0,0,0,0,0,0,0,0
gitmerge_recursive_myers_plus,0,0,0,0,0,0,0,0,0,0,0,0,0,0,0,0,0,0,0,0,0,0,0,0,-,0,0,0,0,0,0,0,0,0,0,0,0,0
gitmerge_recursive_patience_plus,0,0,0,0,0,0,0,0,0,0,0,0,0,0,0,0,0,0,0,0,0,0,0,0,0,-,0,0,0,0,0,0,0,0,0,0,0,0
gitmerge_resolve_plus,0,0,0,0,0,0,0,0,0,0,0,0,0,0,0,0,0,0,0,0,0,0,0,0,0,0,-,0,0,0,0,0,0,0,0,0,0,0
git_hires_merge_plus,0,0,0,0,0,0,0,0,0,0,0,0,0,0,0,0,0,0,0,0,0,0,0,0,0,0,0,-,0,0,0,0,0,0,0,0,0,0
spork_plus,1,1,1,1,1,1,1,1,1,0,0,0,0,0,1,1,1,1,1,1,1,1,1,1,1,1,1,1,-,0,0,0,0,1,1,1,1,1
mergiraf_plus,1,1,1,1,1,1,1,1,1,0,0,0,0,0,1,1,1,1,1,1,1,1,1,1,1,1,1,1,0,-,0,0,0,1,1,1,1,1
deepseekr1_merge_plus,4,4,4,4,4,4,4,4,3,3,2,0,0,2,3,4,4,4,4,4,4,4,4,4,4,4,4,3,3,2,-,0,2,4,4,4,4,4
o3_mini_high_merge_plus,4,4,4,4,4,4,4,4,3,3,2,0,0,2,3,4,4,4,4,4,4,4,4,4,4,4,4,3,3,2,0,-,2,4,4,4,4,4
intellimerge_plus,3,3,3,3,3,3,3,3,3,2,1,0,0,0,3,2,3,2,2,2,2,2,2,2,2,2,2,2,1,0,0,0,-,2,2,2,2,2
adjacent_plus,0,0,0,0,0,0,0,0,0,0,0,0,0,0,0,0,0,0,0,0,0,0,0,0,0,0,0,0,0,0,0,0,0,-,0,0,0,0
imports_plus,0,0,0,0,0,0,0,0,0,0,0,0,0,0,0,0,0,0,0,0,0,0,0,0,0,0,0,0,0,0,0,0,0,0,-,0,0,0
version_numbers_plus,0,0,0,0,0,0,0,0,0,0,0,0,0,0,0,0,0,0,0,0,0,0,0,0,0,0,0,0,0,0,0,0,0,0,0,-,0,0
ivn_plus,0,0,0,0,0,0,0,0,0,0,0,0,0,0,0,0,0,0,0,0,0,0,0,0,0,0,0,0,0,0,0,0,0,0,0,0,-,0
ivn_ignorespace_plus,0,0,0,0,0,0,0,0,0,0,0,0,0,0,0,0,0,0,0,0,0,0,0,0,0,0,0,0,0,0,0,0,0,0,0,0,0,-
