idx,branch_name,merge,left,right,notes,diff_contains_java_file,diff_size,left parent test coverage,left parent test result,left_tree_fingerprint,parents pass,right parent test coverage,right parent test result,right_tree_fingerprint,sampled for testing,test merge
1,refs/heads/master,e9d5821081f8515145aa30ead860d4d81cef5565,bc074ae742ec60a4e6da069a67f685937537973d,f7716c7487a5b71e350c700c5352565fe2420623,,False,5,,,,,,,,False,False
3,refs/heads/master,6c7133a5861bfd0bc8ec248a9ca6b0d43f09f064,fed53ecdc9595b3369cbe41ce697a77dd2767c34,c867a516bffd55260277ebc953a76d1879347b3b,,True,14,0.0,Tests_failed,0e1258964033212a62b39d919d0dc8cd07e967adb1695aec6d5ec2518ced5345,False,0.0,Tests_failed,2a2ccf7bd64e6713fca50f91b0f48fd9fd4ca327ef536c5ee33043121ca8f0e2,False,False
4,refs/heads/master,cfb63458751c26f3661d7e7b040034ee06245240,1a7bcd277b33261bda0fa78f5dec88bf7c7ef22a,ba0392ee0f7e46a0996e26b807f1c491b6d720f8,,False,160,,,,,,,,False,False
5,refs/heads/master,fee4d8050165942109f003f36d223b939251aa99,6a5d42f7c6cf8c98c9c18138b2a949ada758e12a,7f5d9103b84a220d39527107ebdf43c6450bbd25,,False,221,,,,,,,,False,False
6,refs/heads/master,94edec1567d30917b6646fd1a299847a82770eb8,bb9d00963145035f428b403097f2decf31f69a84,82488420ac3fbaf7027ac05d7dc223a60aadb1f9,,False,19,,,,,,,,False,False
8,refs/heads/master,6fd3e17a0a7a1de585b80a35ce01eec2b8ab74eb,7febcc51f058e863aba80d36d4be7fc05232a972,2c06afc05269f633cbc014cae247dd991ba89aa4,,False,2,,,,,,,,False,False
9,refs/heads/master,926095a4ad6f36138c723f67fb736c14f2b33ac9,2310e55cd636c76010aab8f94922f0e799fc1fc8,7f1a3337d6fb35e7a30040433fec5be6b86cdd81,,False,2,,,,,,,,False,False
10,refs/heads/master,31d403102902442022e2924ec3f9e2a8e332eaed,fbfad800b6187e96189bda246d28281dbe9d29b6,40d59a61c72b1f69bd2a63db0940200caa182b1a,,True,299,0.0,Tests_failed,c5149dc937649ef82df03c343cfb1ce8995c793e462d43fe3d6174c58f63a96b,False,0.0,Tests_failed,bb355e7912c417effb093325e2d9d024a5e9c2a913269258b6232b810881a7ce,False,False
11,refs/heads/master,785bd357ded1faf331340929b5a101d94d062a5f,8f67764e8b7fcfcb19a7d40c9e6831fbb56ddf3b,25eed18427a596d7595f98491b77c516133cfb4e,,True,7063,0.0,Tests_failed,e718ba16a9db6e366095982748ff8ff1ae18701a1c9403af1c231e819d032e0b,False,0.0,Tests_failed,7eeb6bdd6eca940fb93a597d229877ec56bee466702258437a101631fec4d138,False,False
12,refs/heads/master,eeaa14a5114422a689fd354653269355d2aa4eba,1099f507e9ea5c08d5c9d9646c61fe38704587f9,6be87bb3c43a723af2c4b95218c28a46b0d727c8,,True,76,0.0,Tests_failed,4f8fb12df6a34b7f8df3cf325f4a7de71b10653352da8cabdf58cab97b735b6c,False,0.0,Tests_failed,a2db9ad07f1b04474c2c5780413716a636910390a79fae560ed31cdc34b20a1f,False,False
13,refs/heads/master,884f33a38bade34a7fcf8eb9c22ac266aefb9d9c,c975816f0ceaabb43e7fb43374d5733fa1a9f808,498e679694314005cad034b1434bd2e2424ea480,,False,40,,,,,,,,False,False
16,refs/heads/master,03699d894907d90584478b426381296b0daa0632,9e27095bbbf6e61045a0c7cc0c45549bc032353d,821aa47468334b4a787580011bc7ab0c8867aac0,,False,146,,,,,,,,False,False
17,refs/heads/master,19debf5f121a40be00b4cf56b0d9fdf0abcca5bb,4e53efb01d0802d29d740ec0edd0249985298c90,d6b1986c4d8b869695b2bf7f89de26350101d286,,False,49,,,,,,,,False,False
18,refs/heads/master,1ffbdada6d3db2edb3421298da42946e63c293c0,9de082c3f78ab09f576e3e2916664b7ca81cb648,e7f7e239588adc6223c470d9219cb7bcaa25f475,,True,2995,0.0,Tests_failed,a976c7bb3df6375d86ae183553917c2ff144fdfee45ff086a0267abb3a43b01c,False,0.0,Tests_failed,fe97e2e4333f8c12ea55b4822d723e87b8f94b0363bf6cc04c97f31ac5de54a6,False,False
19,refs/heads/master,9de082c3f78ab09f576e3e2916664b7ca81cb648,f79fad634cd65bbfac980f4f3b9cc911146735bb,736c6ea0f5644e572c805204c89df2bc9c2c5b2b,,False,117,,,,,,,,False,False
20,refs/heads/master,e7f7e239588adc6223c470d9219cb7bcaa25f475,47d2e231368a5224db14e7bf7a0a8c4d7ee61ed9,05c679fc1602c866b7285bef7fd90c5a3f7bdd34,,True,2692,0.0,Tests_failed,73a9526e440e2e48b8c562b55a3f972a417db47cb84b7c11edcb9a240b948a19,False,0.0,Tests_failed,89d2449142a95fb219af9058083cb9105c083d5cab8be0ea68ce51aa84c4e12e,False,False
21,refs/heads/master,42fd8555c9fe913503c57c2a01047efd29aae702,f621a8b2abaf9fbeb5f25afc71cebcaf9abd5e34,1cbc58cf406226bf0fd9c10b79ee365cfaf2fb1b,,False,2,,,,,,,,False,False
22,refs/heads/master,47d2e231368a5224db14e7bf7a0a8c4d7ee61ed9,5bc8344426c59c75adf3b3ec91ba0f4d16dd7089,9efc049a3f1fae5a910370268c1fb25456083b59,,False,105,,,,,,,,False,False
23,refs/heads/master,5bc8344426c59c75adf3b3ec91ba0f4d16dd7089,104ba5cf2a49c12ae157a41555d80669fe4a8933,7afcc9be88201bf57f0ee38651892d4d3ddf9123,,True,1104,0.0,Tests_failed,06549743679271cb98eb788b7c59b8b1ff02ed2f9c63a69a0dcf978c77275e10,False,0.0,Tests_failed,6a0c31168b8abd007847933acb4062dcd624421e490ff7c8e9de01a4019e7b0e,False,False
24,refs/heads/master,104ba5cf2a49c12ae157a41555d80669fe4a8933,1d6ca376fa6ec3454b1f53c561b8be8b9efe3ddf,dd6565c45f12b9693e55c3fe5ddfedccd7c356bc,,False,197,,,,,,,,False,False
25,refs/heads/master,1d6ca376fa6ec3454b1f53c561b8be8b9efe3ddf,f79fad634cd65bbfac980f4f3b9cc911146735bb,f49183d64cba7389b2e52cc2041b8577f78b8c53,,False,260,,,,,,,,False,False
26,refs/heads/master,f79fad634cd65bbfac980f4f3b9cc911146735bb,e9ebc6c83ce5c1387416d86072293aca02334014,8d15bb92d6473ae0c99f06f42b03e4eb9a89fa20,,True,862,0.0,Tests_failed,36d19b551cfacff460719a44540e337eb8064d398bbb982b20f7ab4f1bc16073,False,0.0,Tests_failed,db3497e1e0039aad53a7c1d6e9938c63588dbf1e8d5b13379cd5a21cfe22fae2,False,False
27,refs/heads/master,07122300396ee2e59a5644579378fd2ebefce8ff,5e423ea82541f33a739796b0156287ec8b3d7a05,b465826b1e4d6f8a00f662de024e3fb571fe1643,,False,109,,,,,,,,False,False
28,refs/heads/master,5e423ea82541f33a739796b0156287ec8b3d7a05,bed5693a5a9556d2f58ec58a1c1c8f137b18124e,501e81599d6add8aa9cb927d24e7247b4e6c59fc,,True,287,0.0,Tests_failed,49d7dbce110c851528edd3c3233cbc8988f7ef806af6b5dd334cdce8534ac827,False,0.0,Tests_failed,4755722939b8f6e0df55d712942350c0f65e49ac4e54b0a5b3c9c8106d824ae8,False,False
29,refs/heads/master,fadc98d4ff15624bbc9e29200d8748cc74d84254,d310b3f9de661aa17b1144467cd8d3b28095c7f2,a0b4897bcca41764f81c44838b3cef12a3bf34cb,,False,2,,,,,,,,False,False
30,refs/heads/master,bed5693a5a9556d2f58ec58a1c1c8f137b18124e,d9dc9fbd0fe97bfccac96ceb3edccc0269e2ca93,370fd5a0cd107a7f118cc74d016595601305cc95,,True,1168,0.0,Tests_failed,e35625073d369313b517bd7c43d83494e623563583ab1bb60a5fa94fd93f392a,False,0.0,Tests_failed,a8b15c5ad3e739959420ddf5f6d8875cb4ad73366ef6b3140d5f12e2c1265918,False,False
31,refs/heads/master,290951e56dc4d997bc2fa529ba9cadf4d2154497,04c1eb8a65612fe92c453fc87c87e928f117baf3,bb16821cbccac5629b57550fb5082350ad12141f,,False,212,,,,,,,,False,False
32,refs/heads/master,056871343f1a8716f5e2716357b2e9329232849c,1c3e7e1870a53b4c2de8b6f416e0a6fb32ba9672,f6612a310c3fcf706cc2f29b25525dfa6e5da427,,False,2,,,,,,,,False,False
33,refs/heads/master,68f89ff8e508f32bdc71fa5c5929b15234fc4bea,a9bcd951dcd5ab2862f17970b2ef3c2ae3f58d79,aa9de2de278fe24d82559c2252fdb93ef39ee092,,False,33,,,,,,,,False,False
34,refs/heads/master,632178ddcb97cfc5f62c5a99f3ea5013213252a6,a8bcca63322442f5e484b7013553be2a26b3fa15,0e0c4fa3539772f7d4150503f09241ebc2c4d4ac,,False,3,,,,,,,,False,False
35,refs/heads/master,1e380a74ba2a4bffbd642b80b474f6a191444e44,6385a2d82b995030a35d7de26ceec729c12b93b1,aa5c35da2b84a2e22f32cfc144ba86c5345fa7f6,,True,253,0.0,Tests_failed,10d4dcf8bac7e029a9343e05d334b9221cdde756335538b6f5e77d70782ac376,False,0.0,Tests_failed,7a5cb3c2a19cc8dace0d1a5ab6a5561ddbbfc5f50fa1a4e9479db36dd6b0bab0,False,False
36,refs/heads/master,dbc5d9ca65c2f9473a923779eb6b6ab629dd1f89,0649f1ecfe62c90601e6458c9963d807866be235,d2b855e9995ac10ee2196a21ef948c08ac9bf2e1,,False,19,,,,,,,,False,False
37,refs/heads/master,19a7146ff5e7140440ce52ef9da2a7af5ed40dff,cc9bda8c1a54f576ecb2386b1ba1999b987700f9,61d5bb0d071f120fd7f9c2c4fa9d452617b076a0,,False,2,,,,,,,,False,False
38,refs/heads/master,61d5bb0d071f120fd7f9c2c4fa9d452617b076a0,58fdc43c2739a10dbb82b681d11bc0f60950cd04,2c432cc379820a2a6f170676ee17d54013119024,,True,2745,0.0,Tests_failed,d5015f4fcac4a4203fc367b0bb149c68393cbba051a7ec28a7af4212ca64353d,False,0.0,Tests_failed,ace34c68ab77cc78e384c22bf573f1fa8eac22f66276e21be5d28614e5439c38,False,False
39,refs/heads/master,cb6a20f407c39ca236b43807208fc81dd653384a,32866a98dbc90d470800ff600da05a0954afe4be,b038a07708b013ccafa080ba87694ba449923b0b,,False,40,,,,,,,,False,False
40,refs/heads/master,32866a98dbc90d470800ff600da05a0954afe4be,bfb312d9d9768ef5f7fb8924f0e908235356ff11,4e795a2a56622cdd51290809cb59bc4b8f84ac40,,False,79,,,,,,,,False,False
41,refs/heads/master,bfb312d9d9768ef5f7fb8924f0e908235356ff11,50f9d839eb7c4f8068c691f61aca113cfaa019ce,556a0da5fc7a7c350f3b8c3f0e7c1d0cd6e000c1,,False,22,,,,,,,,False,False
42,refs/heads/master,f935aee0ee2c1cfb6148f150024515df371d8307,48924174bb48dcf9254dfbc5c975cec1829f492c,cadf8423df359017875b2dac449428d4ef6cc8ec,,True,1707,0.0,Tests_failed,b557017976d99ceb2f589ed94339394cc8462ab64b9dc8bebcdedaf586f283fd,False,0.0,Tests_failed,743b734a5992f030b2c9e752b1b5e39a6db88f279e716a143841a619c3049ff9,False,False
43,refs/heads/master,cadf8423df359017875b2dac449428d4ef6cc8ec,eeb6ee2772eb860f40c54739fcbf7ca434fb17a2,9e8370789dcaef6a89ef45a50ea0bc75b5eb840c,,True,1708,0.0,Tests_failed,152cdcc29be2c16f7019137f85de265a781557d9b0b1c3452811132e7be49b27,False,0.0,Tests_failed,5e5947248037d4939be983eb49b916fce0463eed17fd902b4e8ef1bb8c00ccc7,False,False
44,refs/heads/master,ec30b8c171f6a0e9c8194f58dc1471664e2029bd,55afe2cefb31d47a26da1975949228375b7a6167,1df734399f0c82c4537cc75d0a3babcdc2b94354,,True,136,0.0,Tests_failed,6cea0d5482cb184c8fb6eabff00f76bc5d10c29fd8b0948c4418ac8ab0cb2e84,False,0.0,Tests_failed,08739ef2d977ad178146a3036bbb719d37b95f7a6c520fde281f99288db230f7,False,False
45,refs/heads/master,01c1a3044f66dc93d9154dd40c7fcb4a3efd812f,f18d636653ce7a3a103f39927abf8258078e66f5,2c6e077e7ff916122cad57325ffeeb95dea4fc9e,,False,93,,,,,,,,False,False
46,refs/heads/master,47293961d88af4e8e8921bb15859e857800876a2,d521ed60ae3207306aa0c9767fe214716710a9d6,de3e3d0c168cf4a4a0f1432a4be8cb6d24ee73a7,,False,66,,,,,,,,False,False
47,refs/heads/master,6ff0586355a9639ffd9ff238560c8359d5556527,3e933e8f068450dfc90c4843eebd1bd7a120dba9,4405c651f7dfeceb0695f6c8cd0bc6494b6f300c,,False,54,,,,,,,,False,False
48,refs/heads/master,3e933e8f068450dfc90c4843eebd1bd7a120dba9,bbcb09536b79913e14256ec128ed03c71f51222c,b0b66e32c72ed3624a6b2e4c3dcdd6f51bd285f6,,False,161,,,,,,,,False,False
49,refs/heads/master,b0b66e32c72ed3624a6b2e4c3dcdd6f51bd285f6,f38918817427ad70368aa304c722d407148ffebe,102fcf019ee29db00a00fc3ee5c85468b42eb247,,False,19,,,,,,,,False,False
50,refs/heads/master,bbcb09536b79913e14256ec128ed03c71f51222c,3f7e6020079f38a7fd043ede7446078efa383f28,1b977d70c904fc3721bb5d61d07eefa208d548dc,,True,342,0.0,Tests_failed,365cf2b7cd7c6120eed5ba0b29b93be1ef80d8d063d738d09751bc8cf5050953,False,0.0,Tests_failed,df3ac20bedc593127396fbb90241afc95e986e95121a0ab5a98a1baca530b87a,False,False
51,refs/heads/master,674c320fb9fa32679683970163a3770997fa0a31,9c99a9b6c5d492c1990d90c2ce41f859ef4d3a92,841deb637ab7566f91e55a96868dab27c2a39ac1,,True,267,0.0,Tests_failed,71e07e0a60fc4d045d03c00cd6d1fd05cde2d5cf6dab3285abc1fad1b72c3555,False,0.0,Tests_failed,1372f2561d4c7c11f13cc6e67284a85cb4fb3273a148bd0be62c87457d31502f,False,False
52,refs/heads/master,f1bdf7aa3ee19f3e68a45dd33ba8f2f64dd8ada5,a8613a5d81f508ea23de8b2305a8ceebf67c5f1c,389ec646dcfa898898c69b3cb52024a54eb0ccf1,,False,5,,,,,,,,False,False
53,refs/heads/master,1b85239cd7d29883b3b7f8af6e5ca620b4e8ae7c,4a7e3932d96f8764fd8b09636963b29b2726ed80,5e258f863fb36eae958244d6b2f04fe4d3b813e9,,False,371,,,,,,,,False,False
54,refs/heads/master,5e258f863fb36eae958244d6b2f04fe4d3b813e9,fdacf278f89622193e8ebd8dfd47024faca0ffc7,701e99fc75e50126b247ceb26a1458cc9a9d2abc,,False,72,,,,,,,,False,False
55,refs/heads/master,1b113cceef0a3603749c096db8c67da6b9eac306,b09ee6162a36326a5a0adec9945cf0075e220aaa,33801a80547468133b8adc63e3243e46940c19b7,,False,181,,,,,,,,False,False
56,refs/heads/master,4a7e3932d96f8764fd8b09636963b29b2726ed80,ac3e511469fde433c196e44acb03a1bca87d4846,3907cfdc7cc07462ee8ac345e6a7e5bdb275b007,,False,31,,,,,,,,False,False
57,refs/heads/master,ac3e511469fde433c196e44acb03a1bca87d4846,418017e46db2bca6a0a58252bae134236102f7f9,585ef71b732323c5169e9266f1468f9f43c3bcde,,True,1765,0.0,Tests_failed,dabae52c9836b6467f5989d3f9a18e30113fc2080ed3d18b3bb9365dc949c09c,False,0.0,Tests_failed,a96180191fcf849c8ce6828707a3e54e845f3bde50906439dd3f9bc29ee27880,False,False
58,refs/heads/master,585ef71b732323c5169e9266f1468f9f43c3bcde,02680eaeb7577bc351d8579f68743a4f173ead27,97c2a6c8afea40037d1d962ebcca7fa17168f041,,False,488,,,,,,,,False,False
59,refs/heads/master,27fc5325127d547089eda0f56de4e243e54ec58d,8c87368884f51d7580a6d5ab696c61a87357b097,02031f5aeb739d7895f00b8a4c140d62681d059b,,True,394,0.0,Tests_failed,c1c618ab24488c007b9ff8586907fce57a0a2b77e15325bd1d21bec2b00cb62b,False,0.0,Tests_failed,f89bc0f46a20657d3ad37fe83619c27cfe7fa85730d6f80414867a86217af50f,False,False
60,refs/heads/master,827cdb916fdcb24582677b88cbe1b4cc7f174eb2,abbf8c6e0ca51e6428211824b5f1773fb017c0d3,e6b5e1e7806d77dd9af763d54f9a508191cc6176,,True,21,0.0,Tests_failed,e9676fee720390583b22028e8358c1f79648ae7fd5f3996621ae42953d9969a4,False,0.0,Tests_failed,0f99315ff6a69b93a8ae2c5563e8c130cbaa8ff056841ca5eba33a40f2271ad6,False,False
61,refs/heads/master,f0afb285fa7c3e13f8bdcb226854d1a0a53f307d,f0e944afdac38ac4b502bf5b1cfcb0f41762b70a,1d565a2e3c5b8e241974dae7b094da86042b24a9,,False,185,,,,,,,,False,False
62,refs/heads/master,4ccd4ca76d0ea2a5b4a2925700a867db7daceb4d,fee31c36b7f95fde0ee1e5f37f5062c84d3326a1,97fa035908d5c173e946efe6ba473572403928bf,,False,37,,,,,,,,False,False
63,refs/heads/master,6aea6d38d4cf746faa1f9f9593439a2e2f93d183,5239f1581622a9d661f91bf38b6c59eec65872fc,c05a6a9cac17004a6c2f39bcbb2c9194551945ca,,False,6,,,,,,,,False,False
64,refs/heads/master,9eb82b51bc5a5b51f7c0c0023ec912fa97a2a634,903efb2343abac15bc107caeab52a14b606bcb34,9a64d7f9345911b00603b79b59c452d15295e578,,True,699,0.0,Tests_failed,ea0fbd12f0d9c4dd53ab6d0316e247281b80cbe1b1096075d5ff66ef3b1a0093,False,0.0,Tests_failed,e547a14a42210a1428b3f1430c6393da582008dbf68f5c52f7012f78c264ca30,False,False
65,refs/heads/master,bd519ad0a1261f303be63ede373a607a86ad2a07,0b44c92b7189c6a31097329bdbf776f47fec1ffa,4d2245266a5b56f6c188a7b9c9fada4626e3550b,,True,373,0.0,Tests_failed,c45a1d725b39c34233f05690fbb887bb2dfe5fbf8f7981e8d0a1379423e010d8,False,0.0,Tests_failed,fbd2cf6b281f4c95f8bafeaa0a5d38adae1c214af7a6469025f3c7c870f54d86,False,False
66,refs/heads/master,f4706ed515678ff0f1c220d2fb5c0172df2a308d,01ccd03d583abbf9fa183a606923d83e3222ba62,180188e7fc214d47c602ce42bb75e28f3154c68a,,False,3,,,,,,,,False,False
67,refs/heads/master,ef459d2f19abcfc58ba1591c5eb66808e3e0a65f,0688037a1c89b4be2167a5fc184a00f5acaad94c,bbe910ffcee2afe8095b8eeb4d365489e0f07f06,,False,10,,,,,,,,False,False
69,refs/remotes/origin/2.x-branch,321dd915bf4dad6d4e60245fd678e7044b86f5bb,06878b2f6d6e656e63105b11ed6c20af1ab5d223,2d294b8ffda5301d4c53642ba9f5128216e43e05,,True,197,0.0,Tests_failed,78cf825ac6e1384db3f721553559ca9505717c925ebff333e2464363e35c4d3c,False,0.0,Tests_failed,4a2e7e47078ba5617792b7659215e934f30520919c08723ce7135ac3af1ba5ab,False,False
71,refs/remotes/origin/2.x-branch,9a2d39e910b0e3320d55fd74f934838cbd549438,5a74e8baedc44685b7613467fee25ab743b208d4,ecc6e969edcc4921bad8f63f0d7e33a669bc56b6,,True,40,0.0,Tests_failed,4a2e7e47078ba5617792b7659215e934f30520919c08723ce7135ac3af1ba5ab,False,0.0,Tests_failed,bdeb7481bfca18e72502c7f49ee3701dd5123a08389f0d3864b50fa62898df2e,False,False
72,refs/remotes/origin/2.x-branch,2bfc8000657e8f71c1a485c86d2a6ed153d4863b,612864a6f063d009aacd4e5113f4c6f30b866160,781c1a399f11b8eb8adba52b51f2ec8eb1d45e17,,False,151,,,,,,,,False,False
73,refs/remotes/origin/2.x-branch,87b7bb30a4a82b44bde369624a35818f32f2d22b,41424d988e68f7a1e742bfee5ab9a3b17b926137,4beb4469f0ad0903312e2f257f4a52631a1d22e3,,False,23,,,,,,,,False,False
74,refs/remotes/origin/2.x-branch,2450b52992ccea95ba51b91420cd61d89af3929d,5e7ef47d51b5a25ecef4b9886fe7f669379c6bc8,82e6b33010b05cf02622ef55d360ddc3b1f62a63,,False,39,,,,,,,,False,False
76,refs/remotes/origin/2.x-branch,5e7ef47d51b5a25ecef4b9886fe7f669379c6bc8,7d59ee008b4a7fb569e96f1f5cec39c22d9dd702,8045d19dc07809e3cad187bae3f7569bd135f9ba,,False,53,,,,,,,,False,False
78,refs/remotes/origin/dk-actions-v4,2e2088818d6c1aeccb77d31a47014b83359a64ca,d5f2836adb5f5417419383bbd9947de0b73f19c8,726b2e40e8febcb1c69610ea07b8fddb6d12f525,,True,345,0.0,Tests_failed,ad47a721633dc5165d6fe14fe62a51db4bea33dcdf5f512225e0bb53a924865f,False,0.0,Tests_failed,8cba0f31655d9da3a4fa4298c4cbfb2dad50491842b4271f5418cf1d857ab882,False,False
80,refs/remotes/origin/dk-actions-v4,6950040c132ed54ec74ea1dcd518e30916921362,0d794d5df471d41e65717778587f9f37055489d9,672842c9d0aa25e1859f0c325ced8108824d8839,,True,646,0.0,Tests_failed,8e3468ee65f101bee9a2a8b39303f8f8bc9263913442e03b4035b383802ff006,False,0.0,Tests_failed,a10b9008d02a4427ce21240e07a3d72cd58eec4f0f6c6f93e372794076a47f34,False,False
82,refs/remotes/origin/dk-actions-v4,581f686ef1d0b2bc3aba48f92906b92bb503725b,6e3390339d0de9a9b4371f266d18366f8c571ed5,67d49cfb25e8ef0510437a2a12d4ba36349e2928,,False,3,,,,,,,,False,False
83,refs/remotes/origin/dk-actions-v4,67d49cfb25e8ef0510437a2a12d4ba36349e2928,613f19124e786c3bc8a59c2fda11670cb899ca0a,8f4f1dfa343a30f8b66189c8ada1ce27493abacc,,False,6,,,,,,,,False,False
85,refs/remotes/origin/dk-actions-v4,904946c7dbfbe27c9e64d893b23be7a8cbec213e,29fd19c07c0c1dc743825b01a4e3a27a77a263c9,718c48a8cf3c26071fc95ae719f320571a55f9c1,,False,71,,,,,,,,False,False
86,refs/remotes/origin/dk-actions-v4,718c48a8cf3c26071fc95ae719f320571a55f9c1,994c853007a691e6713e53c6d5174eab90c7c029,15ea3e80288d2cd89157a4ac8e3d975a5cd1f089,,True,1549,0.0,Tests_failed,76f668858f410da03253ec2ac54a51992d1aa849afc911cecfceeeea013d9724,False,0.0,Tests_failed,7b79b3f58fbd61c8ae51171b5c6b7a3cd6e13c676c22d91820ee6afc771ec66f,False,False
87,refs/remotes/origin/dk-actions-v4,c360b6d2812ef0c9d3019a6c66097ad89c5709f3,d4360f8cf7ce48e4fe2ae8c09468ffb928d72e1a,ce791923f114d103ca1016d2b22e01edb50d801f,,True,1295,0.0,Tests_failed,09aaa87d9d0a906838ab03541e748b87eb09968333fc6f66232df6e6532ab2cc,False,0.0,Tests_failed,5a47342a6ff884256d3d6805a2a59aa3de4d5c68f06e5bb3c0d5ac70d0029f4f,False,False
89,refs/remotes/origin/dk-actions-v4,f544d6a3926e563d7d12ce03ee3ed985ca364518,2d0615e435eb9e414b7980297e2d05e609bafc35,982ff312332a4eebd824bdf918b7aff070ec4673,,False,5,,,,,,,,False,False
90,refs/remotes/origin/dk-actions-v4,9199bf3e859049e359d195c507f8c2e836f9a885,95137ca09025203c7d7efa6d0e0b172d46c38951,e3582de1c744896c75d0e492fab16a6536eedda2,,False,18,,,,,,,,False,False
91,refs/remotes/origin/dk-actions-v4,dd4766d80010f09d8d8b27fde47b63bbf11693ac,a7638aec495f813e065d51d2955d84dd71ed016f,13d40fc9808ac76f4c198c7bd2f2a62860ee965c,,False,6,,,,,,,,False,False
92,refs/remotes/origin/dk-actions-v4,29970104689351c4846e8824031f2e9753b45642,8b449bd52e2fd170e07622934f0a39f001a8ea1c,399fbd409426a6197af6fa2c15c8505e6c3832c2,,True,207,0.0,Tests_failed,d62ac119277e30c4691cb70da5eb894f4c58b7110cb41907fbe3208c68284789,False,0.0,Tests_failed,dfd4d61e0d02398a8d33ce83c03e710dfe398914dfd335515bccc9134fea1328,False,False
93,refs/remotes/origin/dk-actions-v4,8b449bd52e2fd170e07622934f0a39f001a8ea1c,64a820d3a7aba5c2f5a459be69aecb27174f5bb7,51666e4532133790f56075f44a6eb3ce7f189668,,True,197,0.0,Tests_failed,8169a9187dc430124ce4abd3a30e6c25694632d208b39c9b965edb354c9577bd,False,0.0,Tests_failed,d62ac119277e30c4691cb70da5eb894f4c58b7110cb41907fbe3208c68284789,False,False
94,refs/remotes/origin/dk-actions-v4,64a820d3a7aba5c2f5a459be69aecb27174f5bb7,2a7f401005db4bca86aca1e49963d3f3c3f7253c,ceee419e1a0bb2e9aec11ce0267ab8bd11365143,,True,896,0.0,Tests_failed,bfeeef56c3fb8df4b36fb9e30ac9614d6794ffba307ead69b4da1492c15ccf33,False,0.0,Tests_failed,8169a9187dc430124ce4abd3a30e6c25694632d208b39c9b965edb354c9577bd,False,False
95,refs/remotes/origin/dk-actions-v4,2a7f401005db4bca86aca1e49963d3f3c3f7253c,b58265bb78d3499b6a5edf1e08b1e57feb34ff19,da0471204cd221ec98c747ca5601ae90ad4c2ad9,,False,302,,,,,,,,False,False
96,refs/remotes/origin/dk-actions-v4,b58265bb78d3499b6a5edf1e08b1e57feb34ff19,5abb4d279efda3b6b36582616ddce7d8d6665ab8,81d60280c2cb0ae910b7a5c3f0c0df82e8db7050,,False,22,,,,,,,,False,False
97,refs/remotes/origin/dk-actions-v4,5abb4d279efda3b6b36582616ddce7d8d6665ab8,aaa21e3adb2cd604b6044b354a5573ddb88566a3,9f3ae64a01278e4e1eff92a8c122155b572b150f,,False,35,,,,,,,,False,False
98,refs/remotes/origin/dk-actions-v4,aaa21e3adb2cd604b6044b354a5573ddb88566a3,33f6381b087b2f75300c2b68bb1e83f56cd17cd1,bee189269dbad7fe8180130da2e93e18467cbdfb,,True,210,0.0,Tests_failed,8f53168f5569e6f3bc2a21ccd87e92480f13a0135d1f54aa49903bc27dd24ae2,False,0.0,Tests_failed,d29d3413668d535c715f859df90125592fdbffa962dc80d6a813a510d40f835f,False,False
100,refs/remotes/origin/dk-actions-v4,2f75d70cab3c07709ed7a7c5adae5ef1ae35fd37,d02ecc3d6c5b6bfad6fb5560c7ba8dda794dd5fb,727826942a555144e643a97cef8993589c73b0ac,,True,498,0.0,Tests_failed,8ca3f3b1592a79770bfae90cb8ad724c73fb02283b7f6e8c98e09369316cac17,False,0.0,Tests_failed,22a47e1d817063a35a141cf246b153795de9a6298f00635cc306f8f078cec137,False,False
101,refs/remotes/origin/dk-actions-v4,d02ecc3d6c5b6bfad6fb5560c7ba8dda794dd5fb,cd7e23bfced4c13d3805391212a15ff448f671a2,25aed16a2e16a4979f46fb6d8b1d00950c1ec6cd,,True,579,0.0,Tests_failed,9d9fbd1199ad870799e93ef84b4a68755cfcc60165bbb57f85e5d5b229a9d3ec,False,0.0,Tests_failed,8ca3f3b1592a79770bfae90cb8ad724c73fb02283b7f6e8c98e09369316cac17,False,False
102,refs/remotes/origin/dk-actions-v4,cd7e23bfced4c13d3805391212a15ff448f671a2,b735404315cbe0575d964079f51441908f45884c,d03d1b3e080e8801456c345aa71bfbf78c140e1b,,True,132,0.0,Tests_failed,2e57aededbb5df4c422926705ad556d14cbdea0247586aa8575b35407749f345,False,0.0,Tests_failed,9d9fbd1199ad870799e93ef84b4a68755cfcc60165bbb57f85e5d5b229a9d3ec,False,False
104,refs/remotes/origin/dk-actions-v4,53c13a6b199a4ab5c5748e0d1db4ca56c8b43b36,0c93500dd42204eeb90b11db8603beda9fbd0866,5e624d0bb0976a65bc8563151cb0005b4f8c2840,,False,149,,,,,,,,False,False
107,refs/remotes/origin/pull/819,ba35d9771a48ffc794327ccdd92f44422b954999,20941e59d1f035c99cf1cee4e3be0251350851ad,8411fe0d85082eea162dc4d8a655b18e174b37a2,,False,15,,,,,,,,False,False
108,refs/remotes/origin/pull/819,20941e59d1f035c99cf1cee4e3be0251350851ad,0c6b3a79232fe5e9cd31832cb6d3e13ea80c8747,62f7acfb9ffea6e4ef1c99572ead35eb6f416239,,False,167,,,,,,,,False,False
109,refs/remotes/origin/pull/819,64ef5337359d44d6521b7c943c7774956294c584,065e88824a80e11c04c32590a4dbf2279672e09d,701c856fe34812c078f01a6469b9e7481552b464,,False,58,,,,,,,,False,False
110,refs/remotes/origin/pull/819,065e88824a80e11c04c32590a4dbf2279672e09d,ba91913cf0850ddf360e6a425c5e56d6521339a6,718c48a8cf3c26071fc95ae719f320571a55f9c1,,True,2041,0.0,Tests_failed,36f3742073c13ed98a41986ce939fb65ea4aedad5d50e1bc305ae604feec0898,False,0.0,Tests_failed,5b80b079d36acb84bbd66081f7f1fc215a84b6e75b030c4ba3f8305552716d0f,False,False
111,refs/remotes/origin/pull/822,fb4c8be35a596c60a37c9724e812e341e81f5672,906ed61b1700947a1ed18494271120e0e9ce3958,25fe7959fec882acd8fbae123bc44caf96e69924,,False,8,,,,,,,,False,False
112,refs/remotes/origin/pull/822,2456c7b7fcc6987ccead3ffb18340171656c248d,6f90523051a5f9b3d0bf908b6ad5db12e98eda71,3177c287e9227f15dc1637047aefa2533459137a,,True,863,0.0,Tests_failed,997b015f7c8cb846cfd969533635f691732f2579fb257bbdb1e696b3577fbfe5,False,0.0,Tests_failed,ddf042bc893879c4c39248c72d4e5300fb3167af23b652d7a3d6f258db7b69a5,False,False
113,refs/remotes/origin/pull/822,3177c287e9227f15dc1637047aefa2533459137a,5c9cba3e5466b664511e747c2c0035b5ad5d1eb0,6894e01128d6bcaa65f23b9ee60962f7446bb454,,True,662,0.0,Tests_failed,15922d52750dee914ac84bf7a263d025427abb686ebdce89a9831dfbec2972a4,False,0.0,Tests_failed,99b34863907623f01f1bb50ee1c4e8c9bd92fabc1922b04f1186c7581bb7026e,False,False
114,refs/remotes/origin/pull/822,5c9cba3e5466b664511e747c2c0035b5ad5d1eb0,64ef5337359d44d6521b7c943c7774956294c584,8411fe0d85082eea162dc4d8a655b18e174b37a2,,False,171,,,,,,,,False,False
115,refs/remotes/origin/pull/831,ab1627400e63def89f2d587a3e5c4780ce2688b6,e00cf1a8edc99ef310576365e2dd25794157f47d,79a240dbdd3454764b10f9fdda71a5d460ff22fc,,False,2,,,,,,,,False,False
116,refs/remotes/origin/pull/839,8ddb1a0f17f665309e2fbd8f14c6404a405d0f2c,a310c9a041a4291e348888abda7f9290cbd43c64,84da1d59075891414484f304f0443833331cc22f,,False,2,,,,,,,,False,False
117,refs/remotes/origin/pull/839,84da1d59075891414484f304f0443833331cc22f,e11d65f65b25564e1a877ead70b8f870f3544f87,46ca7657927509de0ad379624fc649bf9cdf8410,,False,3,,,,,,,,False,False
118,refs/remotes/origin/pull/842,3e3ab6182569f08d136fd6d198671054ca9e7bf4,15eb710896c98b6da2c7977d0484a71c8f132de1,70405f6af22bfc8224943d45f0ac6ca9c37b7f2f,,False,5,,,,,,,,False,False
