idx,branch_name,merge,left,right,notes,left_tree_fingerprint,left parent test result,right_tree_fingerprint,right parent test result,parents pass,diff contains java file,test merge,sampled for testing,gitmerge_ort,gitmerge_ort_merge_fingerprint,gitmerge_ort_ignorespace,gitmerge_ort_ignorespace_merge_fingerprint,gitmerge_recursive_histogram,gitmerge_recursive_histogram_merge_fingerprint,gitmerge_recursive_ignorespace,gitmerge_recursive_ignorespace_merge_fingerprint,gitmerge_recursive_minimal,gitmerge_recursive_minimal_merge_fingerprint,gitmerge_recursive_myers,gitmerge_recursive_myers_merge_fingerprint,gitmerge_recursive_patience,gitmerge_recursive_patience_merge_fingerprint,gitmerge_resolve,gitmerge_resolve_merge_fingerprint,git_hires_merge,git_hires_merge_merge_fingerprint,spork,spork_merge_fingerprint,intellimerge,intellimerge_merge_fingerprint,plumelib_ort,plumelib_ort_merge_fingerprint,plumelib_ort_ignorespace,plumelib_ort_ignorespace_merge_fingerprint,plumelib_ort_adjacent,plumelib_ort_adjacent_merge_fingerprint,plumelib_ort_adjacent_ignorespace,plumelib_ort_adjacent_ignorespace_merge_fingerprint,plumelib_ort_imports,plumelib_ort_imports_merge_fingerprint,plumelib_ort_imports_ignorespace,plumelib_ort_imports_ignorespace_merge_fingerprint,plumelib_ort_version_number,plumelib_ort_version_number_merge_fingerprint,plumelib_ort_version_number_ignorespace,plumelib_ort_version_number_ignorespace_merge_fingerprint
16,refs/heads/main,ea17ade038c1d67b617afe3943ebf62f22bc08fb,dc0a8fa788f6858f2b04eaf5659ae9124e59ef27,38baf5df845a1397522e1e953b84a80fb57a8799,,467cf4caf9ae4d4d49ebf23339d479dc2e92116fa2a92aeddd501361bc0af8ef,Tests_passed,3a597c16e497798b3f9729c32f4a3a693476bef980ae96e9b9ca9d0f89264f3a,Tests_passed,True,True,True,True,Tests_passed,dc95304d3c7e68665bc6a27ac5edcc28eb706ee0006c026724c568a749a269b2,Tests_passed,dc95304d3c7e68665bc6a27ac5edcc28eb706ee0006c026724c568a749a269b2,Tests_passed,dc95304d3c7e68665bc6a27ac5edcc28eb706ee0006c026724c568a749a269b2,Tests_passed,dc95304d3c7e68665bc6a27ac5edcc28eb706ee0006c026724c568a749a269b2,Tests_passed,dc95304d3c7e68665bc6a27ac5edcc28eb706ee0006c026724c568a749a269b2,Tests_passed,dc95304d3c7e68665bc6a27ac5edcc28eb706ee0006c026724c568a749a269b2,Tests_passed,dc95304d3c7e68665bc6a27ac5edcc28eb706ee0006c026724c568a749a269b2,Tests_passed,dc95304d3c7e68665bc6a27ac5edcc28eb706ee0006c026724c568a749a269b2,Tests_passed,dc95304d3c7e68665bc6a27ac5edcc28eb706ee0006c026724c568a749a269b2,Tests_passed,dc95304d3c7e68665bc6a27ac5edcc28eb706ee0006c026724c568a749a269b2,Tests_passed,dc95304d3c7e68665bc6a27ac5edcc28eb706ee0006c026724c568a749a269b2,Tests_passed,dc95304d3c7e68665bc6a27ac5edcc28eb706ee0006c026724c568a749a269b2,Tests_passed,dc95304d3c7e68665bc6a27ac5edcc28eb706ee0006c026724c568a749a269b2,Tests_passed,dc95304d3c7e68665bc6a27ac5edcc28eb706ee0006c026724c568a749a269b2,Tests_passed,dc95304d3c7e68665bc6a27ac5edcc28eb706ee0006c026724c568a749a269b2,Tests_passed,dc95304d3c7e68665bc6a27ac5edcc28eb706ee0006c026724c568a749a269b2,Tests_passed,dc95304d3c7e68665bc6a27ac5edcc28eb706ee0006c026724c568a749a269b2,Tests_passed,dc95304d3c7e68665bc6a27ac5edcc28eb706ee0006c026724c568a749a269b2,Tests_passed,dc95304d3c7e68665bc6a27ac5edcc28eb706ee0006c026724c568a749a269b2
72,refs/heads/main,b898bdb20cd3d7dac96f527c008c14753895279d,c4b946455964e13ffacce009c866630216fbd431,1dcedba6a1fa7aac2425dfe116cb9026f3591e49,,a9b7e66836005745c9578399a1874122364e159cbbbee60f0cbf495598b544df,Tests_passed,a0feff9044378b354df7b404f2171159a4ac11560bc1e921e915583504a29195,Tests_passed,True,True,True,True,Tests_passed,70f0579d3d5f01bf8b6d5c94a33714733ea216ec52dca2876854e3d55e699ba1,Tests_passed,70f0579d3d5f01bf8b6d5c94a33714733ea216ec52dca2876854e3d55e699ba1,Tests_passed,70f0579d3d5f01bf8b6d5c94a33714733ea216ec52dca2876854e3d55e699ba1,Tests_passed,70f0579d3d5f01bf8b6d5c94a33714733ea216ec52dca2876854e3d55e699ba1,Tests_passed,70f0579d3d5f01bf8b6d5c94a33714733ea216ec52dca2876854e3d55e699ba1,Tests_passed,70f0579d3d5f01bf8b6d5c94a33714733ea216ec52dca2876854e3d55e699ba1,Tests_passed,70f0579d3d5f01bf8b6d5c94a33714733ea216ec52dca2876854e3d55e699ba1,Tests_passed,70f0579d3d5f01bf8b6d5c94a33714733ea216ec52dca2876854e3d55e699ba1,Tests_passed,70f0579d3d5f01bf8b6d5c94a33714733ea216ec52dca2876854e3d55e699ba1,Tests_passed,70f0579d3d5f01bf8b6d5c94a33714733ea216ec52dca2876854e3d55e699ba1,Tests_passed,70f0579d3d5f01bf8b6d5c94a33714733ea216ec52dca2876854e3d55e699ba1,Tests_passed,70f0579d3d5f01bf8b6d5c94a33714733ea216ec52dca2876854e3d55e699ba1,Tests_passed,70f0579d3d5f01bf8b6d5c94a33714733ea216ec52dca2876854e3d55e699ba1,Tests_passed,70f0579d3d5f01bf8b6d5c94a33714733ea216ec52dca2876854e3d55e699ba1,Tests_passed,70f0579d3d5f01bf8b6d5c94a33714733ea216ec52dca2876854e3d55e699ba1,Tests_passed,70f0579d3d5f01bf8b6d5c94a33714733ea216ec52dca2876854e3d55e699ba1,Tests_passed,70f0579d3d5f01bf8b6d5c94a33714733ea216ec52dca2876854e3d55e699ba1,Tests_passed,70f0579d3d5f01bf8b6d5c94a33714733ea216ec52dca2876854e3d55e699ba1,Tests_passed,70f0579d3d5f01bf8b6d5c94a33714733ea216ec52dca2876854e3d55e699ba1
143,refs/heads/main,3865f6056a22fb5cfcff4f32777a059e856ba60b,b52ee84d3015fbf4441f768b6e7eadceab055ad9,54902e845b691d425e27df9a624f8b1013f960f2,,1f1c4e260964bb3ae52c5985b141c1e2672f224319bec9306b547e903b633da5,Tests_passed,450ac4fe7a9d98a210b639e6e0fe5c48fe2505e65f5d479c7bfa24cea12c1c85,Tests_passed,True,True,True,True,Tests_passed,5aca23a579898b6cfac1d2927cf95ca8d567d0261ce6e6129cf38ef5eefb626a,Tests_passed,5aca23a579898b6cfac1d2927cf95ca8d567d0261ce6e6129cf38ef5eefb626a,Tests_passed,5aca23a579898b6cfac1d2927cf95ca8d567d0261ce6e6129cf38ef5eefb626a,Tests_passed,5aca23a579898b6cfac1d2927cf95ca8d567d0261ce6e6129cf38ef5eefb626a,Tests_passed,5aca23a579898b6cfac1d2927cf95ca8d567d0261ce6e6129cf38ef5eefb626a,Tests_passed,5aca23a579898b6cfac1d2927cf95ca8d567d0261ce6e6129cf38ef5eefb626a,Tests_passed,5aca23a579898b6cfac1d2927cf95ca8d567d0261ce6e6129cf38ef5eefb626a,Tests_passed,5aca23a579898b6cfac1d2927cf95ca8d567d0261ce6e6129cf38ef5eefb626a,Tests_passed,5aca23a579898b6cfac1d2927cf95ca8d567d0261ce6e6129cf38ef5eefb626a,Tests_passed,5aca23a579898b6cfac1d2927cf95ca8d567d0261ce6e6129cf38ef5eefb626a,Tests_failed,f7d86c08e4a9e06de9c3c1e531ba36a857521c1ab58da409f39a22f374af5c47,Tests_passed,5aca23a579898b6cfac1d2927cf95ca8d567d0261ce6e6129cf38ef5eefb626a,Tests_passed,5aca23a579898b6cfac1d2927cf95ca8d567d0261ce6e6129cf38ef5eefb626a,Tests_passed,5aca23a579898b6cfac1d2927cf95ca8d567d0261ce6e6129cf38ef5eefb626a,Tests_passed,5aca23a579898b6cfac1d2927cf95ca8d567d0261ce6e6129cf38ef5eefb626a,Tests_passed,5aca23a579898b6cfac1d2927cf95ca8d567d0261ce6e6129cf38ef5eefb626a,Tests_passed,5aca23a579898b6cfac1d2927cf95ca8d567d0261ce6e6129cf38ef5eefb626a,Tests_passed,5aca23a579898b6cfac1d2927cf95ca8d567d0261ce6e6129cf38ef5eefb626a,Tests_passed,5aca23a579898b6cfac1d2927cf95ca8d567d0261ce6e6129cf38ef5eefb626a
159,refs/heads/main,f6674a9aef5e6026a2e5c37c0e48f98c3ed8b60a,bd89f18feb25d5dd81195950624e604746f0834f,7a16c30ec9abe24ff8973acdd2107f3b9bae3604,,bc7706abc24c29658d2090ddc9cd42580f759c06803eae2317d2f6085b78be4e,Tests_passed,bb1268af6d304fdd41af585c7ff74fcfd8c1fb5412768e6a83dce53d58a8f198,Tests_passed,True,True,True,True,Tests_passed,8816013cafc15330422896b179afd7f4113bca89ae2303b084c984c9f3696c27,Tests_passed,8816013cafc15330422896b179afd7f4113bca89ae2303b084c984c9f3696c27,Tests_passed,8816013cafc15330422896b179afd7f4113bca89ae2303b084c984c9f3696c27,Tests_passed,8816013cafc15330422896b179afd7f4113bca89ae2303b084c984c9f3696c27,Tests_passed,8816013cafc15330422896b179afd7f4113bca89ae2303b084c984c9f3696c27,Tests_passed,8816013cafc15330422896b179afd7f4113bca89ae2303b084c984c9f3696c27,Tests_passed,8816013cafc15330422896b179afd7f4113bca89ae2303b084c984c9f3696c27,Tests_passed,8816013cafc15330422896b179afd7f4113bca89ae2303b084c984c9f3696c27,Tests_passed,8816013cafc15330422896b179afd7f4113bca89ae2303b084c984c9f3696c27,Tests_passed,8816013cafc15330422896b179afd7f4113bca89ae2303b084c984c9f3696c27,Tests_failed,0405bfdb320ac1b74ddfe7ea6fa871e8240dad18797f9e38295bac95f116ed50,Tests_passed,8816013cafc15330422896b179afd7f4113bca89ae2303b084c984c9f3696c27,Tests_passed,8816013cafc15330422896b179afd7f4113bca89ae2303b084c984c9f3696c27,Tests_passed,8816013cafc15330422896b179afd7f4113bca89ae2303b084c984c9f3696c27,Tests_passed,8816013cafc15330422896b179afd7f4113bca89ae2303b084c984c9f3696c27,Tests_passed,8816013cafc15330422896b179afd7f4113bca89ae2303b084c984c9f3696c27,Tests_passed,8816013cafc15330422896b179afd7f4113bca89ae2303b084c984c9f3696c27,Tests_passed,8816013cafc15330422896b179afd7f4113bca89ae2303b084c984c9f3696c27,Tests_passed,8816013cafc15330422896b179afd7f4113bca89ae2303b084c984c9f3696c27
173,refs/heads/main,b1e22227c78c7b49fbd92b2982ba5260592f99db,16d0962a760223838d8c7621915be943c538f9d8,0257ebbb1a33658a85ec5c7b43ae448c8673c2fb,,30470f6620599ce4e238f220902b30b5b180e71afba803f9ecfe5e8bd250efb3,Tests_passed,8b15d5736543f98e3128defca04dc293046962ff53cce4c233e5c4530bee5579,Tests_passed,True,True,True,True,Tests_passed,72dd0855bd4059e0a47cd2a0af6befda3ee18614e8ef71c4ae414612516af1d5,Tests_passed,72dd0855bd4059e0a47cd2a0af6befda3ee18614e8ef71c4ae414612516af1d5,Tests_passed,72dd0855bd4059e0a47cd2a0af6befda3ee18614e8ef71c4ae414612516af1d5,Tests_passed,72dd0855bd4059e0a47cd2a0af6befda3ee18614e8ef71c4ae414612516af1d5,Tests_passed,72dd0855bd4059e0a47cd2a0af6befda3ee18614e8ef71c4ae414612516af1d5,Tests_passed,72dd0855bd4059e0a47cd2a0af6befda3ee18614e8ef71c4ae414612516af1d5,Tests_passed,72dd0855bd4059e0a47cd2a0af6befda3ee18614e8ef71c4ae414612516af1d5,Tests_passed,72dd0855bd4059e0a47cd2a0af6befda3ee18614e8ef71c4ae414612516af1d5,Tests_passed,72dd0855bd4059e0a47cd2a0af6befda3ee18614e8ef71c4ae414612516af1d5,Tests_passed,72dd0855bd4059e0a47cd2a0af6befda3ee18614e8ef71c4ae414612516af1d5,Tests_passed,72dd0855bd4059e0a47cd2a0af6befda3ee18614e8ef71c4ae414612516af1d5,Tests_passed,72dd0855bd4059e0a47cd2a0af6befda3ee18614e8ef71c4ae414612516af1d5,Tests_passed,72dd0855bd4059e0a47cd2a0af6befda3ee18614e8ef71c4ae414612516af1d5,Tests_passed,72dd0855bd4059e0a47cd2a0af6befda3ee18614e8ef71c4ae414612516af1d5,Tests_passed,72dd0855bd4059e0a47cd2a0af6befda3ee18614e8ef71c4ae414612516af1d5,Tests_passed,72dd0855bd4059e0a47cd2a0af6befda3ee18614e8ef71c4ae414612516af1d5,Tests_passed,72dd0855bd4059e0a47cd2a0af6befda3ee18614e8ef71c4ae414612516af1d5,Tests_passed,72dd0855bd4059e0a47cd2a0af6befda3ee18614e8ef71c4ae414612516af1d5,Tests_passed,72dd0855bd4059e0a47cd2a0af6befda3ee18614e8ef71c4ae414612516af1d5
232,refs/heads/main,ad257495e38df6ed12bd35f91b82cfe2f57ae4d0,621006fcf6e7ef86005ac10f6123328b347ebb64,f607b09e4a30462380511f48891efe78a0be9401,,aa55ed3d6bb2de64343b9c2d198694ecb79355496fed2ac9dfbe2b22bea35f02,Tests_passed,055cd043e0d61fd6d5953016e24e0f1a2b9dcbb0620cd7a7400a3c418a4ed172,Tests_passed,True,True,True,True,Tests_passed,5e2ab57adedeafe1a2fefabbd74c73b7d3be1a8331ace4037d444bb395421d5f,Tests_passed,78162128d663e6dbacc7b7fac4cc4d07c27b1f8ba9f14ad62f4ff0f0e021aefd,Tests_passed,5e2ab57adedeafe1a2fefabbd74c73b7d3be1a8331ace4037d444bb395421d5f,Tests_passed,78162128d663e6dbacc7b7fac4cc4d07c27b1f8ba9f14ad62f4ff0f0e021aefd,Tests_passed,5e2ab57adedeafe1a2fefabbd74c73b7d3be1a8331ace4037d444bb395421d5f,Tests_passed,5e2ab57adedeafe1a2fefabbd74c73b7d3be1a8331ace4037d444bb395421d5f,Tests_passed,5e2ab57adedeafe1a2fefabbd74c73b7d3be1a8331ace4037d444bb395421d5f,Tests_passed,5e2ab57adedeafe1a2fefabbd74c73b7d3be1a8331ace4037d444bb395421d5f,Tests_passed,5e2ab57adedeafe1a2fefabbd74c73b7d3be1a8331ace4037d444bb395421d5f,Tests_passed,5e2ab57adedeafe1a2fefabbd74c73b7d3be1a8331ace4037d444bb395421d5f,Tests_failed,46ec9ece64faf9b5823f7223ff7cdd97e2bc16e1f857821a6d9f26c1cd2a746d,Tests_passed,5e2ab57adedeafe1a2fefabbd74c73b7d3be1a8331ace4037d444bb395421d5f,Tests_passed,78162128d663e6dbacc7b7fac4cc4d07c27b1f8ba9f14ad62f4ff0f0e021aefd,Tests_passed,5e2ab57adedeafe1a2fefabbd74c73b7d3be1a8331ace4037d444bb395421d5f,Tests_passed,78162128d663e6dbacc7b7fac4cc4d07c27b1f8ba9f14ad62f4ff0f0e021aefd,Tests_passed,5e2ab57adedeafe1a2fefabbd74c73b7d3be1a8331ace4037d444bb395421d5f,Tests_passed,78162128d663e6dbacc7b7fac4cc4d07c27b1f8ba9f14ad62f4ff0f0e021aefd,Tests_passed,5e2ab57adedeafe1a2fefabbd74c73b7d3be1a8331ace4037d444bb395421d5f,Tests_passed,78162128d663e6dbacc7b7fac4cc4d07c27b1f8ba9f14ad62f4ff0f0e021aefd
272,refs/heads/main,d1c3b172b8e20b5189f47023e1143aaa28a9a75a,f5499af875bd423dbe5bc2e19824aa9bb294750e,f47c3e4615579ea6d54b2b73b1941c9540e77891,,2d215e09fa66a0d3ef5d4b8bc132434b7b4cd3f87c5f4fd2fb736e5d188b1752,Tests_passed,14d7600508a086b0b90a891a72e41002236e001764549af9aaad241cc9313b6f,Tests_passed,True,True,True,True,Tests_passed,0c2f8c266843c3112f4b7bc4212b1e338a76b90347f5baede0cb241673742ac3,Tests_passed,0c2f8c266843c3112f4b7bc4212b1e338a76b90347f5baede0cb241673742ac3,Tests_passed,0c2f8c266843c3112f4b7bc4212b1e338a76b90347f5baede0cb241673742ac3,Tests_passed,0c2f8c266843c3112f4b7bc4212b1e338a76b90347f5baede0cb241673742ac3,Tests_passed,0c2f8c266843c3112f4b7bc4212b1e338a76b90347f5baede0cb241673742ac3,Tests_passed,0c2f8c266843c3112f4b7bc4212b1e338a76b90347f5baede0cb241673742ac3,Tests_passed,0c2f8c266843c3112f4b7bc4212b1e338a76b90347f5baede0cb241673742ac3,Tests_passed,0c2f8c266843c3112f4b7bc4212b1e338a76b90347f5baede0cb241673742ac3,Tests_passed,0c2f8c266843c3112f4b7bc4212b1e338a76b90347f5baede0cb241673742ac3,Tests_passed,0c2f8c266843c3112f4b7bc4212b1e338a76b90347f5baede0cb241673742ac3,Tests_failed,020082c69a52333370a04b4fa09e636ff0d702c2ebe205ba36cd3519fb784c64,Tests_passed,0c2f8c266843c3112f4b7bc4212b1e338a76b90347f5baede0cb241673742ac3,Tests_passed,0c2f8c266843c3112f4b7bc4212b1e338a76b90347f5baede0cb241673742ac3,Tests_passed,0c2f8c266843c3112f4b7bc4212b1e338a76b90347f5baede0cb241673742ac3,Tests_passed,0c2f8c266843c3112f4b7bc4212b1e338a76b90347f5baede0cb241673742ac3,Tests_passed,0c2f8c266843c3112f4b7bc4212b1e338a76b90347f5baede0cb241673742ac3,Tests_passed,0c2f8c266843c3112f4b7bc4212b1e338a76b90347f5baede0cb241673742ac3,Tests_passed,0c2f8c266843c3112f4b7bc4212b1e338a76b90347f5baede0cb241673742ac3,Tests_passed,0c2f8c266843c3112f4b7bc4212b1e338a76b90347f5baede0cb241673742ac3
328,refs/heads/main,5e51cf2c0aa70ad4cdd0426578e479b48367f11e,e22194028f03d0c28c15ac24d84990237b70abe2,996170a3e8883100983e601b6533d205377265b2,,700cb306898d181f81d478d9e184d9a3bcdf272540662347d0552ce477d1e2c8,Tests_passed,6f258137e52761226e7f321ef610f72a1df7d47b98bdfc5ca7b73d2446eac690,Tests_passed,True,True,True,True,Tests_passed,3fab0c4004ee5dae724790a6102392d49dbcc87ca8d13e023d6cc25dfd0905ba,Tests_passed,3fab0c4004ee5dae724790a6102392d49dbcc87ca8d13e023d6cc25dfd0905ba,Tests_passed,3fab0c4004ee5dae724790a6102392d49dbcc87ca8d13e023d6cc25dfd0905ba,Tests_passed,3fab0c4004ee5dae724790a6102392d49dbcc87ca8d13e023d6cc25dfd0905ba,Tests_passed,3fab0c4004ee5dae724790a6102392d49dbcc87ca8d13e023d6cc25dfd0905ba,Tests_passed,3fab0c4004ee5dae724790a6102392d49dbcc87ca8d13e023d6cc25dfd0905ba,Tests_passed,3fab0c4004ee5dae724790a6102392d49dbcc87ca8d13e023d6cc25dfd0905ba,Tests_passed,3fab0c4004ee5dae724790a6102392d49dbcc87ca8d13e023d6cc25dfd0905ba,Tests_passed,3fab0c4004ee5dae724790a6102392d49dbcc87ca8d13e023d6cc25dfd0905ba,Tests_passed,3fab0c4004ee5dae724790a6102392d49dbcc87ca8d13e023d6cc25dfd0905ba,Tests_failed,8eed44a41e7538abcca50edd7df4245a755c5f37f543adc1d3c5f1452d07a821,Tests_passed,3fab0c4004ee5dae724790a6102392d49dbcc87ca8d13e023d6cc25dfd0905ba,Tests_passed,3fab0c4004ee5dae724790a6102392d49dbcc87ca8d13e023d6cc25dfd0905ba,Tests_passed,3fab0c4004ee5dae724790a6102392d49dbcc87ca8d13e023d6cc25dfd0905ba,Tests_passed,3fab0c4004ee5dae724790a6102392d49dbcc87ca8d13e023d6cc25dfd0905ba,Tests_passed,3fab0c4004ee5dae724790a6102392d49dbcc87ca8d13e023d6cc25dfd0905ba,Tests_passed,3fab0c4004ee5dae724790a6102392d49dbcc87ca8d13e023d6cc25dfd0905ba,Tests_passed,3fab0c4004ee5dae724790a6102392d49dbcc87ca8d13e023d6cc25dfd0905ba,Tests_passed,3fab0c4004ee5dae724790a6102392d49dbcc87ca8d13e023d6cc25dfd0905ba
335,refs/heads/main,b179461319ead907f0f73851b280bd7d454802c1,e4be647a9d41eee5954275f85f0c65f2781927cf,dae92fceda572ef471c906d9d3104241c4c3bed6,,1821a1d48e72c63d426ea59785099a0770708700fc92dbe27f00a6f29665d6db,Tests_passed,11b153b24197b4642bbcfbde6ccf7e2a4a1e5a1567c5afd640e56d0b102c2538,Tests_passed,True,True,True,True,Tests_passed,1df8606293fd004bfae3b54cb9d8ee901b4bf47a7299028a3275eaeb098a4af9,Tests_passed,1df8606293fd004bfae3b54cb9d8ee901b4bf47a7299028a3275eaeb098a4af9,Tests_passed,1df8606293fd004bfae3b54cb9d8ee901b4bf47a7299028a3275eaeb098a4af9,Tests_passed,1df8606293fd004bfae3b54cb9d8ee901b4bf47a7299028a3275eaeb098a4af9,Tests_passed,1df8606293fd004bfae3b54cb9d8ee901b4bf47a7299028a3275eaeb098a4af9,Tests_passed,1df8606293fd004bfae3b54cb9d8ee901b4bf47a7299028a3275eaeb098a4af9,Tests_passed,1df8606293fd004bfae3b54cb9d8ee901b4bf47a7299028a3275eaeb098a4af9,Tests_passed,1df8606293fd004bfae3b54cb9d8ee901b4bf47a7299028a3275eaeb098a4af9,Tests_passed,1df8606293fd004bfae3b54cb9d8ee901b4bf47a7299028a3275eaeb098a4af9,Tests_passed,1df8606293fd004bfae3b54cb9d8ee901b4bf47a7299028a3275eaeb098a4af9,Tests_passed,1df8606293fd004bfae3b54cb9d8ee901b4bf47a7299028a3275eaeb098a4af9,Tests_passed,1df8606293fd004bfae3b54cb9d8ee901b4bf47a7299028a3275eaeb098a4af9,Tests_passed,1df8606293fd004bfae3b54cb9d8ee901b4bf47a7299028a3275eaeb098a4af9,Tests_passed,1df8606293fd004bfae3b54cb9d8ee901b4bf47a7299028a3275eaeb098a4af9,Tests_passed,1df8606293fd004bfae3b54cb9d8ee901b4bf47a7299028a3275eaeb098a4af9,Tests_passed,1df8606293fd004bfae3b54cb9d8ee901b4bf47a7299028a3275eaeb098a4af9,Tests_passed,1df8606293fd004bfae3b54cb9d8ee901b4bf47a7299028a3275eaeb098a4af9,Tests_passed,1df8606293fd004bfae3b54cb9d8ee901b4bf47a7299028a3275eaeb098a4af9,Tests_passed,1df8606293fd004bfae3b54cb9d8ee901b4bf47a7299028a3275eaeb098a4af9
370,refs/heads/main,5ea863836994e277e667c0995ca283091dc21cf4,18625d77af139895071056e9a26445cfaca7d500,b3f4c6b03d1060f16eb67c7c5d269d476b98c291,,67ac12fdd22c7b99a7fdde3765273d1608ec94176d5fdf444a6bc6bb8ef123c6,Tests_passed,2f3c9fb62bfd7d23da0d73e84babab0f70e95f428c8c60f626fe071a430927d4,Tests_passed,True,True,True,True,Tests_passed,738d920575dc2f66d917a6c6082d7e294c190adf51e562e3956ae5da83636dd5,Tests_passed,738d920575dc2f66d917a6c6082d7e294c190adf51e562e3956ae5da83636dd5,Tests_passed,738d920575dc2f66d917a6c6082d7e294c190adf51e562e3956ae5da83636dd5,Tests_passed,738d920575dc2f66d917a6c6082d7e294c190adf51e562e3956ae5da83636dd5,Tests_passed,738d920575dc2f66d917a6c6082d7e294c190adf51e562e3956ae5da83636dd5,Tests_passed,738d920575dc2f66d917a6c6082d7e294c190adf51e562e3956ae5da83636dd5,Tests_passed,738d920575dc2f66d917a6c6082d7e294c190adf51e562e3956ae5da83636dd5,Tests_passed,738d920575dc2f66d917a6c6082d7e294c190adf51e562e3956ae5da83636dd5,Tests_passed,738d920575dc2f66d917a6c6082d7e294c190adf51e562e3956ae5da83636dd5,Tests_passed,738d920575dc2f66d917a6c6082d7e294c190adf51e562e3956ae5da83636dd5,Tests_passed,738d920575dc2f66d917a6c6082d7e294c190adf51e562e3956ae5da83636dd5,Tests_passed,738d920575dc2f66d917a6c6082d7e294c190adf51e562e3956ae5da83636dd5,Tests_passed,738d920575dc2f66d917a6c6082d7e294c190adf51e562e3956ae5da83636dd5,Tests_passed,738d920575dc2f66d917a6c6082d7e294c190adf51e562e3956ae5da83636dd5,Tests_passed,738d920575dc2f66d917a6c6082d7e294c190adf51e562e3956ae5da83636dd5,Tests_passed,738d920575dc2f66d917a6c6082d7e294c190adf51e562e3956ae5da83636dd5,Tests_passed,738d920575dc2f66d917a6c6082d7e294c190adf51e562e3956ae5da83636dd5,Tests_passed,738d920575dc2f66d917a6c6082d7e294c190adf51e562e3956ae5da83636dd5,Tests_passed,738d920575dc2f66d917a6c6082d7e294c190adf51e562e3956ae5da83636dd5
820,refs/heads/main,18aa067c44e630e6484c3c91476f80f2a83a0a34,8d50b338f4662076b62e1db4d57e90a631ec30a2,d3564a9a4f62cb44113958d5f653b8a34aae321f,,bec79e19529970cad8fa5111858fffb7a98571cc734b71c55b4d3d323aae7925,Tests_passed,a0e253194bed02c55920d861635deb6dc9a121e7320da622a28eab68e2878bed,Tests_passed,True,True,True,True,Merge_failed,403760356e77c55ce8b0f56e28468f5e21dbc3716a38fb03d49e59d7af16d963,Merge_failed,9a7a4c58efdbb432804c23d062ba9a48587f063ad3db7a61b8046dd3ef40fe35,Merge_failed,403760356e77c55ce8b0f56e28468f5e21dbc3716a38fb03d49e59d7af16d963,Merge_failed,9a7a4c58efdbb432804c23d062ba9a48587f063ad3db7a61b8046dd3ef40fe35,Merge_failed,403760356e77c55ce8b0f56e28468f5e21dbc3716a38fb03d49e59d7af16d963,Merge_failed,403760356e77c55ce8b0f56e28468f5e21dbc3716a38fb03d49e59d7af16d963,Merge_failed,403760356e77c55ce8b0f56e28468f5e21dbc3716a38fb03d49e59d7af16d963,Merge_failed,9aa896d233d0bcde3fc586d342d03a2e55f3fa98dad07a6c57b5f3b3bd505725,Merge_failed,1aa8f4b70198c788a526e687094d3db827377b6ebae680dbb24782f8f5d97f89,Tests_passed,fc26f07d2b3d91982b466b147ea18646d04fe49fc2f94fc3ddcd83079f59ad04,Merge_failed,266ff74d0a3f724bc199de5cb1cc44f43e9f5b20dc1b617ec4f6113716f0ecee,Merge_failed,403760356e77c55ce8b0f56e28468f5e21dbc3716a38fb03d49e59d7af16d963,Merge_failed,9a7a4c58efdbb432804c23d062ba9a48587f063ad3db7a61b8046dd3ef40fe35,Merge_failed,403760356e77c55ce8b0f56e28468f5e21dbc3716a38fb03d49e59d7af16d963,Merge_failed,9a7a4c58efdbb432804c23d062ba9a48587f063ad3db7a61b8046dd3ef40fe35,Merge_failed,403760356e77c55ce8b0f56e28468f5e21dbc3716a38fb03d49e59d7af16d963,Merge_failed,9a7a4c58efdbb432804c23d062ba9a48587f063ad3db7a61b8046dd3ef40fe35,Merge_failed,403760356e77c55ce8b0f56e28468f5e21dbc3716a38fb03d49e59d7af16d963,Merge_failed,9a7a4c58efdbb432804c23d062ba9a48587f063ad3db7a61b8046dd3ef40fe35
823,refs/heads/main,432585cb755a370eecfda4153184a1085d10923d,6aad80904a366bcc640b4f8f913b33e8738727d0,e41a341ce6e5f03db360d9faa7cd2b8d37538b71,,f648c393d3f07662ccc414858585a712305700c6aa1566364406300ab08c858d,Tests_passed,ac4ab9d2aa246c5799ab3de8a5b9e617291a44aec9ea79403a4346c07d778d29,Tests_passed,True,True,True,True,Merge_failed,2cf978ac80b1621cfac1b38c818c5dd28b5a3dd141685fd95ed5a78986b14430,Merge_failed,a734ab72ee7e01f05d0ac7928a98af6b2540bb4a55d1fd46cb59d16a3106a98f,Merge_failed,2cf978ac80b1621cfac1b38c818c5dd28b5a3dd141685fd95ed5a78986b14430,Merge_failed,a734ab72ee7e01f05d0ac7928a98af6b2540bb4a55d1fd46cb59d16a3106a98f,Merge_failed,2cf978ac80b1621cfac1b38c818c5dd28b5a3dd141685fd95ed5a78986b14430,Merge_failed,2cf978ac80b1621cfac1b38c818c5dd28b5a3dd141685fd95ed5a78986b14430,Merge_failed,2cf978ac80b1621cfac1b38c818c5dd28b5a3dd141685fd95ed5a78986b14430,Merge_failed,1c5f907bcf8428986ba0bb675a7aa97536eb07fa9b6a4d0484fec973a563cbd1,Merge_failed,be650ef5c2b8d26b472f84e5a140d31329b3650b280932e2aea57f62bb0bf41c,Tests_passed,e3527a8c23beff3264ee593021161ca4874200cf805739f1dc87769fe447e500,Tests_failed,3a30c2398af6848aaed1d58462200ffdd3a97c4e7f98bfeaf3b8863bdc1faf98,Merge_failed,2cf978ac80b1621cfac1b38c818c5dd28b5a3dd141685fd95ed5a78986b14430,Merge_failed,a734ab72ee7e01f05d0ac7928a98af6b2540bb4a55d1fd46cb59d16a3106a98f,Tests_passed,9fcb8ab923007ace1eb72aee67a9f62f7a6e774146cec6cd36f0371c9ca236de,Tests_passed,cf197d87fa49894cb0bf2282a2ced07d13cf0b8c3f3294d4d7b94cea9cb2f113,Merge_failed,2cf978ac80b1621cfac1b38c818c5dd28b5a3dd141685fd95ed5a78986b14430,Merge_failed,a734ab72ee7e01f05d0ac7928a98af6b2540bb4a55d1fd46cb59d16a3106a98f,Merge_failed,2cf978ac80b1621cfac1b38c818c5dd28b5a3dd141685fd95ed5a78986b14430,Merge_failed,a734ab72ee7e01f05d0ac7928a98af6b2540bb4a55d1fd46cb59d16a3106a98f
840,refs/heads/main,2eb8ce632ceb6463b701bd9aeb083a320421bec4,a5b6302a697edce939af7b5be6af817d4dd5292c,739551cbe39f6eb8bc69965003f7ebbba97f5df4,,5f2cd3daef266e3898cf832f66a81a7c4781ac71310da704933308f921afa4a2,Tests_passed,558eb374d7e528ad2aca4d156fdd3bfd2a3204962ae02cea804bb382b732367c,Tests_passed,True,True,True,True,Tests_passed,afdd145be57488c69869eef2d27d4ba9cdf67e299c476590f186ab69d5886a2f,Tests_passed,afdd145be57488c69869eef2d27d4ba9cdf67e299c476590f186ab69d5886a2f,Tests_passed,afdd145be57488c69869eef2d27d4ba9cdf67e299c476590f186ab69d5886a2f,Tests_passed,afdd145be57488c69869eef2d27d4ba9cdf67e299c476590f186ab69d5886a2f,Tests_passed,afdd145be57488c69869eef2d27d4ba9cdf67e299c476590f186ab69d5886a2f,Tests_passed,afdd145be57488c69869eef2d27d4ba9cdf67e299c476590f186ab69d5886a2f,Tests_passed,afdd145be57488c69869eef2d27d4ba9cdf67e299c476590f186ab69d5886a2f,Tests_passed,afdd145be57488c69869eef2d27d4ba9cdf67e299c476590f186ab69d5886a2f,Tests_passed,afdd145be57488c69869eef2d27d4ba9cdf67e299c476590f186ab69d5886a2f,Tests_passed,730a8903478c6d265142453bdf4037d121ea11f1933974533ec83788289fa966,Tests_failed,d9de961364baa51568b872a9a8b49055c300d2002a871ecf0f82e3b3dde5187e,Tests_passed,f9a103a3ff2e56c747d30c6bd9736a8eac651cf44681c6da7e76411c4f858a97,Tests_passed,f9a103a3ff2e56c747d30c6bd9736a8eac651cf44681c6da7e76411c4f858a97,Tests_passed,afdd145be57488c69869eef2d27d4ba9cdf67e299c476590f186ab69d5886a2f,Tests_passed,afdd145be57488c69869eef2d27d4ba9cdf67e299c476590f186ab69d5886a2f,Tests_passed,f9a103a3ff2e56c747d30c6bd9736a8eac651cf44681c6da7e76411c4f858a97,Tests_passed,f9a103a3ff2e56c747d30c6bd9736a8eac651cf44681c6da7e76411c4f858a97,Tests_passed,afdd145be57488c69869eef2d27d4ba9cdf67e299c476590f186ab69d5886a2f,Tests_passed,afdd145be57488c69869eef2d27d4ba9cdf67e299c476590f186ab69d5886a2f
889,refs/heads/main,4e56b8bb78003976881789dcdad22b59aa654b2b,cb0facc6efcea65826101558ba1da54d707ddaf1,845017313c251c5ee0f56331090c8686d749996f,,425f435ad387f13f676e8bc3261e46a9b89e367d25147991972a5e779010933e,Tests_passed,c64fc378051cfe83e00bf2cfa1d984de375e3fda078346a86cbc432651916853,Tests_passed,True,True,True,True,Merge_failed,cf1c85176f50630ad7c9d85a29a24e9f30692b12cb75d014d8cf2cbc167f0d7a,Merge_failed,cf1c85176f50630ad7c9d85a29a24e9f30692b12cb75d014d8cf2cbc167f0d7a,Merge_failed,cf1c85176f50630ad7c9d85a29a24e9f30692b12cb75d014d8cf2cbc167f0d7a,Merge_failed,cf1c85176f50630ad7c9d85a29a24e9f30692b12cb75d014d8cf2cbc167f0d7a,Merge_failed,cf1c85176f50630ad7c9d85a29a24e9f30692b12cb75d014d8cf2cbc167f0d7a,Merge_failed,cf1c85176f50630ad7c9d85a29a24e9f30692b12cb75d014d8cf2cbc167f0d7a,Merge_failed,cf1c85176f50630ad7c9d85a29a24e9f30692b12cb75d014d8cf2cbc167f0d7a,Merge_failed,7d358126ec9119dfd413da0ec39f38e9a5619bcea83e1910391451dbc67b2e7b,Merge_failed,4f96e99dadd5f13d5a5323155e4ca184da1b9ed93e3946b3582d40f0bdda3b5e,Tests_failed,a45fc4730e5c5f1abcc8407d8c7682603cc59a544b9b7be87b6aa002a5602ae8,Merge_failed,bbc22632a1479e9017a7105d9b578e69d6f2160e9596c4f6d3149164212c58a9,Merge_failed,1bb687195bb06bc8c3c3d937c7bd9aefdbdb14e973398d29d60b9c09e81fe35e,Merge_failed,1bb687195bb06bc8c3c3d937c7bd9aefdbdb14e973398d29d60b9c09e81fe35e,Merge_failed,1bb687195bb06bc8c3c3d937c7bd9aefdbdb14e973398d29d60b9c09e81fe35e,Merge_failed,1bb687195bb06bc8c3c3d937c7bd9aefdbdb14e973398d29d60b9c09e81fe35e,Merge_failed,1bb687195bb06bc8c3c3d937c7bd9aefdbdb14e973398d29d60b9c09e81fe35e,Merge_failed,1bb687195bb06bc8c3c3d937c7bd9aefdbdb14e973398d29d60b9c09e81fe35e,Merge_failed,1bb687195bb06bc8c3c3d937c7bd9aefdbdb14e973398d29d60b9c09e81fe35e,Merge_failed,1bb687195bb06bc8c3c3d937c7bd9aefdbdb14e973398d29d60b9c09e81fe35e
898,refs/heads/main,e81e228f03c90fe82a3c64eb0e55ed1367ff1faa,bd23ba60773b3acd375d588bc532aaefe9c827db,8da6db9fcc9effb099241da4b0cd5bf9d097f00d,,1c2dbbf9647f06ecab9acbc7079966920a888b1f3072db6f13779c9f3bd00cef,Tests_passed,b2c492fe763b429ce3c0455aebaafbb43bfde318ee8cea04a284c700c4132c53,Tests_passed,True,True,True,True,Merge_failed,9645b931ce9c159e53bafbc51955dfd73e93f8ba1ad1d1c9825259b227354f29,Merge_failed,9645b931ce9c159e53bafbc51955dfd73e93f8ba1ad1d1c9825259b227354f29,Merge_failed,9645b931ce9c159e53bafbc51955dfd73e93f8ba1ad1d1c9825259b227354f29,Merge_failed,9645b931ce9c159e53bafbc51955dfd73e93f8ba1ad1d1c9825259b227354f29,Merge_failed,9645b931ce9c159e53bafbc51955dfd73e93f8ba1ad1d1c9825259b227354f29,Merge_failed,9645b931ce9c159e53bafbc51955dfd73e93f8ba1ad1d1c9825259b227354f29,Merge_failed,9645b931ce9c159e53bafbc51955dfd73e93f8ba1ad1d1c9825259b227354f29,Merge_failed,1c19a6667bc8a763eefcc4d82dd83aa33a455a7fe7f013106416a3d7826dc799,Merge_failed,18ed6656f7b37737c0dd50053fd527b910d48c022dfdad83d96ca9f43c4119c9,Tests_passed,a23c8df2db9a315c10355213669e9b7efbed6ca09e56e520d1c88398cfe7f47a,Tests_failed,8edb6dcff981f2234c905af34d1a54639047711bdc16355738eb4eb966150cb3,Tests_passed,0bf36165e16eeec6a4051a841776243b3c6c6466cee59af69840118ecd74bc40,Tests_passed,0bf36165e16eeec6a4051a841776243b3c6c6466cee59af69840118ecd74bc40,Merge_failed,9645b931ce9c159e53bafbc51955dfd73e93f8ba1ad1d1c9825259b227354f29,Merge_failed,9645b931ce9c159e53bafbc51955dfd73e93f8ba1ad1d1c9825259b227354f29,Tests_passed,0bf36165e16eeec6a4051a841776243b3c6c6466cee59af69840118ecd74bc40,Tests_passed,0bf36165e16eeec6a4051a841776243b3c6c6466cee59af69840118ecd74bc40,Merge_failed,9645b931ce9c159e53bafbc51955dfd73e93f8ba1ad1d1c9825259b227354f29,Merge_failed,9645b931ce9c159e53bafbc51955dfd73e93f8ba1ad1d1c9825259b227354f29
917,refs/heads/main,23c07316eeae1ced577d2a51384bcdb8c5dcb9a0,425ea0579e2c2ffcb5adba4e4fa25e0b6608cded,e740f52e5ebc74fe5b594dd0300ac66cf3c42c63,,fdc32c58cac1c48637281ef30bca2916a4c9e86f54199c9e03648a7a92784697,Tests_passed,e152336f693a584dd5a9f77be86503d1f144850663ef6cb83170f7abd1549e2f,Tests_passed,True,True,True,True,Tests_passed,653a3c4a848f986040c08d9b3c9e46cef7704c101f01185989893fbc61464b1a,Tests_passed,653a3c4a848f986040c08d9b3c9e46cef7704c101f01185989893fbc61464b1a,Tests_passed,653a3c4a848f986040c08d9b3c9e46cef7704c101f01185989893fbc61464b1a,Tests_passed,653a3c4a848f986040c08d9b3c9e46cef7704c101f01185989893fbc61464b1a,Tests_passed,653a3c4a848f986040c08d9b3c9e46cef7704c101f01185989893fbc61464b1a,Tests_passed,653a3c4a848f986040c08d9b3c9e46cef7704c101f01185989893fbc61464b1a,Tests_passed,653a3c4a848f986040c08d9b3c9e46cef7704c101f01185989893fbc61464b1a,Tests_passed,653a3c4a848f986040c08d9b3c9e46cef7704c101f01185989893fbc61464b1a,Tests_passed,653a3c4a848f986040c08d9b3c9e46cef7704c101f01185989893fbc61464b1a,Tests_passed,882f0bc4876fb6371648046857ced413f4e0d90610eda571a8490a0fb9f894a9,Tests_failed,bb80c30a9302c5b82e1bbc659a8f843db743fc645d03857e7a33758fabbbc2fc,Tests_passed,653a3c4a848f986040c08d9b3c9e46cef7704c101f01185989893fbc61464b1a,Tests_passed,653a3c4a848f986040c08d9b3c9e46cef7704c101f01185989893fbc61464b1a,Tests_passed,653a3c4a848f986040c08d9b3c9e46cef7704c101f01185989893fbc61464b1a,Tests_passed,653a3c4a848f986040c08d9b3c9e46cef7704c101f01185989893fbc61464b1a,Tests_passed,653a3c4a848f986040c08d9b3c9e46cef7704c101f01185989893fbc61464b1a,Tests_passed,653a3c4a848f986040c08d9b3c9e46cef7704c101f01185989893fbc61464b1a,Tests_passed,653a3c4a848f986040c08d9b3c9e46cef7704c101f01185989893fbc61464b1a,Tests_passed,653a3c4a848f986040c08d9b3c9e46cef7704c101f01185989893fbc61464b1a
