idx,branch_name,merge,left,right,notes,left_tree_fingerprint,left parent test result,left parent test coverage,right_tree_fingerprint,right parent test result,right parent test coverage,parents pass,diff contains java file,test merge,sampled for testing
16,refs/heads/master,8471de442d8b7012de0a11a5be6705253e44fcf1,dc3ad357c4afbc0fd6dcce8c62ef8a81a50361ff,8ebc7e09355e1e0b18c71d4f1611dfe3cf192b88,,,,,,,,,False,False,False
18,refs/heads/master,2c14c7802bed09257341bed608a4f0f8de7c3394,fb0ad35b289be3793773369c81736178cc260373,954cbee6aecc92eec7d213346adc1f5c5b511f65,,d78e22565374951b7f68e4a60f51c4543a156a629ab15a07a27e818f01480ae5,Tests_failed,0.0,77dbbe3dc9c24d13421f85a319593c7247e662fc826821865e7c93b6c9276e83,Tests_failed,0.0,False,True,False,False
36,refs/heads/master,88603725cde92f801eca11caccce8ebb1208bce2,ee28d30cfc96ff80db0bc7c23d0619ca820dd408,7a2cc85c2a1f3d579d6724248bbd98474536f18f,,596d758c8f3ff87d932300bc7e583e829fed3d7b370d1e825429bbe8f31144b7,Tests_failed,0.0,41bb3abdc979d4b0d6b157c003e7b717ce62d4d2d9fecff5f0c6c71a6854c8d8,Tests_failed,0.0,False,True,False,False
38,refs/heads/master,ee28d30cfc96ff80db0bc7c23d0619ca820dd408,99ab2ae7ad1179c4887e88c9db5e51168a28ef52,9256fd695d0ea282990bc39345fe46df84cbaac6,,85752daea7de4c1850656dd61d5ae58ef83273744328d424381a4f03297d71ea,Tests_failed,0.0,d59cf5aca607b3864bd113de1025abdc8241faca39507b61bfdf47c60dee1abf,Tests_failed,0.0,False,True,False,False
41,refs/heads/master,7c6df283b5629b67d77a54c2ef0711fae251a0d0,97bdd5783685e0c5252f6c757f065092fc198306,34ce1fa2d814ff08059f311831fbba04440f5fee,,b12db4d9abf5d706983a8df47eda883f166c640c1a3f0417bbd89339edbfd78d,Tests_failed,0.0,5b94d01025b41236a035b251512153b25a9338bda99b7523cfa5b71361267800,Tests_failed,0.0,False,True,False,False
43,refs/heads/master,97bdd5783685e0c5252f6c757f065092fc198306,44fe1bb8761f286f01e0f82c3deaca89ed55deee,a0933b552794cc49f9b5a23865a313217d12ad35,,b12db4d9abf5d706983a8df47eda883f166c640c1a3f0417bbd89339edbfd78d,Tests_failed,0.0,079a617a84fc07495cc5fdf60b4a7eae711e83f13e846609584a8e09ca04a34d,Tests_failed,0.0,False,True,False,False
44,refs/heads/master,44fe1bb8761f286f01e0f82c3deaca89ed55deee,6f006dba3e5afbd7b24d33efcdebacac879b3383,5aaa8f33e45b7f3f13569fb79f23954a57c69b0b,,,,,,,,,False,False,False
45,refs/heads/master,a0933b552794cc49f9b5a23865a313217d12ad35,6f006dba3e5afbd7b24d33efcdebacac879b3383,5aaa8f33e45b7f3f13569fb79f23954a57c69b0b,,,,,,,,,False,False,False
49,refs/heads/master,f1845d55f2dd31fad558e5468d850862b6be795c,b7659137bed0ca8bada4120e18e96b8fe86e9aac,61f030107aa525986cf7beecb4f8d68b1f330af0,,4d72042df72c419ab8ceedb123219dd3ce8a431100a25a6138be9e6a66990e02,Tests_failed,0.0,ce35cf2ff836484b04d86b60eb963bb6d76074772b0c53183a1998495d80c326,Tests_failed,0.0,False,True,False,False
52,refs/heads/master,25c43e3571e39413b9603727bfca6e33e45700b1,9a56ca416ee6f6f449db99d1929edf681f98eaf2,8c98ce81f1463a0ccfe8a8cc82f3dedbf5c029be,,f1dd25c7faa4405274eadb8c25c34c1c0e46864b6fb2a7c562a148b8472907fe,Tests_failed,0.0,68a5b8f8f0b788e470c104c6033dfffe900eb1fd06e8e62761fe56e21bd91d89,Tests_failed,0.0,False,True,False,False
59,refs/heads/master,42fef875c9ce21f216a3d24d5ecddd171b1c04de,0e5a5fa24647d424451c3bad838e085796532fed,5f275b6c1f84ce2080b09be352b69d1f4996e0df,,308a38aa37a60c6d71eb75e64abf708f2ea906e5617bd467ddeebd65aba47029,Tests_failed,0.0,067e89e36c4a0b71fd464fb4198bf82b53ed6957a1ffaebfaa689dd9e0db7fe2,Tests_failed,0.0,False,True,False,False
61,refs/heads/master,8304c2072e59f9ef68191fd901c4782916e449d9,7307cbcbad702ee379ea7e0406fb4c477c8023a2,97437884610a1158c97783ebc7c3891e43d74012,,,,,,,,,False,False,False
67,refs/heads/master,c50c7e369137b6fdae9e399245dbe604210115d3,5063781dd5a321894aac73211b3326f3b615c349,b9feaa6fead793feb5217086f640ccad860eaa77,,9ca12ba8b9010fac6121c8fece1afe575e44de4a930e1c5160849e25c201096e,Tests_failed,0.0,04429814f91f8debdfd9dbf7647a5d4ba1d9afa745e0e47d87cdedc58858748a,Tests_failed,0.0,False,True,False,False
71,refs/heads/master,fad92b5c1136acd225aa6b5eaef465a345df7dad,0a1f90bcbae6f4c974c5136fe4c016c2070e2076,4eec65063ef574ad816bc378cade530429e60dcb,,bed00d8f40ed104e49ce66350952deb96dbca65eff6703f98f206a6649c4d8ce,Tests_failed,0.0,b92dab093c04884a3bb58ec4125e30da11487e01b8d338423723d57ddf10a760,Tests_failed,0.0,False,True,False,False
72,refs/heads/master,4eec65063ef574ad816bc378cade530429e60dcb,839974aa4c53091b37273bdf0a41ae9dfe81a37a,15a91e9f4199b7458233ca329c1ba21e9b71b115,,bca4ce66230959414a20a49c4f7bef04a53b89e6413ef1ef97f1bb81f29a7051,Tests_failed,0.0,b92dab093c04884a3bb58ec4125e30da11487e01b8d338423723d57ddf10a760,Tests_failed,0.0,False,True,False,False
74,refs/heads/master,ceb4a8c4960acb518ebc45fe3529f58ceac6e4d7,c617b72d7cbd4f3f2d293a06c175f825507cc10e,9a2486bd8bd334110a4bb89ee32a713033db10ab,,095a4c3d38695233d08f057f7d97bb5f6e9172f520a86cd0deb42cbff304fab7,Tests_failed,0.0,531a4bce447e9e12c86d3cf1101d3df401f14d7f73f37d89f70bbf22c6e796e7,Tests_failed,0.0,False,True,False,False
76,refs/heads/master,ed2afb2604007e879f0aa78179e1e22c1e7c260d,6f4e96519d2a0f036fed5c83d9013d0be650b06f,e8d85fba68dc1f5509e763d247cc173d0643ebbb,,,,,,,,,False,False,False
77,refs/heads/master,e8d85fba68dc1f5509e763d247cc173d0643ebbb,814bcba4357ad32a0d77d3a941f588feefe12f71,20b44d4fee3dda602e3e416ff3a0864b16f65aa0,,2efce9196f28d8ea5c774c6eb903e9a4c31163dba1d93477ca1f12a041117cc7,Tests_failed,0.0,7e14e538bdf78db976707993d4f1ab48afb22ed6104fd41ca382f51765665297,Tests_failed,0.0,False,True,False,False
78,refs/heads/master,6f4e96519d2a0f036fed5c83d9013d0be650b06f,814bcba4357ad32a0d77d3a941f588feefe12f71,20b44d4fee3dda602e3e416ff3a0864b16f65aa0,,2efce9196f28d8ea5c774c6eb903e9a4c31163dba1d93477ca1f12a041117cc7,Tests_failed,0.0,7e14e538bdf78db976707993d4f1ab48afb22ed6104fd41ca382f51765665297,Tests_failed,0.0,False,True,False,False
80,refs/heads/master,814bcba4357ad32a0d77d3a941f588feefe12f71,d5aca9f1443d72555c431255573333e47e59b3c8,1a00a242082dd656674666297aae033e3b44a10e,,,,,,,,,False,False,False
81,refs/heads/master,d5aca9f1443d72555c431255573333e47e59b3c8,a9b6f08e0b58ee261000d43faaa5670a46a99715,01d2ff26b9375163187f1ed4256fbedf5edcb11f,,b1283647af7a78de2b8bb0c86636c5a03b5150f470b564421e818b6ae6cb6939,Tests_failed,0.0,a403d4dedf2cd71f26dd3389deef20715a4c4be0198dade6eac5f2a91e3aeb06,Tests_failed,0.0,False,True,False,False
82,refs/heads/master,1a00a242082dd656674666297aae033e3b44a10e,a9b6f08e0b58ee261000d43faaa5670a46a99715,01d2ff26b9375163187f1ed4256fbedf5edcb11f,,b1283647af7a78de2b8bb0c86636c5a03b5150f470b564421e818b6ae6cb6939,Tests_failed,0.0,a403d4dedf2cd71f26dd3389deef20715a4c4be0198dade6eac5f2a91e3aeb06,Tests_failed,0.0,False,True,False,False
84,refs/heads/master,b19ccfd9c6b760b60b1e31ea24924a30e156d299,845a645015b299168e075950f2a8492df5a35f10,f36eeef3e0ccb7ce711f247ad10b563b223f0861,,526a067893d49c6a7583b13842d3eea2b79bb5851d08ca2520fbf6d3f11509fd,Tests_failed,0.0,ddb25b0d9e5c7ff0949f7dc9d60dfb68fd3516609212d30adfd7b02b65a5f036,Tests_failed,0.0,False,True,False,False
87,refs/heads/master,f9b61ff3ca8a32a6c27f978f04585ee23fbee196,4ce3ce2da9537f68a8757928947a17c412fdb85f,0581e642da02543f28eff603607a1174500e606a,,d2a4595118837b7fa2bc65f69df65b2e4ab7c7cfd302009fa98b4ef3c4b56e00,Tests_failed,0.0,1cb35dfb5f4f4a8dc0987a9a4956d5782bde7d03eda38400d2e0f2e4e3a4ba2b,Tests_failed,0.0,False,True,False,False
90,refs/heads/master,e38f719636c35902774fd2821ff224c1e13a097d,7d78b16172465d63f1d022d45e61f3f92618e1dd,0ef556bfb8285b121735bde6c0f883c94dc49708,,2bbde0e79bfada068eb3a2a4689efc720f4cb40ca61afb5e974e9f69385e1641,Tests_failed,0.0,94fa5383b42f5a1dae1ba3d5df76886718d9177bd936e77bc8a61069c147a26a,Tests_failed,0.0,False,True,False,False
93,refs/heads/master,d85d96454b23a041d786da5a3725f78d2c623600,ad06ea73c79a8010bfe4410c1b6d87072da54861,3a5c03cd0828f81c02da0e60b769d740c2f27e1a,,5ac7571b3ba160b07865fb2863d9e25b5be1474a51da6b8c416f4ca02b79a5a7,Tests_failed,0.0,c54cb09e0998f614080af076810d66c449239b6ed3cc0cfce8bd351acd03cc5a,Tests_failed,0.0,False,True,False,False
95,refs/heads/master,c7ecd6952bd3b46a631165a11dd57813d0fcc970,9a28d57614340db059ea1067f68da82287d19f3a,7f50a46f604cf0f4e99cc336dcadcf90719ac337,,550f1d51169b44a4a298f8cb314c8f5fb15c2d983285f92a78e5062c7476e300,Tests_failed,0.0,41400fd88bbee3018a93f1fa5982d2160702a51d322b6571bcef2c9829c48e1d,Tests_failed,0.0,False,True,False,False
96,refs/heads/master,660e062251787203c318038cc7bae85ccb824e9f,f8c1968210533d13eb775b183c345552155f1b45,839974aa4c53091b37273bdf0a41ae9dfe81a37a,,4e6722f80ddd92517484d3515cb306e09b7a832b78f508767be8650027597501,Tests_failed,0.0,bca4ce66230959414a20a49c4f7bef04a53b89e6413ef1ef97f1bb81f29a7051,Tests_failed,0.0,False,True,False,False
104,refs/heads/master,08f3e53ea40039c52b34e955ea429feb56f3d366,b2a9520d80fcf06ad777d4097843e82bd92bfca2,e23d261b80a89a12cd3c5ce21d778944353b5428,,,,,,,,,False,False,False
107,refs/heads/master,079684e7cae814f836a2842e77f9039df41bb2fa,69810506b4c4a8b4cb821f2489c0e45ae13c9b9d,479ad02ae433a7ce709d89fcf64ee5c37a168362,,5e84a54c82aca471c3cc0f0cd696c4d715143b2b55c56f7028170bc1aee71328,Tests_failed,0.0,3f44b361bcc51ad4f1bfb93b2589fa0ffa1aaf40b053443e6960168b23797dd2,Tests_failed,0.0,False,True,False,False
109,refs/heads/master,69810506b4c4a8b4cb821f2489c0e45ae13c9b9d,70e885043691e40248e7b24bcc3bd92351156410,1b78ff5446f3ad4b43d4a909decdb7c67599c528,,,,,,,,,False,False,False
110,refs/heads/master,d2dbba055650c97c02207dfdc598bae17579acfe,09c8311496dba5eaef8bd9bc33d40fb9731ddfd2,1b78ff5446f3ad4b43d4a909decdb7c67599c528,,a1eac386125c8a7fd549e539e47f1c3c80e075e2c0de18356677f6e284b80526,Tests_failed,0.0,e1f87dcdbb6adcad85bd069bada8a6a861596a96f77cab7df54bfbd439a300f1,Tests_failed,0.0,False,True,False,False
116,refs/heads/master,180c4ed0579fbc3d7237ebf82310d9a3c579532c,3b482d9d0ed41a4ccd6bb595dc79edc779686d21,98cb97801e27a781f996e99caf5e522405d5f445,,1537abbbac870ef3cc40e0c9c0e884f551e13167390eec825f1c2d611afc5d18,Tests_failed,0.0,e5c4fcbf420b7e47afccdb8f30d7adfd5dc1de8806f66a69209a792426db97be,Tests_failed,0.0,False,True,False,False
120,refs/heads/master,4305fb51bc9841726f6b843d91821da7fb832250,28d4507e0026a9a9202480d71ed48bdb639e700b,03009977e5b754b7ab24ba288ddc38ae41604b83,,8b1357266bd08b2de6631f2fc63207e21ef425ae37f72cea6b6be22013f8aea5,Tests_failed,0.0,d61c0046bf3749aa32e598a2b88aed91a5f210f28dbe91ef4dddeca03f98070d,Tests_failed,0.0,False,True,False,False
122,refs/heads/master,c0f587598f0a7b1eb5c54d4df28f430901387212,e2328afcf85c08367c8dcd0953a3092c03c8cd34,ae2c985b6c99da8bb52a0b69b8c5dbe47c322fa4,,42130c95356ed3435948d7156b684413c8465b1cc9e476ea590cf16db5e56def,Tests_failed,0.0,7bd5e2ff6ec53188f0c81135fb820bea73b5e4839d05ba91cc472066e7c2a24b,Tests_failed,0.0,False,True,False,False
125,refs/heads/master,5ed12236ce8d7c1db6d3109ac05119388459a0eb,c3ffd4a16e8dea771c96be79ddabc188d2d48c48,04d31f9a8dcfeacbd6856321ab45c5881def67ab,,fa8675d9a99f8e49dd0d49fd19b885332bc134def8397a6c704d34cbd023461e,Tests_failed,0.0,0d0c34b69a28591374ab1a16b56dd03681a931915d1edc7c30d3c557ced7cc95,Tests_failed,0.0,False,True,False,False
127,refs/heads/master,3b14fe30ca62f2a7b9e350be9d1bd9c7aa6828c5,ee8e43ea588f9447366251c2c3e88c98d8f07107,f5dc8848f8ae6cdf95dd5f6b0890721d638c2380,,f076e57fd664574f3b1741894e2bf1560ed5889f701c84bf30da4039bd68ca1f,Tests_failed,0.0,18767f6b40d2458c4a1ed00614c71808cd9d005c574bd6fbadccbbc8fb45517b,Tests_failed,0.0,False,True,False,False
128,refs/heads/master,f5dc8848f8ae6cdf95dd5f6b0890721d638c2380,aaf87a5cd2bd73b1a0d442a6b59dc697c66a5f3b,b332c5bab2d55164c1d2b2c53e486de46fe55b2e,,4637d7d0dde3b3ee87e2e37b6a0524cb9265bb71e6ba78ed6b0db3ebba9d3f02,Tests_failed,0.0,18767f6b40d2458c4a1ed00614c71808cd9d005c574bd6fbadccbbc8fb45517b,Tests_failed,0.0,False,True,False,False
129,refs/heads/master,aaf87a5cd2bd73b1a0d442a6b59dc697c66a5f3b,55cd8b620dc6ea8d03c3aaf2ecbfdf69808b28d0,a5560dcb88d74e94a4a077933a903efd6d866f66,,6ab16953c501951e0307441eb679a2511fee36e9a8f92b42ddc2e7a49a28c0d0,Tests_failed,0.0,4637d7d0dde3b3ee87e2e37b6a0524cb9265bb71e6ba78ed6b0db3ebba9d3f02,Tests_failed,0.0,False,True,False,False
130,refs/heads/master,55cd8b620dc6ea8d03c3aaf2ecbfdf69808b28d0,973958d9217135ea5982afdc0888ba15c2f5c87a,3c9f1a723e4e325d656060c497e4f1f7c65d4a63,,696799e08276b898b04d611f17978813f5c00e36feb184dcae3524e3fec1c050,Tests_failed,0.0,6ab16953c501951e0307441eb679a2511fee36e9a8f92b42ddc2e7a49a28c0d0,Tests_failed,0.0,False,True,False,False
132,refs/heads/master,d676d1d53095b9cad282752a8d3df2dfc2d52896,c7b3f19bc891b206c60741b5afa5d204b1612930,1f4147503873d0f2fba8f446021efdf998d7d89b,,93791cd2bc74494d896d86cbe626f29a43f70815e27188f1c70717f4582e795e,Tests_failed,0.0,8ac4e9a0b0ba9134ecc3ca6bb6b620dd71e8c3dd1602dcc5afa152e54997d610,Tests_failed,0.0,False,True,False,False
133,refs/heads/master,d31e631bf8a7b53969e89c6b0c37ddcdef42a430,5d09e7ef43b336c85418bd1583f28197af657d06,6f3b6dc5fffb2c42e3b6b5504a452edeae3dc2ec,,44e1e94dc3b2221b71fbbd596fcda272465b2b2e666e0dcd1ac2e99dedd2aea0,Tests_failed,0.0,7c8f83839628bc88611cbf00925ef75c51f481267bd3eb7b7621ad7c61ecd00a,Tests_failed,0.0,False,True,False,False
134,refs/heads/master,5d09e7ef43b336c85418bd1583f28197af657d06,3f212a2497dbb5c50be2255719fb45af280ffe05,92617eb69378ab0afb10e72eafa163a5114ba893,,,,,,,,,False,False,False
137,refs/heads/master,5251a1e7ac665f578d8152f6be8e586535478676,f4a0d05c26f39f7c4905e9b25b1312a21d3148cf,8cc94fba5050981338b0908488c54e69cbe4c0a8,,e948af0cbe9b0c4f0adce41807f8fb1a6d261e4c97aa493324170a1e1dbd74b6,Tests_failed,0.0,7c86a40aefc3a992c6e4a5235102781ac3abda6450a010ebc37234d247f8fd00,Tests_failed,0.0,False,True,False,False
138,refs/heads/master,f4a0d05c26f39f7c4905e9b25b1312a21d3148cf,fb6a24c1678482cf4648f9efc6db11860b9ed7ab,364723ac9c1063556befb91fa66498a980badb13,,,,,,,,,False,False,False
139,refs/heads/master,fb6a24c1678482cf4648f9efc6db11860b9ed7ab,bd2f94fe99312832595cd9075e5207e273aeede7,a73360458931cef114d02b2fc16c3edb623dc0d5,,4cd5d9521a1b3ab0ff5442fcf9e61e0bb846b857ebc0758821631a862c148b14,Tests_failed,0.0,abe4f5a1314547fde21257533d1b08c891352954cac58e78e6d2ce34b087fdc9,Tests_failed,0.0,False,True,False,False
140,refs/heads/master,bd2f94fe99312832595cd9075e5207e273aeede7,4695c4cc06ca6efa4f1aa4896a667f842c1d2344,7efbe8f7ad92473c80962f31b2b8131d0c36e87a,,,,,,,,,False,False,False
141,refs/heads/master,4695c4cc06ca6efa4f1aa4896a667f842c1d2344,2e2a1db742d7e397ad7adc0d91b8353342267dce,5faf04dcc9c61e695d69a1d447681e4ace5583d1,,736bfc18a417e95769b5c40ba09fd070e64de9e723f4bcb032f913ea94073b08,Tests_failed,0.0,a86d1f00f74e769db825605c8fb689a4d0e00f429aab05ae36b2bdb8c44b1390,Tests_failed,0.0,False,True,False,False
142,refs/heads/master,2e2a1db742d7e397ad7adc0d91b8353342267dce,4c7cd5d349fe769c1bfdd129758bdf8a96a6a7ae,c8edbfd58832ca90518c73dc117dd4d5df9dfb06,,6e61a315c7ff006b6b596f54730b988ebc9d8498fa725a9c6fd211d5dd1c37be,Tests_failed,0.0,736bfc18a417e95769b5c40ba09fd070e64de9e723f4bcb032f913ea94073b08,Tests_failed,0.0,False,True,False,False
143,refs/heads/master,4c7cd5d349fe769c1bfdd129758bdf8a96a6a7ae,6ae36ab849237b948f328758443f9075f01e8c59,2dcb7e566e0d5167a87e6d061bc50a02f4e1059d,,,,,,,,,False,False,False
144,refs/heads/master,6ae36ab849237b948f328758443f9075f01e8c59,d17cb7f3e10294aadc2982dec313061307f262c6,d828f2d65b2e0a4db2e9208a2042a5b62d8aa174,,,,,,,,,False,False,False
147,refs/heads/master,72e509091102b0deeeda8d485650c7bc93667616,d0de4fefe11f184c1a195855a899836f48a8fa81,b044bf0a4b268db28e114a9181536b625674a878,,b14267e4a225c9f222dcdfdd6823038e548bfe16cd95600d9cb0c39958270887,Tests_failed,0.0,d192ff4c3632c697cf2101de30105d21b4dabee84fa9aae2985ed4619e8b6bc2,Tests_failed,0.0,False,True,False,False
148,refs/heads/master,3bd8824d482c0000548b82729bb3493129e60cba,ca7923a08580754c351c346a123d2b7120cd3d4c,2445c51f2310449349ed055a819e1c38836162ad,,e60cb18cd5ba7be7f30e5704964f761dedb4a06fe759dc78c00a72f4ea6eeb3a,Tests_failed,0.0,76a7b6f9852c60a18986dfdb6aaa93269f72c111d61d4c3a85367dda28e867e1,Tests_failed,0.0,False,True,False,False
149,refs/heads/master,ca7923a08580754c351c346a123d2b7120cd3d4c,ea45f11e62f8f5f2a1dbd7901c68c3d8941565c9,375b2d404e349236c29f1c85a5be615b10e71677,,4f3a65d921012ceef99e2ddedf990d0e5bb280aff64b218f910d120985166e03,Tests_failed,0.0,2a403a61b9859e82f604f8ce50872fab3f0649c44084af009d42743e1876497a,Tests_failed,0.0,False,True,False,False
150,refs/heads/master,d2e363189d9f62274b00e3b7dda7ea83ea24ec57,b21f3f6b47a508c774c639140aafa51265d31f9e,a9820bb27c89205e7b2968af4264d0d5b1dfe21a,,,,,,,,,False,False,False
152,refs/heads/master,44efea6db1414b2e859d5446a3d3f7c314c84f25,c8f0021287f16946d062e4e58c2951850a1195fb,e55448ee9cdebcabbf5ff3feb151f0f9e1ae91e2,,547869b28469235f8b188ac026015ebc00d222a13e98f523cbd04bf56f2b91b4,Tests_failed,0.0,e2896fb81321bb64c5837f4de953f05b1c913624f4a8bcffb5311bd55bb2db78,Tests_failed,0.0,False,True,False,False
153,refs/heads/master,21d63969352cb914df9a1f26f9c297c9e5499e8d,cdfd194e3c8d5e20849290a3a3a624ff8075ecb8,6373135a34f52c78d5fb86b8613caa1ea00a4496,,fb91085f72f26afe480528a04324c82cedd44edf5a7501c3744a91bc7ee5269f,Tests_failed,0.0,cb2eaee599e64a1a86185194852c650e74cd38097f6ba235964801b50d13e216,Tests_failed,0.0,False,True,False,False
154,refs/heads/master,b20ac2ac1f80b201d58eccad45604f30f6f0977b,b082e9e9afc6e24c4b248b9985234096499f58f8,4b4438f1004061b1cbd8afa767995013260bc8a4,,973118d51eefdee18553288718c0938c133c63f599f48cfc52d45e7b47ed3cb9,Tests_failed,0.0,b5f039d7e8a45d2f0a715b6365f4b3dbc948c5ea1bc57515f119b522d191cab3,Tests_failed,0.0,False,True,False,False
155,refs/heads/master,5dc043d16b4defc1b622b73905557c1c1e41cccb,34239c75d538cc84b0815514a279c24e6441b40e,9b97093adae192549416a18b253e3bbda2f49d2f,,21949060f0c6156f2d6ad589c86181e175caf3beabdca7ce1c4c7c0fd7f36939,Tests_failed,0.0,c4227998511cdd261098a8ccd2afaa2ef098c3969af90bcd1ef52a625bcded91,Tests_failed,0.0,False,True,False,False
157,refs/heads/master,50e3e3f14c535a257f42a352cce19bd83e916995,e24d30c9098eed512128c8fd8ff714e4467778a1,37ce4366e6db4717f51338971083a6a907500ae1,,0f53da3d0e11f18c7a45c3228d39adfa7eae107dd5a22d1072a3811959595201,Tests_failed,0.0,2845651d3e527351bd4aa60183d5d2426b360f23effbea1b19b36c11a4afe6e6,Tests_failed,0.0,False,True,False,False
158,refs/heads/master,0f52f3b4eb36d2d410b6678bb773ab56230943a4,2831f24b69f4dd1fc2f8d55a38476cd3110c976f,f7f73f5cabc6fd8e84085e82e4f67cc64af90d1a,,e9354ab34d4992fefbe8111e6594eac921e6b55bb5f19b61dad9f3f2b1aa0011,Tests_failed,0.0,7dc2418690332dc1915d37cecf8efdf647d65548cde1bbf100beef39c00a4355,Tests_failed,0.0,False,True,False,False
159,refs/heads/master,2831f24b69f4dd1fc2f8d55a38476cd3110c976f,509f3a6fe180bf76ce2ed0812409a3e9fcfd1121,cb9310b58c6e3f6fa51ec8b71aea4fc0a71764a3,,ebcd5d1f4cac9e806abb91fa6596b5493a1ed5285660b3f874f68ebf3d9f3883,Tests_failed,0.0,e9354ab34d4992fefbe8111e6594eac921e6b55bb5f19b61dad9f3f2b1aa0011,Tests_failed,0.0,False,True,False,False
161,refs/heads/master,e56036e877a943cfb9da18300ea845d6e12eda99,54cbc577232f392b2783819803374ccf352ca49c,009c839d7483bb3b522d05a51e66feaf7b0aa751,,9fc832fe77014bc63687c321a434b5efef217dc3f46e365cceeb97be7097df8f,Tests_failed,0.0,f4fe13a5f8bf1198810fb3bd1f84e0727e92374d9812b6841f44f262176a40a3,Tests_failed,0.0,False,True,False,False
164,refs/heads/master,0c9f75723147cde77211f663b52b39d2fd5a3f44,53bbfad60299846d5f69c07d54640d1b2fe50808,12a4738bf913c915e2e68aa67b98687855105ac7,,7075dd5b63f65dd921c7cbf334fc817f95ccf9ecd4e705355548d12eb6f5215f,Tests_failed,0.0,69efd18c08f1a9eef490a7f4c80b2955d142634416c64a1f76b7e7f04a0980bb,Tests_failed,0.0,False,True,False,False
166,refs/heads/master,fc0d39f463a5687c684efd8713bda4e440dce5df,626fb2fe0dd41797796f6ecd6c76a7977627b824,9d31ec19e54158e2fd268b4d7969ec316e4e421a,,,,,,,,,False,False,False
168,refs/heads/master,728e52ee230b09d7efd7768a0d4b319cdc9aa0c8,15187b3c3e246d7a0f5251e97af1340f8a7d092e,beb0346f8d95d356d7ee37a20c89a2e03929e214,,b2ee26841d77c43ae9cdf7d59b2d22de4d51cd13de3151cf80368ca140929fe3,Tests_failed,0.0,beefdb411b0af1b4da2c75f966538dec8c64c98199532e7afc0f571bd97ded38,Tests_failed,0.0,False,True,False,False
169,refs/heads/master,42d54241ddfb0795b3996abf71ca42ba0b120177,dfa048978582ac83d41a5f8e0c336e78ec3d7cf0,8f196ca98bce34da761a9c3b28310dd34500c420,,275e856dc2aa67504457a8b4a55219a13b00dbb321b27592fdb2638881c0a681,Tests_failed,0.0,691a454233751af3a3381224097b8ef5fb70196463ee0bebddb752e76e2548e5,Tests_failed,0.0,False,True,False,False
170,refs/heads/master,e887558e914b7993b7b0019d48ff60c876bf33ca,e951567bd9a6bf007762326d4155b3433051f6e3,9f26c6a4d53e2f3be1329877dcdd58d1e5da3779,,,,,,,,,False,False,False
173,refs/heads/master,52fc18100b421bcc829d0122b95f3a09271bb061,1de83f8b891a6b50f330f520ed5c6c3b8e694d5c,4a133b7c021103796129699cb798d13ecc820e46,,0d4cdb2fc6dfbca338a6553b735f6915ff7ab15eccf204591129149e5a6c81e9,Tests_failed,0.0,5f55c63de7659f26e0020e668571c55d07b8dd2fd41ab751f41e3afd6e45362f,Tests_failed,0.0,False,True,False,False
174,refs/heads/master,15a96ac29d2736bc286ae65062be9fd44be992f3,068e28d5cbb7752a05fee53b606ee4bd3980c9e8,f7fc6318b87ba8f19ab2a1aab8ef472ceec62abb,,66635ac9c354919da3e6e6f956d6b42ae8755aca4830062a69f4893f8c2d3a4e,Tests_failed,0.0,a878286ad4c29c6edc936fa2d5a1d3b325015613a3c91739ef683fae161d2b2a,Tests_failed,0.0,False,True,False,False
175,refs/heads/master,f8a2503bdaabd1b39416fd9d3e632f5da801a736,58139bb732f17996f1a5b46eed5bc88cb918cdeb,e32cd131865a0b4bfe07befb3200bc80326f8b1c,,9f82227328accfcd80a1b29a8ba5135254d92a1bf711bb1cc5c841ceb94bae8f,Tests_failed,0.0,c085ccb976032d9eb87887e51a862d8ed5e4924d082464c6206d018a13d8e5a7,Tests_failed,0.0,False,True,False,False
176,refs/heads/master,58139bb732f17996f1a5b46eed5bc88cb918cdeb,04f5b563070b2fba600c4587328ce34b5f5647bc,b29c729dd12b8b8343989e858c3b40801567a93b,,aa8c707514447441d7d364213a74a52d050687e29ff2fd25d425ee5e3f5b5915,Tests_failed,0.0,9f82227328accfcd80a1b29a8ba5135254d92a1bf711bb1cc5c841ceb94bae8f,Tests_failed,0.0,False,True,False,False
177,refs/heads/master,04f5b563070b2fba600c4587328ce34b5f5647bc,ec05b66dd847ee70809aae7613e0c3ede82c943a,809f940d44f731917ce3f18cd26ec9a15c7b5ac4,,96dda5c159b8f88880e75ded321d5dafdec99556224cc5df3575d5f105d3d76b,Tests_failed,0.0,aa8c707514447441d7d364213a74a52d050687e29ff2fd25d425ee5e3f5b5915,Tests_failed,0.0,False,True,False,False
178,refs/heads/master,ec05b66dd847ee70809aae7613e0c3ede82c943a,0903cb45ec5fcabdd8d4dbce047bd5d9b79d16f6,2f7242f946ccedf25884147c96f48e47d68d72dd,,,,,,,,,False,False,False
179,refs/heads/master,0903cb45ec5fcabdd8d4dbce047bd5d9b79d16f6,8cd051e9318d9686e7efcad065985fa825eff1d2,74ffa6b60419ad687a3b4237ae91ca256ac86464,,b90c634d77942793683beff1f370265e98b4c571753349159a06136f4c987277,Tests_failed,0.0,cfed6f30cca56b51eb345f50e4ccb15378ce6f2b3633040c5b0896ef4fdea6fa,Tests_failed,0.0,False,True,False,False
180,refs/heads/master,8cd051e9318d9686e7efcad065985fa825eff1d2,0f4605fe17047865e937b8b4494dd18d515006db,e2f35d6fce23b9d8bbe0bfabe6fb9c0be6bdd6c2,,31c175fc84cac6714fec90b585c8f971dc2a1f334135c146a2c89860c0bdae62,Tests_failed,0.0,b90c634d77942793683beff1f370265e98b4c571753349159a06136f4c987277,Tests_failed,0.0,False,True,False,False
181,refs/heads/master,0f4605fe17047865e937b8b4494dd18d515006db,fd8a4ce1aa31a2713892d489664bab1303a198ae,7584008fd7dd46251d428724957aab338532215b,,5a7933be4f15c886f34dbd8d8a88b6da3740f6246437e20afa46a2f5855b08a1,Tests_failed,0.0,31c175fc84cac6714fec90b585c8f971dc2a1f334135c146a2c89860c0bdae62,Tests_failed,0.0,False,True,False,False
182,refs/heads/master,fd8a4ce1aa31a2713892d489664bab1303a198ae,59dd487e9ce774eee6e6fd0d3db26250ddea9c05,1cf2a5b424d7381940c233bb3fc5d915f313dbf0,,,,,,,,,False,False,False
184,refs/heads/master,705213cac5d88b136eb27ca92417b8e5d2793fea,284a3a0d6d5f78a7a92e61107c761d818c9e0296,34d06d0cd2f5e41ac26542395c38e42faf852cae,,f8f67a58cd0beb2115386245d9f76c7f0771047f9e9960ceca92ef7fcf302c37,Tests_failed,0.0,2980fa80bc53c4726193f0a506b3a73947f0195b1c8a3aef3f7e421af5fca5ec,Tests_failed,0.0,False,True,False,False
186,refs/heads/master,d63a39c1f323fad0ae6dedc11d885e45dd967ed1,32d4fc1d63fff9de4398a61c4233904d871fa9e6,d7b98620f6415f846d1ecfcd72c77e82809a8897,,b370958f79d0e0f9f54352f52218d5fc41bb4d2bce0f75a07f52ccace068c026,Tests_failed,0.0,f7c9cb1191f827dcab705a288f1334282683c9d0c35b5fd47c953c2e22fae54d,Tests_failed,0.0,False,True,False,False
187,refs/heads/master,32d4fc1d63fff9de4398a61c4233904d871fa9e6,ddcdd5a7f7363e746f5e4f7709bc5a31d5574875,7232029adc3c0e5a74fa901a6404b970057b0bde,,,,,,,,,False,False,False
188,refs/heads/master,ddcdd5a7f7363e746f5e4f7709bc5a31d5574875,d24cc22fd5d0de05fa239263e1326f2074dcca60,7c10039c09f10a0abdbbed5722e0f24e6633c183,,f9e1b179219f34d7ff17fb2ae626ccb8faec89b76ab3bbe77a4033e05f7b8fdb,Tests_failed,0.0,62b121ba366891dbe25530ff4ed6d411f3629b7c58c5594bfec454a1f6425647,Tests_failed,0.0,False,True,False,False
189,refs/heads/master,d24cc22fd5d0de05fa239263e1326f2074dcca60,e65a0d24006f05c1ad103b51e05facf9ecf24ef5,fb12c894d5aaa360cbd5be12d4c44b5b9fbf05a8,,,,,,,,,False,False,False
190,refs/heads/master,e65a0d24006f05c1ad103b51e05facf9ecf24ef5,e00d2f2f3f6a43319e1c463cc04e889dc822e4f8,3029c135e697a31f78545eec0c4d7744a1b1226f,,9d005c6841683263d3c1531dc0a3eca98a2c7038feda6ac4a950f7d4d30898db,Tests_failed,0.0,d720b6cd701dd22dae73bee79b0f077aa4afde9ab82c2f050996420f81f02535,Tests_failed,0.0,False,True,False,False
191,refs/heads/master,e00d2f2f3f6a43319e1c463cc04e889dc822e4f8,e787c6713670dbe3338d814b51668e8e29a856d6,bf9f774bf2b6911b16539ed09293957ba2a3ccab,,0dd690ad83de52f8ac91fe33d15ce820244e4e0e7f8ac9920f72738598492ac4,Tests_failed,0.0,9d005c6841683263d3c1531dc0a3eca98a2c7038feda6ac4a950f7d4d30898db,Tests_failed,0.0,False,True,False,False
192,refs/heads/master,e787c6713670dbe3338d814b51668e8e29a856d6,8a99000ba070131bdcb71b5d893b2f5513168833,583388ab1e7f13d960f0e07bfe1c2a4d2926e5e1,,5576c7454568d5ecdcbeff471f99ee964dddd5c66a6610d990239ac88e026cfa,Tests_failed,0.0,0dd690ad83de52f8ac91fe33d15ce820244e4e0e7f8ac9920f72738598492ac4,Tests_failed,0.0,False,True,False,False
193,refs/heads/master,8a99000ba070131bdcb71b5d893b2f5513168833,c3cabe9d97f4c1f738ed677610442dcaabbd8f05,4856f6ee3d73317416f44b71a0e35971d4eed7c5,,22d7f961f7619ed49b6f8d77e7b7e3cfd755d69d3933fac2d91f1f877fe880e9,Tests_failed,0.0,5576c7454568d5ecdcbeff471f99ee964dddd5c66a6610d990239ac88e026cfa,Tests_failed,0.0,False,True,False,False
195,refs/heads/master,f01b2ce53fe95b8bb7436bf3f838349ef70a9f07,4b1cdbc92b96f611d40226255b070624b98e5995,3456a539d1e9a24596524d06db6c5a54350da0c1,,78ab890f132fa5019f9ad9ba14ba4df90dd5fafd8c0a9fdc968ba1d155be4e99,Tests_failed,0.0,5aafb4a09da4711190e38eff454836945bdee888b3c281e099800790f8b08450,Tests_failed,0.0,False,True,False,False
196,refs/heads/master,4b1cdbc92b96f611d40226255b070624b98e5995,1f19e4565582b17ed152f457ed6197f1b2754900,0459c50bc4d3f0bf6d6ed3fbc1c5bcfec4fedaa1,,293664effe4a9e8112d497a34c802fdc4873380eed757fdb0417f3cf37e3e31d,Tests_failed,0.0,a694993e0ec8509317b3c832e819c97865747584684f03c88de3207c591e2eac,Tests_failed,0.0,False,True,False,False
197,refs/heads/master,1f19e4565582b17ed152f457ed6197f1b2754900,3608bbb4208b76f43ccf05cc1b5edc98436dcc4d,d37924947ad8394fa55666e5c9624bbeb49b42ae,,89423399468db08980f5f5b18218aca5a319a09f97878dfb36e78d3c664df03d,Tests_failed,0.0,c91ed59c426137cd58e91a324aa61a2665597c33fdd24cadc186e7a8cbd4b2d5,Tests_failed,0.0,False,True,False,False
198,refs/heads/master,3608bbb4208b76f43ccf05cc1b5edc98436dcc4d,edc79fb626b4445ab483c31168f1494bef73e3d8,d8f1f97415d51f71b84a5c63f65c1ceea31ff15e,,b1f367b2037f078fb9d7996961a0f8d0fed7df1df9389875d98f2e9e1e361092,Tests_failed,0.0,7a9cfe95ae8d6d8384e67c748508e5e64c26217386b6b2ad578d4327b5ca7009,Tests_failed,0.0,False,True,False,False
199,refs/heads/master,edc79fb626b4445ab483c31168f1494bef73e3d8,b3e78dd0af24cff383c6a356f48ceb7bd1cc0c75,e2a2a203468f686d6723db355f78edb40a66c277,,d14e416361810d02502a091f73303f36ad92b692254bcbb44dc24c1f1b81d8b0,Tests_failed,0.0,1292a94305e78a7f1246a0d4b0dc67a6a531f7d426d16bc89bfbb5583e4fd4a3,Tests_failed,0.0,False,True,False,False
200,refs/heads/master,b3e78dd0af24cff383c6a356f48ceb7bd1cc0c75,9600a1d6485699b1af3982b428c311c6c8e61155,04d8847cbb661e802b167b3c7cac5d672eb1c1b7,,2b210e5ed9f1d4406afb2502a3281289127739be23c6cb85a8d99880695e46f9,Tests_failed,0.0,a4a52ded2277e6fdba896e3e34d2ae1007ed286678bf1e2d0c5f3873b6883736,Tests_failed,0.0,False,True,False,False
201,refs/heads/master,d16f724608a923d69b4633e24ea9bef4366b59e1,5a7b573216e74a6ba69d2573927a233a902c348e,7ff3f9f938e088759f401e6f6db4b3c394d0c79d,,5b0e9494793936efd906356420f601a760115470791a573d17daf1240a79e379,Tests_failed,0.0,273e5086bb301920963de1574a964f761d3802b73c483885732a123745d7b4a0,Tests_failed,0.0,False,True,False,False
202,refs/heads/master,5a7b573216e74a6ba69d2573927a233a902c348e,2e7a5b448314a3a5f37f6f0dfa4eda67d7790fa7,25995010016adcbaa27b71f6b01dc8eb9f444e98,,,,,,,,,False,False,False
203,refs/heads/master,2e7a5b448314a3a5f37f6f0dfa4eda67d7790fa7,327076945a96dc6babaf7d8abdc086afa9f98bc6,6472aee682ef4e9fa1d1d791a017dd068c35ea34,,,,,,,,,False,False,False
204,refs/heads/master,327076945a96dc6babaf7d8abdc086afa9f98bc6,6fed137c2e51261a5c924e30825614fe985befee,37267f99a70f10d017b3f577a6c59af81f8d9fea,,2e8d3c7e915841298cf3c5b92c865b40e355359f361c2f77762f6b7740027061,Tests_failed,0.0,dd55678f360759046ebf1c8fb3f04b757a1abd282ccb239dd4486561d0797826,Tests_failed,0.0,False,True,False,False
205,refs/heads/master,6fed137c2e51261a5c924e30825614fe985befee,a6295bc777bc896a5170242a24a06489d57c06d9,a763aab79d944472007b0a1f8d0012a1017a10db,,7f427c58e150235e3ccadcf7c4be9f76b2d6f5e97a87799bc6d408373b9d39c4,Tests_failed,0.0,2e8d3c7e915841298cf3c5b92c865b40e355359f361c2f77762f6b7740027061,Tests_failed,0.0,False,True,False,False
206,refs/heads/master,a6295bc777bc896a5170242a24a06489d57c06d9,1b8bd2d473b3b58c3b05e153ce01bb71daa0cca9,a9ae645b2a76082fbc140005e1af2ff0f03bd6a8,,1ac043b0f028d0c85b49350153f2b0312164ab0f66e1ac017b2537cf0f0a83ab,Tests_failed,0.0,7f427c58e150235e3ccadcf7c4be9f76b2d6f5e97a87799bc6d408373b9d39c4,Tests_failed,0.0,False,True,False,False
207,refs/heads/master,1b8bd2d473b3b58c3b05e153ce01bb71daa0cca9,849dbc949711ef704f6d044c4992403a00a9f604,a7079534d271f5da0a3c0f803e68ef18e89b2188,,6d149a5a814a5590c23c382804286e7e854eb619ca24240a8bcae9e3e3a8a86d,Tests_failed,0.0,1ac043b0f028d0c85b49350153f2b0312164ab0f66e1ac017b2537cf0f0a83ab,Tests_failed,0.0,False,True,False,False
208,refs/heads/master,849dbc949711ef704f6d044c4992403a00a9f604,97c7d23e8fa6a0d2441e7847c0a26dd25425709c,5f1d6f035613ca3c685bb255d5be8f42f385644e,,,,,,,,,False,False,False
209,refs/heads/master,97c7d23e8fa6a0d2441e7847c0a26dd25425709c,1201a498dfe677b899367c4b30ea3b16d23ae7d5,d3242d7840797e1135ebd765a706e9e07768ebce,,5b5dec1574faf1630a3bec3895f9514a827c8a6877fc2ab40d63c9910d9f7e32,Tests_failed,0.0,8cfce5a68738e7673c6015b2aa428f571bb502bf868f42119a8433739555167e,Tests_failed,0.0,False,True,False,False
210,refs/heads/master,1201a498dfe677b899367c4b30ea3b16d23ae7d5,68d0da0dcbfeceff2713f56f43330fa1a5287d4e,e19d07748e5c6a6708b6eef5e8a10c833f1fc92c,,61259966dd73707b8a7e0b074292a44778d46f8c08857ac6b2ba7037d631b212,Tests_failed,0.0,5b5dec1574faf1630a3bec3895f9514a827c8a6877fc2ab40d63c9910d9f7e32,Tests_failed,0.0,False,True,False,False
211,refs/heads/master,68d0da0dcbfeceff2713f56f43330fa1a5287d4e,ff828f2e20bbb1478daa5605b0229140e4f71052,3b0263ded3557ef152db33bf67c2b0bf4f0ef493,,,,,,,,,False,False,False
212,refs/heads/master,ff828f2e20bbb1478daa5605b0229140e4f71052,9291b4368c8e10c460e24e5aa2354ab212215ca6,214988202d41d6efda8f72e956e21d3b02763090,,62994ecea6085b0f87d04eacf17a52bb7a4054dcedf0686b6257d9ad6d6e29fa,Tests_failed,0.0,f7377206a353ccddee15f0180573b8495d424a8ad5b4e2b8e4ce9f4537623dff,Tests_failed,0.0,False,True,False,False
213,refs/heads/master,9291b4368c8e10c460e24e5aa2354ab212215ca6,a11c1c8a3916b6eb9e99f517947557a94417314a,bc7b98cf20a8926e7ff7593b5fd70cbadd719b67,,6652adfb38e81cba065a9830bc51a5c7210f174542d4c75b6e260e2ad8072ee6,Tests_failed,0.0,62994ecea6085b0f87d04eacf17a52bb7a4054dcedf0686b6257d9ad6d6e29fa,Tests_failed,0.0,False,True,False,False
214,refs/heads/master,a11c1c8a3916b6eb9e99f517947557a94417314a,ea176eda32e221d2a6a8edeb03bcbd5250f96589,9d88715aad8de818a7415e0ea68e9552b003e90b,,048d613f43e694d27d691131b1230535a6200ee20f8812b8c7c1dfcfb337fa97,Tests_failed,0.0,6652adfb38e81cba065a9830bc51a5c7210f174542d4c75b6e260e2ad8072ee6,Tests_failed,0.0,False,True,False,False
215,refs/heads/master,ea176eda32e221d2a6a8edeb03bcbd5250f96589,22a5a8a6c09aa41cf7d01a9672dde40dc95eaf06,07d7516df831d053aa3a05d7726d05c51055f72c,,71426100f64148a3c27302b46e184829c7a321967852c3bc51c76842d9b5de4f,Tests_failed,0.0,048d613f43e694d27d691131b1230535a6200ee20f8812b8c7c1dfcfb337fa97,Tests_failed,0.0,False,True,False,False
216,refs/heads/master,22a5a8a6c09aa41cf7d01a9672dde40dc95eaf06,932a06ea66449a7232b6f679d2e0724ec11dfdab,704e705a85f7f439ea257cf5c208248f86b872d6,,f8eb9b791164d0b43e49b79b379f26df344ea29c75cbea6cc4fc32078ca4b787,Tests_failed,0.0,71426100f64148a3c27302b46e184829c7a321967852c3bc51c76842d9b5de4f,Tests_failed,0.0,False,True,False,False
217,refs/heads/master,932a06ea66449a7232b6f679d2e0724ec11dfdab,184f7223b5b19d2ee740e695c884eb4ae8b558de,d95bf6093cbded606dc1cce466a88f130c342095,,ac54c115a3e51670f4c6062ad8db90521b18ee79ec1b035aa95aac2a32f6a89b,Tests_failed,0.0,f8eb9b791164d0b43e49b79b379f26df344ea29c75cbea6cc4fc32078ca4b787,Tests_failed,0.0,False,True,False,False
219,refs/remotes/origin/pull/139,5b5b17b406e409f0a94d528e3d6df2374a2ce5c1,0f56c9fd36e707950865d0e1d0ffb4d2ae37a9ff,e615902781988ed16e3d270201dd62d3a4b0f288,,,,,,,,,False,False,False
220,refs/remotes/origin/pull/147,5333e190fdbcdf75e713a0ea2d75dc1023e88e21,f857bdc5900507fd2832684a3ad5fdf56529979a,0936b8ab020abb0c0b84c0eb4dba30beb7c06fa8,,1099dac34e74ac656d19764ca01d69aaf34d24b4e0b78bf43f35076d95de360b,Tests_failed,0.0,b758a460c100a20b92f982ee0b1851b4b444d70da77d04ffff46546a2a1e2e7e,Tests_failed,0.0,False,True,False,False
221,refs/remotes/origin/pull/147,f857bdc5900507fd2832684a3ad5fdf56529979a,9ec4d403807037473e02196840ecf89b4dbe393f,157319f534690df535822ca82cb8ef9086a139f8,,1099dac34e74ac656d19764ca01d69aaf34d24b4e0b78bf43f35076d95de360b,Tests_failed,0.0,15bc6b8f4ede3c4b5e3ef9211ec01b45408f5e496bb22a6ac954ed5d94c89fb9,Tests_failed,0.0,False,True,False,False
222,refs/remotes/origin/pull/147,9ec4d403807037473e02196840ecf89b4dbe393f,018d76c6fa43cc349dc56b5ed0ea0ada7741a56c,0e2203779db812b692b170b7e69701e3b44bd84e,,05760558d3cc705dbc8674616b61bcc5653e937899cd308ad58269cbf33af0c9,Tests_failed,0.0,ff765bec081dd29c80ccfb52816d47ffaeb1d241e47c57f8836027ebaaa5a749,Tests_failed,0.0,False,True,False,False
223,refs/remotes/origin/pull/147,157319f534690df535822ca82cb8ef9086a139f8,09652dc6fb454a56e7c27c2f88223d5772be6030,173e1d4d49f1cd40560f1ee2e74a26b5a618d303,,ce59d8b518cea3037a3866025413c07b51daf0954693f723f72d412a31ee529c,Tests_failed,0.0,b9d0aedd31158face0edcdb08b365a47da99368b10183742e6631547e84c1a31,Tests_failed,0.0,False,True,False,False
224,refs/remotes/origin/pull/147,09652dc6fb454a56e7c27c2f88223d5772be6030,e8ac130ec846078576daec5b9add25b7ebce6298,0f7c61b54bae5e736425b4b16d862da3e7b66257,,6d406a0645037fa448a25cf537ed7061c0a119f22b7cabc1b1664e18e6ca35a2,Tests_failed,0.0,70d5dc56d04e2aee5db75ff9fa726c373b2365d76f1d500d3dc72830dbef93bf,Tests_failed,0.0,False,True,False,False
225,refs/remotes/origin/pull/147,e8ac130ec846078576daec5b9add25b7ebce6298,049071173b199c6217fadf2e5163a44b18d7f5f6,15a91e9f4199b7458233ca329c1ba21e9b71b115,,,,,,,,,False,False,False
226,refs/remotes/origin/pull/147,018d76c6fa43cc349dc56b5ed0ea0ada7741a56c,90e9806c55432f4590ce8980f90272fa83ced2d6,049071173b199c6217fadf2e5163a44b18d7f5f6,,,,,,,,,False,False,False
227,refs/remotes/origin/pull/147,90e9806c55432f4590ce8980f90272fa83ced2d6,36ecc8caf18218b62379adee87755a546d50f40b,1e0d3cf8c6d8200cf5093e0b0a18589d0f287b23,,,,,,,,,False,False,False
228,refs/remotes/origin/pull/147,049071173b199c6217fadf2e5163a44b18d7f5f6,36ecc8caf18218b62379adee87755a546d50f40b,1e0d3cf8c6d8200cf5093e0b0a18589d0f287b23,,,,,,,,,False,False,False
230,refs/remotes/origin/pull/160,960d50461e55c2f644e88d5d38ec008ed963c888,442b935ffcbc30571e066f57ac35f9a5990a8cf3,0936b8ab020abb0c0b84c0eb4dba30beb7c06fa8,,f4faa0f66c7a49273a66b11257e027eccb74bebd3137996736b40b389cf5b87b,Tests_failed,0.0,b758a460c100a20b92f982ee0b1851b4b444d70da77d04ffff46546a2a1e2e7e,Tests_failed,0.0,False,True,False,False
231,refs/remotes/origin/pull/160,442b935ffcbc30571e066f57ac35f9a5990a8cf3,e0d44fef259946577a9d8e8ad50a33ccf3bb2145,9a56ca416ee6f6f449db99d1929edf681f98eaf2,,,,,,,,,False,False,False
232,refs/remotes/origin/pull/160,e0d44fef259946577a9d8e8ad50a33ccf3bb2145,6f1c9f8fcd808fb3d06634ac9779118480c138d4,0e2203779db812b692b170b7e69701e3b44bd84e,,d308c81f127123926b1bc58a6079eb26d7e6461e6e89f837501591816a11eea2,Tests_failed,0.0,ff765bec081dd29c80ccfb52816d47ffaeb1d241e47c57f8836027ebaaa5a749,Tests_failed,0.0,False,True,False,False
233,refs/remotes/origin/pull/161,f596034d7e61ebd0cd2a3323fab5276584a69e6a,a9afbdb764fec329e89731dd2fdebe337e814a63,5f275b6c1f84ce2080b09be352b69d1f4996e0df,,,,,,,,,False,False,False
234,refs/remotes/origin/pull/179,8053842a211baa58af2fa3651fba9b2cf7d60204,ea4643f55d7e086c13a91b069b5cfa9a7b58f66b,61f030107aa525986cf7beecb4f8d68b1f330af0,,ac7fb0e9c34a4b7fe291a0c36c82a01522d1e8d7ce6681415159c576dc5dc020,Tests_failed,0.0,ce35cf2ff836484b04d86b60eb963bb6d76074772b0c53183a1998495d80c326,Tests_failed,0.0,False,True,False,False
235,refs/remotes/origin/pull/187,1163855a3e65ad42afb1364777ba0365536a5395,c4f0ee5888f768ee7d499c558cf4b1c7d74f0461,34ce1fa2d814ff08059f311831fbba04440f5fee,,7799f8b44afa13cb9657ae92bfec93b85d02a1c64ec2616a18f07149813f0629,Tests_failed,0.0,5b94d01025b41236a035b251512153b25a9338bda99b7523cfa5b71361267800,Tests_failed,0.0,False,True,False,False
236,refs/remotes/origin/pull/200,6229a10894dcd28e0827f1347ba81cb2b13dd146,951b1a5ed88586f5d9dc8f2a106444a8541cfd35,c1820d66d113a7313749375d4ba9f8b1992ce3af,,ad8fe1e2a1ad1ae709eadf2dd5443bd5e0b0af2209aaa0ffaab3af76e18bc984,Tests_failed,0.0,a648892ca11a50cf06394ca6646cb214a297212280f422c448852a0b039b6fa5,Tests_failed,0.0,False,True,False,False
237,refs/remotes/origin/pull/203,63549d191e2fc9b1781b1cc1d8ac26b8e8c9958c,be8b00e76fa19006e6346eb00f00083a569b1f20,ad3fa2bf3364e94314371269978ae9370ec5e25f,,a5f4e5decfa4c88c03111f5c2bc002e64acaa2de109938373188eae9db64d9af,Tests_failed,0.0,619d35c40ddea690ac9cd90dc3d704f5a74ff607289f51d3de40148e7f5c98d4,Tests_failed,0.0,False,True,False,False
238,refs/remotes/origin/pull/203,be8b00e76fa19006e6346eb00f00083a569b1f20,a28fa473cea58e433f20ac54293e173658d9020c,0f786fcb7bf1ef68aad807a5ed2362993bf45562,,e61b61cc5d9f8a4ddfc25b834ec64b2afc8519ff209b439afcf4357dba765dc9,Tests_failed,0.0,529ced81bb42a33a68f0d46f58b0d2de1b8cd2674109a1d31181903f8a4527a6,Tests_failed,0.0,False,True,False,False
239,refs/remotes/origin/pull/203,a28fa473cea58e433f20ac54293e173658d9020c,4d65a3176e6e00422a0292d768ca8c81b1ebce53,535f43aa9534d0307d4b5352534b194f1f7dc95b,,a18ce1b9251312ce8730ffdf4e87cddcc63e870961a60c0c1393da5ae53c6b53,Tests_failed,0.0,fd34726f409675db3556cdfddc4e0c31331dfac1d4270c3184753fc06568a09c,Tests_failed,0.0,False,True,False,False
240,refs/remotes/origin/pull/203,4d65a3176e6e00422a0292d768ca8c81b1ebce53,67d0996bd2afbfa2406534369a6b9603f2fb9b0d,c6fd51d379ebcfc46054e3f61a24c42e66ecd1f7,,f1e26fa99e1412814c4de1872bc65933ee9dbd27e59e2c5d4344edd4381726c4,Tests_failed,0.0,dd10294d2a4a6058e43fe4c51c7255a374c0a43319b527967ebfc985ef4b53f0,Tests_failed,0.0,False,True,False,False
241,refs/remotes/origin/pull/206,1de86ba536172e8d9bb678adeda5627dc434acaf,88c71204c51a053064cc40511936f3ae8e4b1e73,681578e6c6de1bccd8eb16c6c2b5fce78edcb6c5,,5abd13a11daa08ebc45253f2b65322a03c1829fec303d73da10d0b137d2d7cb4,Tests_failed,0.0,89f09e5f93293dc860480e5ceb722a08617084e67573ce9dfd3b764a74928f5d,Tests_failed,0.0,False,True,False,False
242,refs/remotes/origin/pull/212,8eadcbccbcb7ed409f451f4efd17b66ffe86d508,13c199fb6031218150034b3b602df8775ac04a05,562c9fea55b52a53edb26bbc1d003a90bf93e656,,cca5603e660e415e9fcf2a106009f74dc2add04b4259f569b7ff90603cbba30a,Tests_failed,0.0,80f4edb5d63497b5b4bb8ca0d49f4296e02ae33bcb550540be6906900c99952d,Tests_failed,0.0,False,True,False,False
243,refs/remotes/origin/pull/216,1551212ca8747f49b061fdbc82a9ed29ee8e39c1,3b1f1ac47d4136587ab95f75f12743076f176d19,4d3a4e391131491c95dde63d2d216ad838d7b769,,,,,,,,,False,False,False
244,refs/remotes/origin/pull/241,ab062042e3c0bf0c4ff37330888bf2a9bd1cb671,8db692ac12043dc92fa0e3c93d1c5f9cfd4b95af,7aa92c6e4c55357d0f121614022ed0cde4af263e,,,,,,,,,False,False,False
245,refs/remotes/origin/pull/243,a51523180a57c831d71905a8b013aaff8617f141,c8e68cb141e061dc242898531106b10d81253f37,73010ce6e65a4f15999215b462eb188765fda086,,9195c4f7a7491b1c0bd7f3428325d3fae6de8f117f6f54d7b018be0b2fbdf2db,Tests_failed,0.0,5dce4fb6d97e1532872125dd183bc20c44471b37009613eb42c3b63540dbcc98,Tests_failed,0.0,False,True,False,False
246,refs/remotes/origin/pull/243,c8e68cb141e061dc242898531106b10d81253f37,b3a49e0a31db4a17e423d30cdc91ded0cd645985,7c5d22a8e1b47efbc0fcaca8cbd0d157c9661b70,,3c4e166b40d4607ac145d538156e299570aa4435cc0e36999333c56d7d1f1284,Tests_failed,0.0,71e4ef745f8791a356f4d77b6e5dc48feafd96343cd5915436fe7c106fa5c440,Tests_failed,0.0,False,True,False,False
247,refs/remotes/origin/pull/249,f60c4567da327baa27a471e38d9c2ed80cf825df,0a11d8cd100b1df8c7012a80c712382185d8f1e5,3e26ebb60d251d8bc13dc105b5efc45958e17741,,ea5a8165a2fbdb68c911ae98413de96e25ce2d63c3fdbe57ca7ddf08c159393a,Tests_failed,0.0,a2ce08dbbb86a3c2f5a3dc4503d69c6b45b955bde085cec34c2ceca2cd04a4a2,Tests_failed,0.0,False,True,False,False
248,refs/remotes/origin/pull/251,c6aed46ee56222d3e67cb2cb920e28ebf327f2b7,7f319b2b97a3d29159ef250605c859172b431eb2,27c39c6d1442a91f6b16f77afd869a89dd48bd0e,,397c36b2202615d362ad8141d2f24b42535c95dd3e139c493109db5ecf5b667c,Tests_failed,0.0,c9ca91d88778b41c6ebd919f52370482bd3a441843e137186bc4ee3f6c239b8e,Tests_failed,0.0,False,True,False,False
249,refs/remotes/origin/pull/261,28d36475514099e8808007277a3ac4dfff3584d1,0a11d8cd100b1df8c7012a80c712382185d8f1e5,1472c1f2371bbe5c757e2e101b0f67d0a8bc7baf,,ea5a8165a2fbdb68c911ae98413de96e25ce2d63c3fdbe57ca7ddf08c159393a,Tests_failed,0.0,439a78cfa599e2431177bdce1f340b35bd84305cf13b823c5c2d356458505c1c,Tests_failed,0.0,False,True,False,False
