idx,branch_name,merge,left,right,notes,diff contains java file,imports_involved,left parent test result,left_tree_fingerprint,non_java_involved,num_diff_files,num_diff_hunks,num_diff_lines,num_intersecting_files,parents pass,right parent test result,right_tree_fingerprint,test merge,union_diff_files,sampled for testing,gitmerge_ort,gitmerge_ort_merge_fingerprint,gitmerge_ort_ignorespace,gitmerge_ort_ignorespace_merge_fingerprint,gitmerge_recursive_histogram,gitmerge_recursive_histogram_merge_fingerprint,gitmerge_recursive_ignorespace,gitmerge_recursive_ignorespace_merge_fingerprint,gitmerge_recursive_minimal,gitmerge_recursive_minimal_merge_fingerprint,gitmerge_recursive_myers,gitmerge_recursive_myers_merge_fingerprint,gitmerge_recursive_patience,gitmerge_recursive_patience_merge_fingerprint,gitmerge_resolve,gitmerge_resolve_merge_fingerprint,git_hires_merge,git_hires_merge_merge_fingerprint,spork,spork_merge_fingerprint,intellimerge,intellimerge_merge_fingerprint,git_hires_merge_plus,git_hires_merge_plus_merge_fingerprint,intellimerge_plus,intellimerge_plus_merge_fingerprint,gitmerge_recursive_histogram_plus,gitmerge_recursive_histogram_plus_merge_fingerprint,gitmerge_recursive_ignorespace_plus,gitmerge_recursive_ignorespace_plus_merge_fingerprint,gitmerge_recursive_minimal_plus,gitmerge_recursive_minimal_plus_merge_fingerprint,gitmerge_recursive_myers_plus,gitmerge_recursive_myers_plus_merge_fingerprint,gitmerge_recursive_patience_plus,gitmerge_recursive_patience_plus_merge_fingerprint,gitmerge_resolve_plus,gitmerge_resolve_plus_merge_fingerprint,spork_plus,spork_plus_merge_fingerprint,ivn,ivn_merge_fingerprint,ivn_ignorespace,ivn_ignorespace_merge_fingerprint,adjacent,adjacent_merge_fingerprint,imports,imports_merge_fingerprint,version_numbers,version_numbers_merge_fingerprint
8,refs/remotes/origin/pull/101,6fceb69a6af56b3ccf80b333b25f884a20ef224e,62e6242804e4167f5c476ae34acc784009a1af0f,9a0d208129c66ce13e90edb9765e3ba3684d7b80,,True,True,Tests_passed,a86ef3da5c32de2e3b8da7f9fbdede66282481f54c61b66a51d37831045e3118,True,581,3034,27124.0,3,True,Tests_passed,8518d304966701bf30996be17b0430c6da27b4ae062d0f0847b09dd30bda240d,True,583,True,Merge_failed,b7b2322f8698e4e50fd87b6bc23f5e9bff428dc0de2741902a28b73b93deea52,Merge_failed,c3c706b5d7171da76f1b0f153aa9cf11db293e1d47bc7b9e91c6208f68f6baf8,Merge_failed,b7b2322f8698e4e50fd87b6bc23f5e9bff428dc0de2741902a28b73b93deea52,Merge_failed,c3c706b5d7171da76f1b0f153aa9cf11db293e1d47bc7b9e91c6208f68f6baf8,Merge_failed,b7b2322f8698e4e50fd87b6bc23f5e9bff428dc0de2741902a28b73b93deea52,Merge_failed,b7b2322f8698e4e50fd87b6bc23f5e9bff428dc0de2741902a28b73b93deea52,Merge_failed,b7b2322f8698e4e50fd87b6bc23f5e9bff428dc0de2741902a28b73b93deea52,Merge_failed,1f4acab7d852d1df2021d27455f3ddc9fb9a23e62ece721b6f1149d2f9efdc35,Merge_failed,cbbce31659829ca4eee79a747b67e122babf0ce8e2b3a94a7d36b082aba114ef,Merge_failed,37fc1da6794fa3ad3fc52f3d83e466065669b99eec149838529a320911449527,Merge_failed,08384497073f7555589a741d7a0f1b1a2bc2c5143e7c706b4548afb8457db29f,Merge_failed,cbbce31659829ca4eee79a747b67e122babf0ce8e2b3a94a7d36b082aba114ef,Merge_failed,b7b2322f8698e4e50fd87b6bc23f5e9bff428dc0de2741902a28b73b93deea52,Merge_failed,b7b2322f8698e4e50fd87b6bc23f5e9bff428dc0de2741902a28b73b93deea52,Merge_failed,c3c706b5d7171da76f1b0f153aa9cf11db293e1d47bc7b9e91c6208f68f6baf8,Merge_failed,b7b2322f8698e4e50fd87b6bc23f5e9bff428dc0de2741902a28b73b93deea52,Merge_failed,b7b2322f8698e4e50fd87b6bc23f5e9bff428dc0de2741902a28b73b93deea52,Merge_failed,b7b2322f8698e4e50fd87b6bc23f5e9bff428dc0de2741902a28b73b93deea52,Merge_failed,2ba8543576b5da6489629fa83d683e336877301aae26596c3d4e8f19440829d8,Merge_failed,37fc1da6794fa3ad3fc52f3d83e466065669b99eec149838529a320911449527,Merge_failed,b7b2322f8698e4e50fd87b6bc23f5e9bff428dc0de2741902a28b73b93deea52,Merge_failed,c3c706b5d7171da76f1b0f153aa9cf11db293e1d47bc7b9e91c6208f68f6baf8,Merge_failed,b7b2322f8698e4e50fd87b6bc23f5e9bff428dc0de2741902a28b73b93deea52,Merge_failed,b7b2322f8698e4e50fd87b6bc23f5e9bff428dc0de2741902a28b73b93deea52,Merge_failed,b7b2322f8698e4e50fd87b6bc23f5e9bff428dc0de2741902a28b73b93deea52
9,refs/remotes/origin/pull/14,8240a2c66097f25303d9f4959b128db9bff1c840,c7d4346838f8dacac362afa0f532a3b715dc6320,43c388388cc93406cc029f8a3b807d09e0744b8d,,True,True,Tests_passed,0d4aeb7ca30285b8512ce9154dac1123228d15379ba506680eb86f6b0d5c1a05,True,402,1685,7921.0,10,True,Tests_passed,fd678101aba9c441df9f89c72444f6dbe88b9e6b65ac7d4a4f4b268f4e0205c5,True,402,True,Merge_failed,52664ab9c749e6f54492fdb07a79a1597b4a5caec5ac8b8126f02b7e11e4e558,Merge_failed,685b8cdb29af1dc5238d0c4324d8a21847ea144a5278617f64611a275ed87c02,Merge_failed,52664ab9c749e6f54492fdb07a79a1597b4a5caec5ac8b8126f02b7e11e4e558,Merge_failed,685b8cdb29af1dc5238d0c4324d8a21847ea144a5278617f64611a275ed87c02,Merge_failed,52664ab9c749e6f54492fdb07a79a1597b4a5caec5ac8b8126f02b7e11e4e558,Merge_failed,52664ab9c749e6f54492fdb07a79a1597b4a5caec5ac8b8126f02b7e11e4e558,Merge_failed,52664ab9c749e6f54492fdb07a79a1597b4a5caec5ac8b8126f02b7e11e4e558,Merge_failed,c764bc836b9db5b98fd37e46818d90e6bcff6c28a98a21060b8acf17dcdd3546,Merge_failed,0aa231fd7d7c58affcbccc550a6cfed36d52cd3c2459a02a1e5dcfd2144bcb1b,Tests_failed,9afe1a2e5390e4c532899ade2517b8ff194b989b3ad1cb3ec316b1996a3864fa,Merge_timedout,,Merge_failed,0aa231fd7d7c58affcbccc550a6cfed36d52cd3c2459a02a1e5dcfd2144bcb1b,Merge_failed,52664ab9c749e6f54492fdb07a79a1597b4a5caec5ac8b8126f02b7e11e4e558,Merge_failed,52664ab9c749e6f54492fdb07a79a1597b4a5caec5ac8b8126f02b7e11e4e558,Merge_failed,685b8cdb29af1dc5238d0c4324d8a21847ea144a5278617f64611a275ed87c02,Merge_failed,52664ab9c749e6f54492fdb07a79a1597b4a5caec5ac8b8126f02b7e11e4e558,Merge_failed,52664ab9c749e6f54492fdb07a79a1597b4a5caec5ac8b8126f02b7e11e4e558,Merge_failed,52664ab9c749e6f54492fdb07a79a1597b4a5caec5ac8b8126f02b7e11e4e558,Merge_failed,4da0a7c7d1dec1f2f67a73ad8f82be8b4f67b91ddbad6e2626185a3687e78118,Tests_failed,9afe1a2e5390e4c532899ade2517b8ff194b989b3ad1cb3ec316b1996a3864fa,Merge_failed,52664ab9c749e6f54492fdb07a79a1597b4a5caec5ac8b8126f02b7e11e4e558,Merge_failed,685b8cdb29af1dc5238d0c4324d8a21847ea144a5278617f64611a275ed87c02,Merge_failed,52664ab9c749e6f54492fdb07a79a1597b4a5caec5ac8b8126f02b7e11e4e558,Merge_failed,52664ab9c749e6f54492fdb07a79a1597b4a5caec5ac8b8126f02b7e11e4e558,Merge_failed,52664ab9c749e6f54492fdb07a79a1597b4a5caec5ac8b8126f02b7e11e4e558
10,refs/remotes/origin/pull/14,c7d4346838f8dacac362afa0f532a3b715dc6320,6a966b1696f68654f4d3a39cd74c114e3b6401cf,25724449667875591f829588e8652bbbe8739849,,True,True,Tests_passed,d876e7aab27b3082da9cf44039222e3842f1ce3bcd668106c133125378e4139f,True,11,33,127.0,19,True,Tests_passed,7ce16b91d26cec2b5d80bbb1949610977c47f3af39cf588c301511f4acc8796a,True,19,True,Merge_failed,9178cfec585b4336924fbb24b8ae970fc021bf23645aabe28c3f0388bec8aebd,Tests_passed,d09ead637e54e94c93798cd187de542a0ac78d0ed9e4b770ca264c736cbe0fa7,Merge_failed,9178cfec585b4336924fbb24b8ae970fc021bf23645aabe28c3f0388bec8aebd,Tests_passed,d09ead637e54e94c93798cd187de542a0ac78d0ed9e4b770ca264c736cbe0fa7,Merge_failed,6a433d55843ee0b21447ebfaae02f30e3c3a8d3a1ba63d23dafe45cf6d6ebf64,Merge_failed,6a433d55843ee0b21447ebfaae02f30e3c3a8d3a1ba63d23dafe45cf6d6ebf64,Merge_failed,6a433d55843ee0b21447ebfaae02f30e3c3a8d3a1ba63d23dafe45cf6d6ebf64,Merge_failed,773b8d6fb39b0231031460d317ed14ba656d54282a56cb8eb1c9331d572c0e2f,Merge_failed,450aa47a18ddfc4f00a8143d04a2c21808d8b794835acbb8825e46362b493258,Tests_passed,2bbfccfe43d94a32c2ced6a2059e15d68988b24b25364d222430e9c4d6cdc125,Merge_failed,7edcb6259a4ca4fba4f31ab00273bd8c698949c7119734795b3a51d540099d0c,Merge_failed,450aa47a18ddfc4f00a8143d04a2c21808d8b794835acbb8825e46362b493258,Merge_failed,9178cfec585b4336924fbb24b8ae970fc021bf23645aabe28c3f0388bec8aebd,Merge_failed,9178cfec585b4336924fbb24b8ae970fc021bf23645aabe28c3f0388bec8aebd,Tests_passed,d09ead637e54e94c93798cd187de542a0ac78d0ed9e4b770ca264c736cbe0fa7,Merge_failed,6a433d55843ee0b21447ebfaae02f30e3c3a8d3a1ba63d23dafe45cf6d6ebf64,Merge_failed,6a433d55843ee0b21447ebfaae02f30e3c3a8d3a1ba63d23dafe45cf6d6ebf64,Merge_failed,6a433d55843ee0b21447ebfaae02f30e3c3a8d3a1ba63d23dafe45cf6d6ebf64,Merge_failed,7685b06d131fdf6f5069f9a5b179ae92141e20c666b7d771bb9a84ba23310e6e,Tests_passed,2bbfccfe43d94a32c2ced6a2059e15d68988b24b25364d222430e9c4d6cdc125,Merge_failed,9178cfec585b4336924fbb24b8ae970fc021bf23645aabe28c3f0388bec8aebd,Tests_passed,d09ead637e54e94c93798cd187de542a0ac78d0ed9e4b770ca264c736cbe0fa7,Merge_failed,9178cfec585b4336924fbb24b8ae970fc021bf23645aabe28c3f0388bec8aebd,Merge_failed,9178cfec585b4336924fbb24b8ae970fc021bf23645aabe28c3f0388bec8aebd,Merge_failed,9178cfec585b4336924fbb24b8ae970fc021bf23645aabe28c3f0388bec8aebd
13,refs/remotes/origin/pull/14,1e8503b2dfdb288ef8c9244b8b80a5a9122fd4f1,00c43d92865665b21dff805cd8eabb814ef604b9,75ab49511d7be1ae221ae871527bcc45f56f50a1,,True,True,Tests_passed,fde938382a2cf65b7ff9b4da7ed72f1f48e2b2b4a2b66bb7bce735628260c038,True,135,487,2866.0,5,True,Tests_passed,17ca8ab033a279c53dfebae3b813c229a3519130d56061760eb80f5fc5cb0125,True,135,True,Merge_failed,23683220ca3730677f115fa730b3d76744262048f921d88ad9da54c2bc36585e,Merge_failed,23683220ca3730677f115fa730b3d76744262048f921d88ad9da54c2bc36585e,Merge_failed,23683220ca3730677f115fa730b3d76744262048f921d88ad9da54c2bc36585e,Merge_failed,23683220ca3730677f115fa730b3d76744262048f921d88ad9da54c2bc36585e,Merge_failed,23683220ca3730677f115fa730b3d76744262048f921d88ad9da54c2bc36585e,Merge_failed,23683220ca3730677f115fa730b3d76744262048f921d88ad9da54c2bc36585e,Merge_failed,23683220ca3730677f115fa730b3d76744262048f921d88ad9da54c2bc36585e,Merge_failed,f067035ec8cd20f502d117c1890c1e9df3ad833bf13f11d17d3e31d965502b54,Merge_failed,060c10fd2188fb2c938bf11d831418fd8171431e33689f35a286ede895d6a521,Tests_passed,933cba32045b43ea2f3e06cbe531bb0b2a250d131aae24db69736ca0238e217a,Tests_failed,7f407c726223d9bc9488013744a5ed7a39c842c8d68299a2cf31050c58702886,Merge_failed,060c10fd2188fb2c938bf11d831418fd8171431e33689f35a286ede895d6a521,Merge_failed,23683220ca3730677f115fa730b3d76744262048f921d88ad9da54c2bc36585e,Merge_failed,23683220ca3730677f115fa730b3d76744262048f921d88ad9da54c2bc36585e,Merge_failed,23683220ca3730677f115fa730b3d76744262048f921d88ad9da54c2bc36585e,Merge_failed,23683220ca3730677f115fa730b3d76744262048f921d88ad9da54c2bc36585e,Merge_failed,23683220ca3730677f115fa730b3d76744262048f921d88ad9da54c2bc36585e,Merge_failed,23683220ca3730677f115fa730b3d76744262048f921d88ad9da54c2bc36585e,Merge_failed,82db9fc9bcf33e8216608eb26bb937da4e518c72d0995f21ed3892ae6408f8ae,Tests_passed,933cba32045b43ea2f3e06cbe531bb0b2a250d131aae24db69736ca0238e217a,Merge_failed,23683220ca3730677f115fa730b3d76744262048f921d88ad9da54c2bc36585e,Merge_failed,23683220ca3730677f115fa730b3d76744262048f921d88ad9da54c2bc36585e,Merge_failed,23683220ca3730677f115fa730b3d76744262048f921d88ad9da54c2bc36585e,Merge_failed,23683220ca3730677f115fa730b3d76744262048f921d88ad9da54c2bc36585e,Merge_failed,23683220ca3730677f115fa730b3d76744262048f921d88ad9da54c2bc36585e
14,refs/remotes/origin/pull/33,d7c92974378dbc53ab64d1be823986bb2c371d71,e2845c00fdcbcc66327d75da286fd8c08095d052,fb919f9be6d7dd9c36afa7cccb7ac637f80ff93c,,True,True,Tests_passed,c21ecc6e916bd25adb8e1e4d761fb17fd86a4d640f2585aa762645481cf36aad,True,21,115,410.0,3,True,Tests_passed,d0f696f2c12fc51be8d4685be86e91e49bc7463a0a35b4bc236f80d9a710d419,True,22,True,Merge_failed,1364b1b91ce1591e3f3772904f86e7df3e1d3dda3ec1055b6d80bab69ac5d462,Merge_failed,9248424bfe09f3a709ced515ff946298011c56477de2f620f2783c4570001be1,Merge_failed,1364b1b91ce1591e3f3772904f86e7df3e1d3dda3ec1055b6d80bab69ac5d462,Merge_failed,8d63231ee4992fba4baed238281d0ed3d47644ee82a49e992e74470df2392f0a,Merge_failed,8d63231ee4992fba4baed238281d0ed3d47644ee82a49e992e74470df2392f0a,Merge_failed,8d63231ee4992fba4baed238281d0ed3d47644ee82a49e992e74470df2392f0a,Merge_failed,1364b1b91ce1591e3f3772904f86e7df3e1d3dda3ec1055b6d80bab69ac5d462,Merge_failed,961a30a066df3be97c5eecad02c6c3658a215091b08f69ec0b08f7170b180dc1,Merge_failed,7b3f9542c2776a66f513596beadbe17b4375b37a903aa0ed5bb346da11123ffc,Merge_failed,61ba7c17698089b029f329a884a68bb95eff327ce3c4e2ce639e284591ab885d,Merge_failed,adde3097269aac9290fbc44216338c43742369f1a88f485c63ebd534f726559d,Merge_failed,7b3f9542c2776a66f513596beadbe17b4375b37a903aa0ed5bb346da11123ffc,Merge_failed,1364b1b91ce1591e3f3772904f86e7df3e1d3dda3ec1055b6d80bab69ac5d462,Merge_failed,1364b1b91ce1591e3f3772904f86e7df3e1d3dda3ec1055b6d80bab69ac5d462,Merge_failed,8d63231ee4992fba4baed238281d0ed3d47644ee82a49e992e74470df2392f0a,Merge_failed,8d63231ee4992fba4baed238281d0ed3d47644ee82a49e992e74470df2392f0a,Merge_failed,8d63231ee4992fba4baed238281d0ed3d47644ee82a49e992e74470df2392f0a,Merge_failed,1364b1b91ce1591e3f3772904f86e7df3e1d3dda3ec1055b6d80bab69ac5d462,Merge_failed,0cf8d7c8717ec64345b3f6e1779515d62dc8ce9113b81210edbd2485a1876b60,Merge_failed,61ba7c17698089b029f329a884a68bb95eff327ce3c4e2ce639e284591ab885d,Merge_failed,1364b1b91ce1591e3f3772904f86e7df3e1d3dda3ec1055b6d80bab69ac5d462,Merge_failed,9248424bfe09f3a709ced515ff946298011c56477de2f620f2783c4570001be1,Merge_failed,1364b1b91ce1591e3f3772904f86e7df3e1d3dda3ec1055b6d80bab69ac5d462,Merge_failed,1364b1b91ce1591e3f3772904f86e7df3e1d3dda3ec1055b6d80bab69ac5d462,Merge_failed,1364b1b91ce1591e3f3772904f86e7df3e1d3dda3ec1055b6d80bab69ac5d462
17,refs/remotes/origin/pull/353,2aae8f9590e477a8cc3c77461a5231027d88a61a,d41fcd3826bb4c5959ff38e6360490e131aa3364,2e84ddb7181cdf80c2a0e8df64bf4fa6e87a2291,,True,True,Tests_passed,106a445080fbabf6c9047476ebec0b2a3f74c26232cc12e6fd981bf0d6205424,True,58,123,2731.0,4,True,Tests_passed,a0b531d4308b2bbec43c341c29cf5c68cbebdd838f74ccf250f2d5595a074cd3,True,58,True,Merge_failed,ef888a4037827b60cc96846b4ade744a18946a7b7f25f93885aaba74d7b21d34,Merge_failed,ef888a4037827b60cc96846b4ade744a18946a7b7f25f93885aaba74d7b21d34,Merge_failed,ef888a4037827b60cc96846b4ade744a18946a7b7f25f93885aaba74d7b21d34,Merge_failed,ef888a4037827b60cc96846b4ade744a18946a7b7f25f93885aaba74d7b21d34,Merge_failed,ef888a4037827b60cc96846b4ade744a18946a7b7f25f93885aaba74d7b21d34,Merge_failed,ef888a4037827b60cc96846b4ade744a18946a7b7f25f93885aaba74d7b21d34,Merge_failed,ef888a4037827b60cc96846b4ade744a18946a7b7f25f93885aaba74d7b21d34,Merge_failed,2aa61bb99840a20b7d0543feed0926c6bfbda07d27d4f6d9da1c7ca1085896ca,Merge_failed,e134ca49b8a3bf016c8278d60ecd7552cbf8d459b821687a095876debb2af6e3,Merge_failed,397637b82661196c9534e1a20ac20fcf8b565e54339ce36ce079131bfeba8ae3,Merge_failed,2a28d74f2e805f910b291a711ee739f839cb63a54571334d6f8c4c7ad4b7b71d,Merge_failed,e134ca49b8a3bf016c8278d60ecd7552cbf8d459b821687a095876debb2af6e3,Merge_failed,ef888a4037827b60cc96846b4ade744a18946a7b7f25f93885aaba74d7b21d34,Merge_failed,ef888a4037827b60cc96846b4ade744a18946a7b7f25f93885aaba74d7b21d34,Merge_failed,ef888a4037827b60cc96846b4ade744a18946a7b7f25f93885aaba74d7b21d34,Merge_failed,ef888a4037827b60cc96846b4ade744a18946a7b7f25f93885aaba74d7b21d34,Merge_failed,ef888a4037827b60cc96846b4ade744a18946a7b7f25f93885aaba74d7b21d34,Merge_failed,ef888a4037827b60cc96846b4ade744a18946a7b7f25f93885aaba74d7b21d34,Merge_failed,84bc912ccac0616889cc4c8bdeb6a4b4cb485b5e38c34ce553e25d5e6a20b2a7,Merge_failed,76bbc4e486ccadfa10267d4548ad5a243ab5ac6bb362f98a70c1ce887ed66b9c,Merge_failed,ef888a4037827b60cc96846b4ade744a18946a7b7f25f93885aaba74d7b21d34,Merge_failed,ef888a4037827b60cc96846b4ade744a18946a7b7f25f93885aaba74d7b21d34,Merge_failed,ef888a4037827b60cc96846b4ade744a18946a7b7f25f93885aaba74d7b21d34,Merge_failed,ef888a4037827b60cc96846b4ade744a18946a7b7f25f93885aaba74d7b21d34,Merge_failed,ef888a4037827b60cc96846b4ade744a18946a7b7f25f93885aaba74d7b21d34
28,refs/remotes/origin/pull/395,f4d1893bfb2260385f32cec213bfcc951128a321,f393daa570deb2d2878fa14e69c273dc297c4e78,6b129aadedef5b65e0f2b5b4defa93bbfcd8da71,,True,True,Tests_passed,d63410f1ad4096f263c11a85b7f1c2c64222b64467b893e182cccc5dad530d67,True,764,4341,66811.0,4,True,Tests_passed,d2effb289c14c8b77c60cf2ef91f464f29a579fbc47065a1f6474aa2f1d04f7c,True,764,True,Merge_failed,c3029f611f5c0000ba7a0eb796f2a1918dbb66237964e8587d7ae0e7f37d3e89,Merge_failed,9fac1af80bd7f85839256f242360487afbbca83de57c078297be4a60b7d0b672,Merge_failed,c3029f611f5c0000ba7a0eb796f2a1918dbb66237964e8587d7ae0e7f37d3e89,Merge_failed,9fac1af80bd7f85839256f242360487afbbca83de57c078297be4a60b7d0b672,Merge_failed,e1809f4fe8280f5b72defc9c034ccdece409defe15b073534c1fd4ee452de0de,Merge_failed,e1809f4fe8280f5b72defc9c034ccdece409defe15b073534c1fd4ee452de0de,Merge_failed,c3029f611f5c0000ba7a0eb796f2a1918dbb66237964e8587d7ae0e7f37d3e89,Merge_failed,ee642ea80587db04aff27115662ffbcb187d73bca7e5dfdafb6232fc1cdc56aa,Merge_failed,27336761da0fe21a116b5b10810dea8b397d2d3e8be1e57b222ed163d469d63c,Merge_failed,56eb7bc63ccb046be6633576e29eb9c6d078c2438188b625457ffd3d18c50d92,Merge_timedout,,Merge_failed,27336761da0fe21a116b5b10810dea8b397d2d3e8be1e57b222ed163d469d63c,Merge_failed,c3029f611f5c0000ba7a0eb796f2a1918dbb66237964e8587d7ae0e7f37d3e89,Merge_failed,c3029f611f5c0000ba7a0eb796f2a1918dbb66237964e8587d7ae0e7f37d3e89,Merge_failed,9fac1af80bd7f85839256f242360487afbbca83de57c078297be4a60b7d0b672,Merge_failed,e1809f4fe8280f5b72defc9c034ccdece409defe15b073534c1fd4ee452de0de,Merge_failed,e1809f4fe8280f5b72defc9c034ccdece409defe15b073534c1fd4ee452de0de,Merge_failed,c3029f611f5c0000ba7a0eb796f2a1918dbb66237964e8587d7ae0e7f37d3e89,Merge_failed,0bb4c6405987eebec197ebcc69a1aace465554d60380d43c48e41928519086d5,Merge_failed,7a7f258add8925f4cf9204aa3a6f59beb9a2a73fcdd799745abfa0b996a61084,Merge_failed,c3029f611f5c0000ba7a0eb796f2a1918dbb66237964e8587d7ae0e7f37d3e89,Merge_failed,9fac1af80bd7f85839256f242360487afbbca83de57c078297be4a60b7d0b672,Merge_failed,c3029f611f5c0000ba7a0eb796f2a1918dbb66237964e8587d7ae0e7f37d3e89,Merge_failed,c3029f611f5c0000ba7a0eb796f2a1918dbb66237964e8587d7ae0e7f37d3e89,Merge_failed,c3029f611f5c0000ba7a0eb796f2a1918dbb66237964e8587d7ae0e7f37d3e89
29,refs/remotes/origin/pull/395,f393daa570deb2d2878fa14e69c273dc297c4e78,23b14171355f611a7d5691653d81de2abeb4b9b2,e0befb58d95e7d5777acd03fef8822cc0de21dfa,,True,True,Tests_passed,a11ded0b12e4c1727f5585c960fdf1814b221c982736d25b4734af8dc62eff08,True,770,4394,67083.0,24,True,Tests_passed,91cb45759d918717ec9e5558f72c0eb8acdd35c5c1e8bb4226128c5215887d39,True,770,True,Merge_failed,0e164ce032435fcc151c6a741a0ef87921da275f173b27c21c6d6aedd4ce593b,Merge_failed,ada1b2226de6d522392e3287b547a7a5f6e11be1829f3f8ca35449c2dce8352a,Merge_failed,0e164ce032435fcc151c6a741a0ef87921da275f173b27c21c6d6aedd4ce593b,Merge_failed,0b1a430c009739677b8e8f5ee37584097d0e58770e45a47f2bb9d69afb4c31bf,Merge_failed,f58775f05122e8e91af422544a7b8ca57c33c88d11337d4019ef384782b1fd5b,Merge_failed,f58775f05122e8e91af422544a7b8ca57c33c88d11337d4019ef384782b1fd5b,Merge_failed,f58775f05122e8e91af422544a7b8ca57c33c88d11337d4019ef384782b1fd5b,Merge_failed,a820517c1f1d725301d4b6b9c41949edeeb3e02f1a611c223418e69bcafd165d,Merge_failed,5a32898d56708404c6b5e1e66be0bb7ff9982420cde0159a3d0d372654c7b951,Tests_failed,92dd4053546b32eb17f90cc244d3fd3dd8b91e5700be068db3176c856fe4c29a,Merge_timedout,,Merge_failed,5a32898d56708404c6b5e1e66be0bb7ff9982420cde0159a3d0d372654c7b951,Merge_failed,0e164ce032435fcc151c6a741a0ef87921da275f173b27c21c6d6aedd4ce593b,Merge_failed,0e164ce032435fcc151c6a741a0ef87921da275f173b27c21c6d6aedd4ce593b,Merge_failed,0b1a430c009739677b8e8f5ee37584097d0e58770e45a47f2bb9d69afb4c31bf,Merge_failed,f58775f05122e8e91af422544a7b8ca57c33c88d11337d4019ef384782b1fd5b,Merge_failed,f58775f05122e8e91af422544a7b8ca57c33c88d11337d4019ef384782b1fd5b,Merge_failed,f58775f05122e8e91af422544a7b8ca57c33c88d11337d4019ef384782b1fd5b,Merge_failed,9df701926b918f776c9828dee2d778fc9251c0013cdcea5cbe294481073dca02,Tests_failed,92dd4053546b32eb17f90cc244d3fd3dd8b91e5700be068db3176c856fe4c29a,Merge_failed,0e164ce032435fcc151c6a741a0ef87921da275f173b27c21c6d6aedd4ce593b,Merge_failed,ada1b2226de6d522392e3287b547a7a5f6e11be1829f3f8ca35449c2dce8352a,Merge_failed,0e164ce032435fcc151c6a741a0ef87921da275f173b27c21c6d6aedd4ce593b,Merge_failed,0e164ce032435fcc151c6a741a0ef87921da275f173b27c21c6d6aedd4ce593b,Merge_failed,0e164ce032435fcc151c6a741a0ef87921da275f173b27c21c6d6aedd4ce593b
31,refs/remotes/origin/pull/422,2f90d876fbdf09a6e1453c8bafd4ea4cdedb574e,e861f73f4a97851d62e5cabcec93cc3f2f29a3e6,8455ccbccb1fb4121edd0eef6d5b59dba2c8a065,,True,True,Tests_passed,6793ec2d9fd4b5fb59d74838032a9d294a50662b81129352b4f442050cb927d9,True,21,138,1065.0,8,True,Tests_passed,7b74499e706521be8b312789ddae5598a7ac08d4eefad1285ab6290669a3a906,True,22,True,Merge_failed,c915155fdbe133cd44e00481e1c59952eb86dfa21500f59a44a7f7cef2875753,Merge_failed,19665b5c82fb0678631eb8a6a14e62195a276210fc47aff3c2e1b791407f5e02,Merge_failed,c915155fdbe133cd44e00481e1c59952eb86dfa21500f59a44a7f7cef2875753,Merge_failed,011eb81291b183fb46c71e55eaed7de7987cce5c5b7e69b80f954651b2a270aa,Merge_failed,7ef4da2ed5089586f3138d9e8f2bdf9a588cc99320438c28a2d7c9802ebd15d3,Merge_failed,7ef4da2ed5089586f3138d9e8f2bdf9a588cc99320438c28a2d7c9802ebd15d3,Merge_failed,c915155fdbe133cd44e00481e1c59952eb86dfa21500f59a44a7f7cef2875753,Merge_failed,c2cb6f730a24d0ab1510d51cabc32fe1d9e3421ae34105a5d6b68d8672fc5ce9,Merge_failed,d35d37a5562e2805e766a92b4dfa48212b7a10c5bd18515803d9ed018c08a85e,Merge_failed,3619349d5dbf5e7c8dbd8e5ec96d07852fe376373db6d5b78e38b211594ad683,Merge_failed,ffccbaef54d23df90763ea20749b1a7b3a2cfd2fd897e0cd111149e880e362e8,Merge_failed,d35d37a5562e2805e766a92b4dfa48212b7a10c5bd18515803d9ed018c08a85e,Merge_failed,c915155fdbe133cd44e00481e1c59952eb86dfa21500f59a44a7f7cef2875753,Merge_failed,c915155fdbe133cd44e00481e1c59952eb86dfa21500f59a44a7f7cef2875753,Merge_failed,011eb81291b183fb46c71e55eaed7de7987cce5c5b7e69b80f954651b2a270aa,Merge_failed,7ef4da2ed5089586f3138d9e8f2bdf9a588cc99320438c28a2d7c9802ebd15d3,Merge_failed,7ef4da2ed5089586f3138d9e8f2bdf9a588cc99320438c28a2d7c9802ebd15d3,Merge_failed,c915155fdbe133cd44e00481e1c59952eb86dfa21500f59a44a7f7cef2875753,Merge_failed,3ade3bc1dd59d2b1abd9415649d0d0882a8e429ce442e77d4901ea41649da21e,Merge_failed,3619349d5dbf5e7c8dbd8e5ec96d07852fe376373db6d5b78e38b211594ad683,Merge_failed,c915155fdbe133cd44e00481e1c59952eb86dfa21500f59a44a7f7cef2875753,Merge_failed,19665b5c82fb0678631eb8a6a14e62195a276210fc47aff3c2e1b791407f5e02,Merge_failed,c915155fdbe133cd44e00481e1c59952eb86dfa21500f59a44a7f7cef2875753,Merge_failed,c915155fdbe133cd44e00481e1c59952eb86dfa21500f59a44a7f7cef2875753,Merge_failed,c915155fdbe133cd44e00481e1c59952eb86dfa21500f59a44a7f7cef2875753
36,refs/remotes/origin/pull/428,1f7ecee31581a733dd3af774c5ee464efa21c3d8,53c0e2d19c7ec0026e5ac079119edc6cfbb41332,ea0d6f7d8ae291770385b7f6c263ef433db909cc,,True,True,Tests_passed,d1961a64dfaa60c2d5a2f250968de9456ceb8237e02f79a1c4b953bbb1642eb9,True,255,2940,11684.0,2,True,Tests_passed,7485e65c7d697200d77f28df439e0df6f025c91034d527bf330e248e848ed734,True,255,True,Merge_failed,811a9ec27b7c765d9a98ba6130747bf48fc145ac1d027ee752342103ef72b812,Merge_failed,811a9ec27b7c765d9a98ba6130747bf48fc145ac1d027ee752342103ef72b812,Merge_failed,811a9ec27b7c765d9a98ba6130747bf48fc145ac1d027ee752342103ef72b812,Merge_failed,811a9ec27b7c765d9a98ba6130747bf48fc145ac1d027ee752342103ef72b812,Merge_failed,811a9ec27b7c765d9a98ba6130747bf48fc145ac1d027ee752342103ef72b812,Merge_failed,811a9ec27b7c765d9a98ba6130747bf48fc145ac1d027ee752342103ef72b812,Merge_failed,811a9ec27b7c765d9a98ba6130747bf48fc145ac1d027ee752342103ef72b812,Merge_failed,b9a02e95505c123b7a7c08a8e78aa745076c7f4a0022e8228bf2dba8e63663c4,Merge_failed,26d7cf42e810a9304adaf3653179e0e2d2079c1a4befb3f597bddc13dcb5b879,Tests_failed,96060e0d71e5dba98954f30d4fd9bd569862fffe633118b1f9b3d1463c5df471,Tests_failed,3d418d13ff5911c09ecebb67a5d5edf6aca73fd7bb3e9515439706f9e327e457,Merge_failed,26d7cf42e810a9304adaf3653179e0e2d2079c1a4befb3f597bddc13dcb5b879,Merge_failed,811a9ec27b7c765d9a98ba6130747bf48fc145ac1d027ee752342103ef72b812,Merge_failed,811a9ec27b7c765d9a98ba6130747bf48fc145ac1d027ee752342103ef72b812,Merge_failed,811a9ec27b7c765d9a98ba6130747bf48fc145ac1d027ee752342103ef72b812,Merge_failed,811a9ec27b7c765d9a98ba6130747bf48fc145ac1d027ee752342103ef72b812,Merge_failed,811a9ec27b7c765d9a98ba6130747bf48fc145ac1d027ee752342103ef72b812,Merge_failed,811a9ec27b7c765d9a98ba6130747bf48fc145ac1d027ee752342103ef72b812,Merge_failed,54cfd1c9b2cf40580f8feb39e5ffbf2d60223f725dc55efdcaded31ac1c159ed,Tests_failed,96060e0d71e5dba98954f30d4fd9bd569862fffe633118b1f9b3d1463c5df471,Merge_failed,811a9ec27b7c765d9a98ba6130747bf48fc145ac1d027ee752342103ef72b812,Merge_failed,811a9ec27b7c765d9a98ba6130747bf48fc145ac1d027ee752342103ef72b812,Merge_failed,811a9ec27b7c765d9a98ba6130747bf48fc145ac1d027ee752342103ef72b812,Merge_failed,811a9ec27b7c765d9a98ba6130747bf48fc145ac1d027ee752342103ef72b812,Merge_failed,811a9ec27b7c765d9a98ba6130747bf48fc145ac1d027ee752342103ef72b812
39,refs/remotes/origin/pull/430,4187f57778ff83d027a578ede39621b20bc84104,55b9895f3888bb7369f2e0e0d603147bd47574a5,bab2990d95118b67a9fd89e80f9c292111c154a2,,True,True,Tests_passed,447efbfdcd7365523c7772615ae854568891ba0bb920f083d22aeb90dce10df1,True,249,2924,11427.0,2,True,Tests_passed,741111bc745ea0c707193de82180bd8d450319b302b591796d41942b088e9f5e,True,249,True,Merge_failed,5f282873ab35973d9983068c0f2f6be68e17705613dea26b60aacf9560f7db47,Merge_failed,8927873839a547de57a57754c1ac380c712a4b5a5476afab7012e255329c1ba4,Merge_failed,5f282873ab35973d9983068c0f2f6be68e17705613dea26b60aacf9560f7db47,Merge_failed,47f355b86929c1dbfdc80179f9f0bbcb18ebeeba9463afa3288cf12d88c50872,Merge_failed,e9fa4bf56e9960066dd3e513fec5a6145bed1d4bfbfc10b29208179962357a78,Merge_failed,e9fa4bf56e9960066dd3e513fec5a6145bed1d4bfbfc10b29208179962357a78,Merge_failed,5f282873ab35973d9983068c0f2f6be68e17705613dea26b60aacf9560f7db47,Merge_failed,ea7a3281164c6a0987664b87519176c4371b94036c09869110d7106dd38b3464,Tests_failed,3e08fd509e58cac56b0d969aa7078ac55eab7aeac2c165dfe0e5ab37391e2ddf,Merge_failed,7f90788a990015890e6995c4389323954143c64c075981f37c1b8bb361eac0f8,Tests_failed,5fc94954eeec47fda58eee33ee182da26a47084c6c89374364f52ff8d3ce3768,Tests_failed,3e08fd509e58cac56b0d969aa7078ac55eab7aeac2c165dfe0e5ab37391e2ddf,Merge_failed,5f282873ab35973d9983068c0f2f6be68e17705613dea26b60aacf9560f7db47,Merge_failed,5f282873ab35973d9983068c0f2f6be68e17705613dea26b60aacf9560f7db47,Merge_failed,47f355b86929c1dbfdc80179f9f0bbcb18ebeeba9463afa3288cf12d88c50872,Merge_failed,e9fa4bf56e9960066dd3e513fec5a6145bed1d4bfbfc10b29208179962357a78,Merge_failed,e9fa4bf56e9960066dd3e513fec5a6145bed1d4bfbfc10b29208179962357a78,Merge_failed,5f282873ab35973d9983068c0f2f6be68e17705613dea26b60aacf9560f7db47,Merge_failed,42feadd4b62db352bb7b539f258c981738ed3381dfd1329c707a234fa4c2acc5,Merge_failed,7f90788a990015890e6995c4389323954143c64c075981f37c1b8bb361eac0f8,Merge_failed,5f282873ab35973d9983068c0f2f6be68e17705613dea26b60aacf9560f7db47,Merge_failed,8927873839a547de57a57754c1ac380c712a4b5a5476afab7012e255329c1ba4,Merge_failed,5f282873ab35973d9983068c0f2f6be68e17705613dea26b60aacf9560f7db47,Merge_failed,5f282873ab35973d9983068c0f2f6be68e17705613dea26b60aacf9560f7db47,Merge_failed,5f282873ab35973d9983068c0f2f6be68e17705613dea26b60aacf9560f7db47
40,refs/remotes/origin/pull/432,2b3da98ce263962eb229a0023199ed5286834af1,1cca155516e5951fffdc329d6406462ad2bed94e,bab2990d95118b67a9fd89e80f9c292111c154a2,,True,True,Tests_passed,824ccb3b6eef98096832446bfd2d3b57d2e589132cc65ef1133d74f35e269e66,True,375,3289,12193.0,13,True,Tests_passed,741111bc745ea0c707193de82180bd8d450319b302b591796d41942b088e9f5e,True,375,True,Merge_failed,00fc8ad5d4359ea0e6b1a8bf4457a42ad4268c18eda3777fbc53d2e0786beb05,Merge_failed,b7e6f88094d973a65198f162ded51e5165edd5b055fe4432dcbc75d0b9eb59e3,Merge_failed,00fc8ad5d4359ea0e6b1a8bf4457a42ad4268c18eda3777fbc53d2e0786beb05,Merge_failed,09ffba3142b9437954adb21f28eae53ac51c43edca79095c14e0d7d9e7888a92,Merge_failed,81e6733c388806f5a77ce799d5e24cb202b86988fd85a5d60cd51f35f45c98e7,Merge_failed,81e6733c388806f5a77ce799d5e24cb202b86988fd85a5d60cd51f35f45c98e7,Merge_failed,81e6733c388806f5a77ce799d5e24cb202b86988fd85a5d60cd51f35f45c98e7,Merge_failed,33129586aed9cc6d0cc236e81bb313540e48fd4e1bfd75f5c72f6d41ed5199e6,Merge_failed,bd405650d1b50d1f8a5b9de73d3e25dcd4980ce1003dcc654c02705938569d12,Tests_failed,98dc9a1cbd995ebfbde7a86880b7a06c845437aaff11073e0cac51d2cae9f166,Tests_failed,8732cd6998a252abbd1771a6e5c0f3b8e906a3d9d7aae53466e3ab838d2f6e90,Merge_failed,bd405650d1b50d1f8a5b9de73d3e25dcd4980ce1003dcc654c02705938569d12,Merge_failed,00fc8ad5d4359ea0e6b1a8bf4457a42ad4268c18eda3777fbc53d2e0786beb05,Merge_failed,00fc8ad5d4359ea0e6b1a8bf4457a42ad4268c18eda3777fbc53d2e0786beb05,Merge_failed,09ffba3142b9437954adb21f28eae53ac51c43edca79095c14e0d7d9e7888a92,Merge_failed,81e6733c388806f5a77ce799d5e24cb202b86988fd85a5d60cd51f35f45c98e7,Merge_failed,81e6733c388806f5a77ce799d5e24cb202b86988fd85a5d60cd51f35f45c98e7,Merge_failed,81e6733c388806f5a77ce799d5e24cb202b86988fd85a5d60cd51f35f45c98e7,Merge_failed,cd4cc4ef42f1563bc9b4a7656f62ad4528a66a4ac9abbcca3c855b841b704eb0,Tests_failed,98dc9a1cbd995ebfbde7a86880b7a06c845437aaff11073e0cac51d2cae9f166,Merge_failed,00fc8ad5d4359ea0e6b1a8bf4457a42ad4268c18eda3777fbc53d2e0786beb05,Merge_failed,b7e6f88094d973a65198f162ded51e5165edd5b055fe4432dcbc75d0b9eb59e3,Merge_failed,00fc8ad5d4359ea0e6b1a8bf4457a42ad4268c18eda3777fbc53d2e0786beb05,Merge_failed,00fc8ad5d4359ea0e6b1a8bf4457a42ad4268c18eda3777fbc53d2e0786beb05,Merge_failed,00fc8ad5d4359ea0e6b1a8bf4457a42ad4268c18eda3777fbc53d2e0786beb05
43,refs/remotes/origin/pull/441,b57834cb3234efd9be601de5b3e415f128ba8d21,3817dfacc6c265c9c9b12f97f7c68121cc92962f,28d515be0c10c9a5f22484bddfe553a4400d688e,,True,True,Tests_passed,cd7d9fb8bb26cce971ae0d8044da0e11bbb53a532b1e3b2a59bad3ebcbe287b7,True,19,37,380.0,145,True,Tests_passed,1e8e13f35e4383198ed24e1b988799978dc67f17100bfbdcaaf1f221d2396fe6,True,160,True,Tests_passed,1e8e13f35e4383198ed24e1b988799978dc67f17100bfbdcaaf1f221d2396fe6,Tests_passed,1e8e13f35e4383198ed24e1b988799978dc67f17100bfbdcaaf1f221d2396fe6,Tests_passed,1e8e13f35e4383198ed24e1b988799978dc67f17100bfbdcaaf1f221d2396fe6,Tests_passed,1e8e13f35e4383198ed24e1b988799978dc67f17100bfbdcaaf1f221d2396fe6,Tests_passed,1e8e13f35e4383198ed24e1b988799978dc67f17100bfbdcaaf1f221d2396fe6,Tests_passed,1e8e13f35e4383198ed24e1b988799978dc67f17100bfbdcaaf1f221d2396fe6,Tests_passed,1e8e13f35e4383198ed24e1b988799978dc67f17100bfbdcaaf1f221d2396fe6,Tests_passed,1e8e13f35e4383198ed24e1b988799978dc67f17100bfbdcaaf1f221d2396fe6,Tests_passed,1e8e13f35e4383198ed24e1b988799978dc67f17100bfbdcaaf1f221d2396fe6,Merge_failed,32abbd0173ebb22a080f9611488bbe8b8369f0b7bfa26226e456ea5007d74168,Tests_passed,1e8e13f35e4383198ed24e1b988799978dc67f17100bfbdcaaf1f221d2396fe6,Tests_passed,1e8e13f35e4383198ed24e1b988799978dc67f17100bfbdcaaf1f221d2396fe6,Tests_passed,1e8e13f35e4383198ed24e1b988799978dc67f17100bfbdcaaf1f221d2396fe6,Tests_passed,1e8e13f35e4383198ed24e1b988799978dc67f17100bfbdcaaf1f221d2396fe6,Tests_passed,1e8e13f35e4383198ed24e1b988799978dc67f17100bfbdcaaf1f221d2396fe6,Tests_passed,1e8e13f35e4383198ed24e1b988799978dc67f17100bfbdcaaf1f221d2396fe6,Tests_passed,1e8e13f35e4383198ed24e1b988799978dc67f17100bfbdcaaf1f221d2396fe6,Tests_passed,1e8e13f35e4383198ed24e1b988799978dc67f17100bfbdcaaf1f221d2396fe6,Tests_passed,1e8e13f35e4383198ed24e1b988799978dc67f17100bfbdcaaf1f221d2396fe6,Merge_failed,32abbd0173ebb22a080f9611488bbe8b8369f0b7bfa26226e456ea5007d74168,Tests_passed,1e8e13f35e4383198ed24e1b988799978dc67f17100bfbdcaaf1f221d2396fe6,Tests_passed,1e8e13f35e4383198ed24e1b988799978dc67f17100bfbdcaaf1f221d2396fe6,Tests_passed,1e8e13f35e4383198ed24e1b988799978dc67f17100bfbdcaaf1f221d2396fe6,Tests_passed,1e8e13f35e4383198ed24e1b988799978dc67f17100bfbdcaaf1f221d2396fe6,Tests_passed,1e8e13f35e4383198ed24e1b988799978dc67f17100bfbdcaaf1f221d2396fe6
44,refs/remotes/origin/pull/456,f5ff67a63b22e4d7c2596176b2add5a65656ee31,46a2657b706f2a877c9777f10b7dbbba8ca9ea89,f250404afce780a12947b513f2a2ac423aa5c7b3,,True,True,Tests_passed,3442d28bd30b662b5c9f7ec316f73e93b7b0757690d23f3365dd70832780cf34,True,135,1041,4429.0,2,True,Tests_passed,5dd974cc13c88c2e98f7a16f6acfaeabec6cd0fc9f8981ce337c12245fed7167,True,135,True,Merge_failed,5883152a1b5bbb400b705ac6b1e1cd25110d45ae0ea61f4e461289f01d199d2e,Merge_failed,5883152a1b5bbb400b705ac6b1e1cd25110d45ae0ea61f4e461289f01d199d2e,Merge_failed,5883152a1b5bbb400b705ac6b1e1cd25110d45ae0ea61f4e461289f01d199d2e,Merge_failed,5883152a1b5bbb400b705ac6b1e1cd25110d45ae0ea61f4e461289f01d199d2e,Merge_failed,5883152a1b5bbb400b705ac6b1e1cd25110d45ae0ea61f4e461289f01d199d2e,Merge_failed,5883152a1b5bbb400b705ac6b1e1cd25110d45ae0ea61f4e461289f01d199d2e,Merge_failed,5883152a1b5bbb400b705ac6b1e1cd25110d45ae0ea61f4e461289f01d199d2e,Merge_failed,b8dafdd1850295d76917d2a72bdec7d295c4f936716d21c807784b9a773770b1,Tests_passed,ffa101779d3c847cc4f17356c35d9d1ea7b32312cc12ce90e0ec032e6ef9c1ab,Tests_failed,567ae21827056223e550586e0f7fcc499f71319704cf5a0c5b81d0d7a548575b,Merge_failed,733adf896247b32f12773fad8baefbfc78b680cb202eef046d4031b7087359ec,Tests_passed,ffa101779d3c847cc4f17356c35d9d1ea7b32312cc12ce90e0ec032e6ef9c1ab,Merge_failed,5883152a1b5bbb400b705ac6b1e1cd25110d45ae0ea61f4e461289f01d199d2e,Merge_failed,5883152a1b5bbb400b705ac6b1e1cd25110d45ae0ea61f4e461289f01d199d2e,Merge_failed,5883152a1b5bbb400b705ac6b1e1cd25110d45ae0ea61f4e461289f01d199d2e,Merge_failed,5883152a1b5bbb400b705ac6b1e1cd25110d45ae0ea61f4e461289f01d199d2e,Merge_failed,5883152a1b5bbb400b705ac6b1e1cd25110d45ae0ea61f4e461289f01d199d2e,Merge_failed,5883152a1b5bbb400b705ac6b1e1cd25110d45ae0ea61f4e461289f01d199d2e,Merge_failed,461e0a050b3e1ec75f2e2aacd1f21de0b74f1d970a01ca68b22c8a702de2fdaa,Tests_failed,567ae21827056223e550586e0f7fcc499f71319704cf5a0c5b81d0d7a548575b,Merge_failed,5883152a1b5bbb400b705ac6b1e1cd25110d45ae0ea61f4e461289f01d199d2e,Merge_failed,5883152a1b5bbb400b705ac6b1e1cd25110d45ae0ea61f4e461289f01d199d2e,Merge_failed,5883152a1b5bbb400b705ac6b1e1cd25110d45ae0ea61f4e461289f01d199d2e,Merge_failed,5883152a1b5bbb400b705ac6b1e1cd25110d45ae0ea61f4e461289f01d199d2e,Merge_failed,5883152a1b5bbb400b705ac6b1e1cd25110d45ae0ea61f4e461289f01d199d2e
48,refs/remotes/origin/pull/519,61f8cdc1019febb6d6946e412adc3a2c982b14c9,52b8e691a62018bf5a19ce850c06d608c1035c00,f53cd707ccf54a7fd4683c6ff72b9b1534a31406,,True,True,Tests_passed,200bcc0deb84c681dc46e32bfb24431a04026ce5ba8d9659ea6c670e40a4df18,True,273,1158,3799.0,2,True,Tests_passed,f7d0d3e73017f9ba54b111c149926165f2819036dc5d19327a171259d46fa43a,True,273,True,Tests_passed,dd44385761b81f4331ba929b86ca20276d6275159c47f3de934d6d1a70ce627b,Tests_passed,dd44385761b81f4331ba929b86ca20276d6275159c47f3de934d6d1a70ce627b,Tests_passed,dd44385761b81f4331ba929b86ca20276d6275159c47f3de934d6d1a70ce627b,Tests_passed,dd44385761b81f4331ba929b86ca20276d6275159c47f3de934d6d1a70ce627b,Tests_passed,dd44385761b81f4331ba929b86ca20276d6275159c47f3de934d6d1a70ce627b,Tests_passed,dd44385761b81f4331ba929b86ca20276d6275159c47f3de934d6d1a70ce627b,Tests_passed,dd44385761b81f4331ba929b86ca20276d6275159c47f3de934d6d1a70ce627b,Tests_passed,dd44385761b81f4331ba929b86ca20276d6275159c47f3de934d6d1a70ce627b,Tests_passed,dd44385761b81f4331ba929b86ca20276d6275159c47f3de934d6d1a70ce627b,Tests_passed,dd44385761b81f4331ba929b86ca20276d6275159c47f3de934d6d1a70ce627b,Tests_failed,ef248c4d651e82c68e41c7987de1da9e557c862362b6917728ef97344e50bcbf,Tests_passed,dd44385761b81f4331ba929b86ca20276d6275159c47f3de934d6d1a70ce627b,Tests_passed,dd44385761b81f4331ba929b86ca20276d6275159c47f3de934d6d1a70ce627b,Tests_passed,dd44385761b81f4331ba929b86ca20276d6275159c47f3de934d6d1a70ce627b,Tests_passed,dd44385761b81f4331ba929b86ca20276d6275159c47f3de934d6d1a70ce627b,Tests_passed,dd44385761b81f4331ba929b86ca20276d6275159c47f3de934d6d1a70ce627b,Tests_passed,dd44385761b81f4331ba929b86ca20276d6275159c47f3de934d6d1a70ce627b,Tests_passed,dd44385761b81f4331ba929b86ca20276d6275159c47f3de934d6d1a70ce627b,Tests_passed,dd44385761b81f4331ba929b86ca20276d6275159c47f3de934d6d1a70ce627b,Tests_passed,dd44385761b81f4331ba929b86ca20276d6275159c47f3de934d6d1a70ce627b,Tests_passed,dd44385761b81f4331ba929b86ca20276d6275159c47f3de934d6d1a70ce627b,Tests_passed,dd44385761b81f4331ba929b86ca20276d6275159c47f3de934d6d1a70ce627b,Tests_passed,dd44385761b81f4331ba929b86ca20276d6275159c47f3de934d6d1a70ce627b,Tests_passed,dd44385761b81f4331ba929b86ca20276d6275159c47f3de934d6d1a70ce627b,Tests_passed,dd44385761b81f4331ba929b86ca20276d6275159c47f3de934d6d1a70ce627b
