idx,branch_name,merge,left,right,notes,two merge tools differ,left_tree_fingerprint,right_tree_fingerprint,gitmerge_ort,gitmerge_ort_run_time,gitmerge_ort_merge_fingerprint,gitmerge_ort_adjacent,gitmerge_ort_adjacent_run_time,gitmerge_ort_adjacent_merge_fingerprint,gitmerge_ort_ignorespace,gitmerge_ort_ignorespace_run_time,gitmerge_ort_ignorespace_merge_fingerprint,gitmerge_ort_imports,gitmerge_ort_imports_run_time,gitmerge_ort_imports_merge_fingerprint,gitmerge_ort_imports_ignorespace,gitmerge_ort_imports_ignorespace_run_time,gitmerge_ort_imports_ignorespace_merge_fingerprint,gitmerge_resolve,gitmerge_resolve_run_time,gitmerge_resolve_merge_fingerprint,gitmerge_recursive_histogram,gitmerge_recursive_histogram_run_time,gitmerge_recursive_histogram_merge_fingerprint,gitmerge_recursive_ignorespace,gitmerge_recursive_ignorespace_run_time,gitmerge_recursive_ignorespace_merge_fingerprint,gitmerge_recursive_minimal,gitmerge_recursive_minimal_run_time,gitmerge_recursive_minimal_merge_fingerprint,gitmerge_recursive_myers,gitmerge_recursive_myers_run_time,gitmerge_recursive_myers_merge_fingerprint,gitmerge_recursive_patience,gitmerge_recursive_patience_run_time,gitmerge_recursive_patience_merge_fingerprint,git_hires_merge,git_hires_merge_run_time,git_hires_merge_merge_fingerprint,spork,spork_run_time,spork_merge_fingerprint,intellimerge,intellimerge_run_time,intellimerge_merge_fingerprint
1,refs/heads/master,251736cb8988bdfa2b67ed34cff2e991a2d32c3f,0e380dc27ad2f0b112205cfb5ae18ccb3e934a37,10c7e7791a05e7f137d1a832ec6fdc213ba0b0ea,a parent is the base,True,4f9cfd4c3f21a92ace940dd3b339f6a38dba93cdb8b66577352d2c9c31cbe72f,d79beaeeef3b00fffdcf3cfecbd4d06e1d49700d6ef65acea1c0a3c17256a0eb,Merge_success,0.03524589538574219,d79beaeeef3b00fffdcf3cfecbd4d06e1d49700d6ef65acea1c0a3c17256a0eb,Merge_success,0.033692359924316406,d79beaeeef3b00fffdcf3cfecbd4d06e1d49700d6ef65acea1c0a3c17256a0eb,Merge_success,0.03663492202758789,d79beaeeef3b00fffdcf3cfecbd4d06e1d49700d6ef65acea1c0a3c17256a0eb,Merge_success,0.03658795356750488,d79beaeeef3b00fffdcf3cfecbd4d06e1d49700d6ef65acea1c0a3c17256a0eb,Merge_success,0.035306453704833984,d79beaeeef3b00fffdcf3cfecbd4d06e1d49700d6ef65acea1c0a3c17256a0eb,Merge_success,0.03345441818237305,d79beaeeef3b00fffdcf3cfecbd4d06e1d49700d6ef65acea1c0a3c17256a0eb,Merge_success,0.03370261192321777,d79beaeeef3b00fffdcf3cfecbd4d06e1d49700d6ef65acea1c0a3c17256a0eb,Merge_success,0.035193681716918945,d79beaeeef3b00fffdcf3cfecbd4d06e1d49700d6ef65acea1c0a3c17256a0eb,Merge_success,0.03385329246520996,d79beaeeef3b00fffdcf3cfecbd4d06e1d49700d6ef65acea1c0a3c17256a0eb,Merge_success,0.03487205505371094,d79beaeeef3b00fffdcf3cfecbd4d06e1d49700d6ef65acea1c0a3c17256a0eb,Merge_success,0.03565526008605957,d79beaeeef3b00fffdcf3cfecbd4d06e1d49700d6ef65acea1c0a3c17256a0eb,Merge_success,0.030843496322631836,d79beaeeef3b00fffdcf3cfecbd4d06e1d49700d6ef65acea1c0a3c17256a0eb,Merge_success,0.06309008598327637,d79beaeeef3b00fffdcf3cfecbd4d06e1d49700d6ef65acea1c0a3c17256a0eb,Merge_success,0.5847723484039307,d79beaeeef3b00fffdcf3cfecbd4d06e1d49700d6ef65acea1c0a3c17256a0eb
2,refs/heads/master,0e380dc27ad2f0b112205cfb5ae18ccb3e934a37,00ceef565a53b7fc848c526478d634de166e59f4,d34b9aebb67eb13848e9e26043955a030dbc2dfb,a parent is the base,True,3da2e69100d244d223832450d28a76ebacc7d662ab1343bdcf33e9a88115d664,4f9cfd4c3f21a92ace940dd3b339f6a38dba93cdb8b66577352d2c9c31cbe72f,Merge_success,0.026310205459594727,4f9cfd4c3f21a92ace940dd3b339f6a38dba93cdb8b66577352d2c9c31cbe72f,Merge_success,0.025922536849975586,4f9cfd4c3f21a92ace940dd3b339f6a38dba93cdb8b66577352d2c9c31cbe72f,Merge_success,0.027737855911254883,4f9cfd4c3f21a92ace940dd3b339f6a38dba93cdb8b66577352d2c9c31cbe72f,Merge_success,0.026046276092529297,4f9cfd4c3f21a92ace940dd3b339f6a38dba93cdb8b66577352d2c9c31cbe72f,Merge_success,0.028309345245361328,4f9cfd4c3f21a92ace940dd3b339f6a38dba93cdb8b66577352d2c9c31cbe72f,Merge_success,0.026888132095336914,4f9cfd4c3f21a92ace940dd3b339f6a38dba93cdb8b66577352d2c9c31cbe72f,Merge_success,0.026293516159057617,4f9cfd4c3f21a92ace940dd3b339f6a38dba93cdb8b66577352d2c9c31cbe72f,Merge_success,0.025753021240234375,4f9cfd4c3f21a92ace940dd3b339f6a38dba93cdb8b66577352d2c9c31cbe72f,Merge_success,0.02556586265563965,4f9cfd4c3f21a92ace940dd3b339f6a38dba93cdb8b66577352d2c9c31cbe72f,Merge_success,0.028193950653076172,4f9cfd4c3f21a92ace940dd3b339f6a38dba93cdb8b66577352d2c9c31cbe72f,Merge_success,0.025265216827392578,4f9cfd4c3f21a92ace940dd3b339f6a38dba93cdb8b66577352d2c9c31cbe72f,Merge_success,0.022354841232299805,4f9cfd4c3f21a92ace940dd3b339f6a38dba93cdb8b66577352d2c9c31cbe72f,Merge_success,0.043654680252075195,4f9cfd4c3f21a92ace940dd3b339f6a38dba93cdb8b66577352d2c9c31cbe72f,Merge_success,0.436826229095459,4f9cfd4c3f21a92ace940dd3b339f6a38dba93cdb8b66577352d2c9c31cbe72f
7,refs/heads/master,518282d96ce176ca4761c0971000bce1892c11fe,54a064d82238a300ab57fec1ac9c922f5b6b3ed0,a451ecb98ced9ec2b559c6171f7181be86b5c3d0,a parent is the base,True,503ccd100297888df8cff58ace8f84336674c71bbf020c16ca209d779978a940,81e7fa31b190dc8bec14f1a5efaf30e05b5f35be64a3c7fffe77d04ed2c2cf17,Merge_success,0.031134605407714844,81e7fa31b190dc8bec14f1a5efaf30e05b5f35be64a3c7fffe77d04ed2c2cf17,Merge_success,0.029481887817382812,81e7fa31b190dc8bec14f1a5efaf30e05b5f35be64a3c7fffe77d04ed2c2cf17,Merge_success,0.026667118072509766,81e7fa31b190dc8bec14f1a5efaf30e05b5f35be64a3c7fffe77d04ed2c2cf17,Merge_success,0.028558015823364258,81e7fa31b190dc8bec14f1a5efaf30e05b5f35be64a3c7fffe77d04ed2c2cf17,Merge_success,0.02845931053161621,81e7fa31b190dc8bec14f1a5efaf30e05b5f35be64a3c7fffe77d04ed2c2cf17,Merge_success,0.028571128845214844,81e7fa31b190dc8bec14f1a5efaf30e05b5f35be64a3c7fffe77d04ed2c2cf17,Merge_success,0.027124881744384766,81e7fa31b190dc8bec14f1a5efaf30e05b5f35be64a3c7fffe77d04ed2c2cf17,Merge_success,0.027700424194335938,81e7fa31b190dc8bec14f1a5efaf30e05b5f35be64a3c7fffe77d04ed2c2cf17,Merge_success,0.028023481369018555,81e7fa31b190dc8bec14f1a5efaf30e05b5f35be64a3c7fffe77d04ed2c2cf17,Merge_success,0.026987314224243164,81e7fa31b190dc8bec14f1a5efaf30e05b5f35be64a3c7fffe77d04ed2c2cf17,Merge_success,0.02630925178527832,81e7fa31b190dc8bec14f1a5efaf30e05b5f35be64a3c7fffe77d04ed2c2cf17,Merge_success,0.023532629013061523,81e7fa31b190dc8bec14f1a5efaf30e05b5f35be64a3c7fffe77d04ed2c2cf17,Merge_success,0.04874825477600098,81e7fa31b190dc8bec14f1a5efaf30e05b5f35be64a3c7fffe77d04ed2c2cf17,Merge_success,0.46552085876464844,81e7fa31b190dc8bec14f1a5efaf30e05b5f35be64a3c7fffe77d04ed2c2cf17
8,refs/heads/master,a17c9341d4e2f8557db46e78f49985dd12b8d21b,760b52b2d26e74cd435049d90027921eddb70a1a,a4b9e0334638e796eb0e44c08b4f8ff962f35aab,a parent is the base,True,1ac46a34fd85059c69b24aed8f69adf0975b165bddcd0ee1ba89099d198c3d30,c13fa194f21bcb72e811d07cd6ea06e01adb2dba1bee9857c4535f14970c560c,Merge_success,0.025735139846801758,c13fa194f21bcb72e811d07cd6ea06e01adb2dba1bee9857c4535f14970c560c,Merge_success,0.02626800537109375,c13fa194f21bcb72e811d07cd6ea06e01adb2dba1bee9857c4535f14970c560c,Merge_success,0.02636551856994629,c13fa194f21bcb72e811d07cd6ea06e01adb2dba1bee9857c4535f14970c560c,Merge_success,0.027405977249145508,c13fa194f21bcb72e811d07cd6ea06e01adb2dba1bee9857c4535f14970c560c,Merge_success,0.02547001838684082,c13fa194f21bcb72e811d07cd6ea06e01adb2dba1bee9857c4535f14970c560c,Merge_success,0.025172948837280273,c13fa194f21bcb72e811d07cd6ea06e01adb2dba1bee9857c4535f14970c560c,Merge_success,0.02571725845336914,c13fa194f21bcb72e811d07cd6ea06e01adb2dba1bee9857c4535f14970c560c,Merge_success,0.025916337966918945,c13fa194f21bcb72e811d07cd6ea06e01adb2dba1bee9857c4535f14970c560c,Merge_success,0.02460932731628418,c13fa194f21bcb72e811d07cd6ea06e01adb2dba1bee9857c4535f14970c560c,Merge_success,0.02544713020324707,c13fa194f21bcb72e811d07cd6ea06e01adb2dba1bee9857c4535f14970c560c,Merge_success,0.025879621505737305,c13fa194f21bcb72e811d07cd6ea06e01adb2dba1bee9857c4535f14970c560c,Merge_success,0.01972675323486328,c13fa194f21bcb72e811d07cd6ea06e01adb2dba1bee9857c4535f14970c560c,Merge_success,0.04400014877319336,c13fa194f21bcb72e811d07cd6ea06e01adb2dba1bee9857c4535f14970c560c,Merge_success,0.44483304023742676,c13fa194f21bcb72e811d07cd6ea06e01adb2dba1bee9857c4535f14970c560c
9,refs/heads/master,8785fb4378d98b195b1468395a2ea187a73325c6,ff73ba22a4d2099d5b9218334d0a10fc5b3370a3,ea9c2fb6cc5f7b164978de3b62e605ef2ce2c20d,a parent is the base,True,cf0c6ae9bb472a9e4c55e00f861606cabce05bd244b337324abde82895d49468,6e9c75bd0144e1d7986b8d20cff7751d279290fbaba61655e6de445e540a4e1c,Merge_success,0.027294158935546875,6e9c75bd0144e1d7986b8d20cff7751d279290fbaba61655e6de445e540a4e1c,Merge_success,0.027904748916625977,6e9c75bd0144e1d7986b8d20cff7751d279290fbaba61655e6de445e540a4e1c,Merge_success,0.0244143009185791,6e9c75bd0144e1d7986b8d20cff7751d279290fbaba61655e6de445e540a4e1c,Merge_success,0.026469945907592773,6e9c75bd0144e1d7986b8d20cff7751d279290fbaba61655e6de445e540a4e1c,Merge_success,0.02787613868713379,6e9c75bd0144e1d7986b8d20cff7751d279290fbaba61655e6de445e540a4e1c,Merge_success,0.02831125259399414,6e9c75bd0144e1d7986b8d20cff7751d279290fbaba61655e6de445e540a4e1c,Merge_success,0.027094602584838867,6e9c75bd0144e1d7986b8d20cff7751d279290fbaba61655e6de445e540a4e1c,Merge_success,0.02624201774597168,6e9c75bd0144e1d7986b8d20cff7751d279290fbaba61655e6de445e540a4e1c,Merge_success,0.028576374053955078,6e9c75bd0144e1d7986b8d20cff7751d279290fbaba61655e6de445e540a4e1c,Merge_success,0.026310205459594727,6e9c75bd0144e1d7986b8d20cff7751d279290fbaba61655e6de445e540a4e1c,Merge_success,0.028058767318725586,6e9c75bd0144e1d7986b8d20cff7751d279290fbaba61655e6de445e540a4e1c,Merge_success,0.022339582443237305,6e9c75bd0144e1d7986b8d20cff7751d279290fbaba61655e6de445e540a4e1c,Merge_success,0.053409576416015625,6e9c75bd0144e1d7986b8d20cff7751d279290fbaba61655e6de445e540a4e1c,Merge_success,0.46104001998901367,6e9c75bd0144e1d7986b8d20cff7751d279290fbaba61655e6de445e540a4e1c
10,refs/heads/master,588a3c5d793c82ceb3642dd9270544ff5ba99720,7f5d7b25ee58ac823aafe5b35883487bba83e646,98b0941e3c419ef5ac3f38a7eb52de901a89ecd3,a parent is the base,True,0256c82deb9b0cf5dc9e89ca2c95f7c3c6cf058d45c6aac204c3204d2ef431a2,0e28f16256ef4dd32bfb6597ff81f1df46abd0e695a07e845557e6eecfa5cad7,Merge_success,0.026567935943603516,0e28f16256ef4dd32bfb6597ff81f1df46abd0e695a07e845557e6eecfa5cad7,Merge_success,0.025397062301635742,0e28f16256ef4dd32bfb6597ff81f1df46abd0e695a07e845557e6eecfa5cad7,Merge_success,0.027886390686035156,0e28f16256ef4dd32bfb6597ff81f1df46abd0e695a07e845557e6eecfa5cad7,Merge_success,0.02485060691833496,0e28f16256ef4dd32bfb6597ff81f1df46abd0e695a07e845557e6eecfa5cad7,Merge_success,0.028772830963134766,0e28f16256ef4dd32bfb6597ff81f1df46abd0e695a07e845557e6eecfa5cad7,Merge_success,0.026772499084472656,0e28f16256ef4dd32bfb6597ff81f1df46abd0e695a07e845557e6eecfa5cad7,Merge_success,0.026097536087036133,0e28f16256ef4dd32bfb6597ff81f1df46abd0e695a07e845557e6eecfa5cad7,Merge_success,0.02466607093811035,0e28f16256ef4dd32bfb6597ff81f1df46abd0e695a07e845557e6eecfa5cad7,Merge_success,0.02752208709716797,0e28f16256ef4dd32bfb6597ff81f1df46abd0e695a07e845557e6eecfa5cad7,Merge_success,0.026890277862548828,0e28f16256ef4dd32bfb6597ff81f1df46abd0e695a07e845557e6eecfa5cad7,Merge_success,0.026674270629882812,0e28f16256ef4dd32bfb6597ff81f1df46abd0e695a07e845557e6eecfa5cad7,Merge_success,0.0198214054107666,0e28f16256ef4dd32bfb6597ff81f1df46abd0e695a07e845557e6eecfa5cad7,Merge_success,0.05004096031188965,0e28f16256ef4dd32bfb6597ff81f1df46abd0e695a07e845557e6eecfa5cad7,Merge_success,0.4579625129699707,0e28f16256ef4dd32bfb6597ff81f1df46abd0e695a07e845557e6eecfa5cad7
11,refs/heads/master,cb38d2d80d19275c06044d8b2a3d96de2909fc6e,d95b3f55180aa0e32a1912e7077b5622d000332a,999dd5365028e1011a7e67d0a074ef0e54e39412,a parent is the base,True,75ad98ff5d6f0d2ac48f818420a2be2c2c2e587589f4697742271a13337f99c9,10dfb3013d5d3d2177246482b158fac7705e4315c4ec6d0071f03b19f1be4fb4,Merge_success,0.02574300765991211,10dfb3013d5d3d2177246482b158fac7705e4315c4ec6d0071f03b19f1be4fb4,Merge_success,0.026105642318725586,10dfb3013d5d3d2177246482b158fac7705e4315c4ec6d0071f03b19f1be4fb4,Merge_success,0.026283979415893555,10dfb3013d5d3d2177246482b158fac7705e4315c4ec6d0071f03b19f1be4fb4,Merge_success,0.026285648345947266,10dfb3013d5d3d2177246482b158fac7705e4315c4ec6d0071f03b19f1be4fb4,Merge_success,0.028685569763183594,10dfb3013d5d3d2177246482b158fac7705e4315c4ec6d0071f03b19f1be4fb4,Merge_success,0.025993824005126953,10dfb3013d5d3d2177246482b158fac7705e4315c4ec6d0071f03b19f1be4fb4,Merge_success,0.028278589248657227,10dfb3013d5d3d2177246482b158fac7705e4315c4ec6d0071f03b19f1be4fb4,Merge_success,0.027088403701782227,10dfb3013d5d3d2177246482b158fac7705e4315c4ec6d0071f03b19f1be4fb4,Merge_success,0.026873350143432617,10dfb3013d5d3d2177246482b158fac7705e4315c4ec6d0071f03b19f1be4fb4,Merge_success,0.027066469192504883,10dfb3013d5d3d2177246482b158fac7705e4315c4ec6d0071f03b19f1be4fb4,Merge_success,0.026231050491333008,10dfb3013d5d3d2177246482b158fac7705e4315c4ec6d0071f03b19f1be4fb4,Merge_success,0.023364543914794922,10dfb3013d5d3d2177246482b158fac7705e4315c4ec6d0071f03b19f1be4fb4,Merge_success,0.0518193244934082,10dfb3013d5d3d2177246482b158fac7705e4315c4ec6d0071f03b19f1be4fb4,Merge_success,0.4638490676879883,10dfb3013d5d3d2177246482b158fac7705e4315c4ec6d0071f03b19f1be4fb4
12,refs/heads/master,d7a12d5a8de653b516298fc3d6c739fe6c41ddd0,9a0e9592147119df005de3a4d767d8a3fd093f49,bc501e7966f2a870f1caea79500c67c79cd82dc7,a parent is the base,True,4d25ae0a54f64703b211ca7d4a6c08bff5be6f2458899513d25c8632250de854,8da5ee4a64236c67e98211f41e63273f06657fed8ce8088f174eac03442e7f45,Merge_success,0.026302576065063477,8da5ee4a64236c67e98211f41e63273f06657fed8ce8088f174eac03442e7f45,Merge_success,0.02614116668701172,8da5ee4a64236c67e98211f41e63273f06657fed8ce8088f174eac03442e7f45,Merge_success,0.025702953338623047,8da5ee4a64236c67e98211f41e63273f06657fed8ce8088f174eac03442e7f45,Merge_success,0.02605128288269043,8da5ee4a64236c67e98211f41e63273f06657fed8ce8088f174eac03442e7f45,Merge_success,0.029245376586914062,8da5ee4a64236c67e98211f41e63273f06657fed8ce8088f174eac03442e7f45,Merge_success,0.02591991424560547,8da5ee4a64236c67e98211f41e63273f06657fed8ce8088f174eac03442e7f45,Merge_success,0.027823925018310547,8da5ee4a64236c67e98211f41e63273f06657fed8ce8088f174eac03442e7f45,Merge_success,0.026851654052734375,8da5ee4a64236c67e98211f41e63273f06657fed8ce8088f174eac03442e7f45,Merge_success,0.026256799697875977,8da5ee4a64236c67e98211f41e63273f06657fed8ce8088f174eac03442e7f45,Merge_success,0.026874065399169922,8da5ee4a64236c67e98211f41e63273f06657fed8ce8088f174eac03442e7f45,Merge_success,0.026198387145996094,8da5ee4a64236c67e98211f41e63273f06657fed8ce8088f174eac03442e7f45,Merge_success,0.02145838737487793,8da5ee4a64236c67e98211f41e63273f06657fed8ce8088f174eac03442e7f45,Merge_success,0.04975628852844238,8da5ee4a64236c67e98211f41e63273f06657fed8ce8088f174eac03442e7f45,Merge_success,0.47751522064208984,8da5ee4a64236c67e98211f41e63273f06657fed8ce8088f174eac03442e7f45
13,refs/heads/master,ac0e9dae2614fa131ac41bf5f6c090084ee9740f,0939ee97384b07ca87bb9109ccf1dc57a9b8df8f,cafcd41a77fa2bb553b141d37d4c331ee65c3f96,a parent is the base,True,d2899621f9278b69d79de4e3ae1656f632e6ea4322a93dec9593c5ab6605264d,254a0a9b5fbfd7cfd55f432d966dd46f02829a9028532831450dc2dcde2a1a60,Merge_success,0.026932716369628906,254a0a9b5fbfd7cfd55f432d966dd46f02829a9028532831450dc2dcde2a1a60,Merge_success,0.027189254760742188,254a0a9b5fbfd7cfd55f432d966dd46f02829a9028532831450dc2dcde2a1a60,Merge_success,0.02675771713256836,254a0a9b5fbfd7cfd55f432d966dd46f02829a9028532831450dc2dcde2a1a60,Merge_success,0.026796579360961914,254a0a9b5fbfd7cfd55f432d966dd46f02829a9028532831450dc2dcde2a1a60,Merge_success,0.026029586791992188,254a0a9b5fbfd7cfd55f432d966dd46f02829a9028532831450dc2dcde2a1a60,Merge_success,0.027130842208862305,254a0a9b5fbfd7cfd55f432d966dd46f02829a9028532831450dc2dcde2a1a60,Merge_success,0.026261568069458008,254a0a9b5fbfd7cfd55f432d966dd46f02829a9028532831450dc2dcde2a1a60,Merge_success,0.027042388916015625,254a0a9b5fbfd7cfd55f432d966dd46f02829a9028532831450dc2dcde2a1a60,Merge_success,0.027007341384887695,254a0a9b5fbfd7cfd55f432d966dd46f02829a9028532831450dc2dcde2a1a60,Merge_success,0.02738785743713379,254a0a9b5fbfd7cfd55f432d966dd46f02829a9028532831450dc2dcde2a1a60,Merge_success,0.02652883529663086,254a0a9b5fbfd7cfd55f432d966dd46f02829a9028532831450dc2dcde2a1a60,Merge_success,0.02241826057434082,254a0a9b5fbfd7cfd55f432d966dd46f02829a9028532831450dc2dcde2a1a60,Merge_success,0.053389549255371094,254a0a9b5fbfd7cfd55f432d966dd46f02829a9028532831450dc2dcde2a1a60,Merge_success,0.4707164764404297,254a0a9b5fbfd7cfd55f432d966dd46f02829a9028532831450dc2dcde2a1a60
14,refs/heads/master,0939ee97384b07ca87bb9109ccf1dc57a9b8df8f,da64237177007965ca18451f99c2263c7e3e4b9c,802111d3f4a97061b379369b1ee3f87a23ce87f9,a parent is the base,True,8dd0482c4d23b686568a12b6ed23a3dc6c3207d3a430cba0336bb93c017de4be,d2899621f9278b69d79de4e3ae1656f632e6ea4322a93dec9593c5ab6605264d,Merge_success,0.026790618896484375,d2899621f9278b69d79de4e3ae1656f632e6ea4322a93dec9593c5ab6605264d,Merge_success,0.027360916137695312,d2899621f9278b69d79de4e3ae1656f632e6ea4322a93dec9593c5ab6605264d,Merge_success,0.02728891372680664,d2899621f9278b69d79de4e3ae1656f632e6ea4322a93dec9593c5ab6605264d,Merge_success,0.02863025665283203,d2899621f9278b69d79de4e3ae1656f632e6ea4322a93dec9593c5ab6605264d,Merge_success,0.026572465896606445,d2899621f9278b69d79de4e3ae1656f632e6ea4322a93dec9593c5ab6605264d,Merge_success,0.027315378189086914,d2899621f9278b69d79de4e3ae1656f632e6ea4322a93dec9593c5ab6605264d,Merge_success,0.02429819107055664,d2899621f9278b69d79de4e3ae1656f632e6ea4322a93dec9593c5ab6605264d,Merge_success,0.027857542037963867,d2899621f9278b69d79de4e3ae1656f632e6ea4322a93dec9593c5ab6605264d,Merge_success,0.027571916580200195,d2899621f9278b69d79de4e3ae1656f632e6ea4322a93dec9593c5ab6605264d,Merge_success,0.029343366622924805,d2899621f9278b69d79de4e3ae1656f632e6ea4322a93dec9593c5ab6605264d,Merge_success,0.02767038345336914,d2899621f9278b69d79de4e3ae1656f632e6ea4322a93dec9593c5ab6605264d,Merge_success,0.025160551071166992,d2899621f9278b69d79de4e3ae1656f632e6ea4322a93dec9593c5ab6605264d,Merge_success,0.05048727989196777,d2899621f9278b69d79de4e3ae1656f632e6ea4322a93dec9593c5ab6605264d,Merge_success,0.4739196300506592,d2899621f9278b69d79de4e3ae1656f632e6ea4322a93dec9593c5ab6605264d
15,refs/heads/master,da64237177007965ca18451f99c2263c7e3e4b9c,2232323ec6a5b47697824e859f20c6a44f5843b9,d1bf77b81d1cd5f8a69b4ad081cc930b960d4a25,a parent is the base,True,f333b5ad2677912943f134b1e91846be482e1672fe23555362c774e86e4807ec,8dd0482c4d23b686568a12b6ed23a3dc6c3207d3a430cba0336bb93c017de4be,Merge_success,0.027683258056640625,8dd0482c4d23b686568a12b6ed23a3dc6c3207d3a430cba0336bb93c017de4be,Merge_success,0.02867436408996582,8dd0482c4d23b686568a12b6ed23a3dc6c3207d3a430cba0336bb93c017de4be,Merge_success,0.027998685836791992,8dd0482c4d23b686568a12b6ed23a3dc6c3207d3a430cba0336bb93c017de4be,Merge_success,0.027967214584350586,8dd0482c4d23b686568a12b6ed23a3dc6c3207d3a430cba0336bb93c017de4be,Merge_success,0.02939581871032715,8dd0482c4d23b686568a12b6ed23a3dc6c3207d3a430cba0336bb93c017de4be,Merge_success,0.029719829559326172,8dd0482c4d23b686568a12b6ed23a3dc6c3207d3a430cba0336bb93c017de4be,Merge_success,0.02853560447692871,8dd0482c4d23b686568a12b6ed23a3dc6c3207d3a430cba0336bb93c017de4be,Merge_success,0.028961181640625,8dd0482c4d23b686568a12b6ed23a3dc6c3207d3a430cba0336bb93c017de4be,Merge_success,0.029452085494995117,8dd0482c4d23b686568a12b6ed23a3dc6c3207d3a430cba0336bb93c017de4be,Merge_success,0.02828502655029297,8dd0482c4d23b686568a12b6ed23a3dc6c3207d3a430cba0336bb93c017de4be,Merge_success,0.031310319900512695,8dd0482c4d23b686568a12b6ed23a3dc6c3207d3a430cba0336bb93c017de4be,Merge_success,0.024571657180786133,8dd0482c4d23b686568a12b6ed23a3dc6c3207d3a430cba0336bb93c017de4be,Merge_success,0.06465339660644531,8dd0482c4d23b686568a12b6ed23a3dc6c3207d3a430cba0336bb93c017de4be,Merge_success,0.48087573051452637,8dd0482c4d23b686568a12b6ed23a3dc6c3207d3a430cba0336bb93c017de4be
16,refs/heads/master,a90098da4c4c6c942897d3d40c4db54e0ee75864,6ed33545320ef2508285b38b261215b3c9c39fb5,58a5b51c375f2657788f05a830019147349d685c,a parent is the base,True,3b4be674fb3466c8b06c9fd7909babc730c327a0ceafc69274b6b63595918e9d,73ff585f45b42cc36c1dd137d3178c4cbcf00a8c6588c1b9d71e9639bf1cb3cf,Merge_success,0.02547597885131836,73ff585f45b42cc36c1dd137d3178c4cbcf00a8c6588c1b9d71e9639bf1cb3cf,Merge_success,0.027543067932128906,73ff585f45b42cc36c1dd137d3178c4cbcf00a8c6588c1b9d71e9639bf1cb3cf,Merge_success,0.02661728858947754,73ff585f45b42cc36c1dd137d3178c4cbcf00a8c6588c1b9d71e9639bf1cb3cf,Merge_success,0.02655625343322754,73ff585f45b42cc36c1dd137d3178c4cbcf00a8c6588c1b9d71e9639bf1cb3cf,Merge_success,0.026830196380615234,73ff585f45b42cc36c1dd137d3178c4cbcf00a8c6588c1b9d71e9639bf1cb3cf,Merge_success,0.02796483039855957,73ff585f45b42cc36c1dd137d3178c4cbcf00a8c6588c1b9d71e9639bf1cb3cf,Merge_success,0.026549339294433594,73ff585f45b42cc36c1dd137d3178c4cbcf00a8c6588c1b9d71e9639bf1cb3cf,Merge_success,0.023926258087158203,73ff585f45b42cc36c1dd137d3178c4cbcf00a8c6588c1b9d71e9639bf1cb3cf,Merge_success,0.02606201171875,73ff585f45b42cc36c1dd137d3178c4cbcf00a8c6588c1b9d71e9639bf1cb3cf,Merge_success,0.027736663818359375,73ff585f45b42cc36c1dd137d3178c4cbcf00a8c6588c1b9d71e9639bf1cb3cf,Merge_success,0.026623964309692383,73ff585f45b42cc36c1dd137d3178c4cbcf00a8c6588c1b9d71e9639bf1cb3cf,Merge_success,0.02334451675415039,73ff585f45b42cc36c1dd137d3178c4cbcf00a8c6588c1b9d71e9639bf1cb3cf,Merge_success,0.05286002159118652,73ff585f45b42cc36c1dd137d3178c4cbcf00a8c6588c1b9d71e9639bf1cb3cf,Merge_success,0.45563292503356934,73ff585f45b42cc36c1dd137d3178c4cbcf00a8c6588c1b9d71e9639bf1cb3cf
17,refs/heads/master,72417f9a107963b91a201839a26ae0dc85fd69db,d50bd2bd8eb96362cfb744811300044f523bb5e0,b14989bd5fd61fd9c6a57e1a8e1312ddec4b4e25,a parent is the base,True,36464c2d1223c6f6f3c8ddb686d25a35818ab17cae99fb8192ce411a2cbda41d,52b75c0e0a4133c96b20258e5b1c4fcd5970395a65e00a450ffbdd88ef6832b0,Merge_success,0.027720928192138672,52b75c0e0a4133c96b20258e5b1c4fcd5970395a65e00a450ffbdd88ef6832b0,Merge_success,0.02657294273376465,52b75c0e0a4133c96b20258e5b1c4fcd5970395a65e00a450ffbdd88ef6832b0,Merge_success,0.024338483810424805,52b75c0e0a4133c96b20258e5b1c4fcd5970395a65e00a450ffbdd88ef6832b0,Merge_success,0.030664443969726562,52b75c0e0a4133c96b20258e5b1c4fcd5970395a65e00a450ffbdd88ef6832b0,Merge_success,0.026679039001464844,52b75c0e0a4133c96b20258e5b1c4fcd5970395a65e00a450ffbdd88ef6832b0,Merge_success,0.02723097801208496,52b75c0e0a4133c96b20258e5b1c4fcd5970395a65e00a450ffbdd88ef6832b0,Merge_success,0.026912927627563477,52b75c0e0a4133c96b20258e5b1c4fcd5970395a65e00a450ffbdd88ef6832b0,Merge_success,0.02698802947998047,52b75c0e0a4133c96b20258e5b1c4fcd5970395a65e00a450ffbdd88ef6832b0,Merge_success,0.026822805404663086,52b75c0e0a4133c96b20258e5b1c4fcd5970395a65e00a450ffbdd88ef6832b0,Merge_success,0.027788162231445312,52b75c0e0a4133c96b20258e5b1c4fcd5970395a65e00a450ffbdd88ef6832b0,Merge_success,0.02746415138244629,52b75c0e0a4133c96b20258e5b1c4fcd5970395a65e00a450ffbdd88ef6832b0,Merge_success,0.0216066837310791,52b75c0e0a4133c96b20258e5b1c4fcd5970395a65e00a450ffbdd88ef6832b0,Merge_success,0.04972577095031738,52b75c0e0a4133c96b20258e5b1c4fcd5970395a65e00a450ffbdd88ef6832b0,Merge_success,0.48807263374328613,52b75c0e0a4133c96b20258e5b1c4fcd5970395a65e00a450ffbdd88ef6832b0
18,refs/heads/master,d50bd2bd8eb96362cfb744811300044f523bb5e0,682f31e2428d82088209b3cdc7897cdfce95fe24,f287041c6312becfb29cffdea26a9d39e77e02fe,a parent is the base,True,371624cf3b32f1ea90a80cd50f1139e3d8c091134731f2aca26c1e1986976ea7,36464c2d1223c6f6f3c8ddb686d25a35818ab17cae99fb8192ce411a2cbda41d,Merge_success,0.026515722274780273,36464c2d1223c6f6f3c8ddb686d25a35818ab17cae99fb8192ce411a2cbda41d,Merge_success,0.026123046875,36464c2d1223c6f6f3c8ddb686d25a35818ab17cae99fb8192ce411a2cbda41d,Merge_success,0.02739572525024414,36464c2d1223c6f6f3c8ddb686d25a35818ab17cae99fb8192ce411a2cbda41d,Merge_success,0.025920391082763672,36464c2d1223c6f6f3c8ddb686d25a35818ab17cae99fb8192ce411a2cbda41d,Merge_success,0.025368928909301758,36464c2d1223c6f6f3c8ddb686d25a35818ab17cae99fb8192ce411a2cbda41d,Merge_success,0.026534080505371094,36464c2d1223c6f6f3c8ddb686d25a35818ab17cae99fb8192ce411a2cbda41d,Merge_success,0.026680946350097656,36464c2d1223c6f6f3c8ddb686d25a35818ab17cae99fb8192ce411a2cbda41d,Merge_success,0.025097131729125977,36464c2d1223c6f6f3c8ddb686d25a35818ab17cae99fb8192ce411a2cbda41d,Merge_success,0.026033639907836914,36464c2d1223c6f6f3c8ddb686d25a35818ab17cae99fb8192ce411a2cbda41d,Merge_success,0.024640798568725586,36464c2d1223c6f6f3c8ddb686d25a35818ab17cae99fb8192ce411a2cbda41d,Merge_success,0.025444507598876953,36464c2d1223c6f6f3c8ddb686d25a35818ab17cae99fb8192ce411a2cbda41d,Merge_success,0.024425983428955078,36464c2d1223c6f6f3c8ddb686d25a35818ab17cae99fb8192ce411a2cbda41d,Merge_success,0.05007767677307129,36464c2d1223c6f6f3c8ddb686d25a35818ab17cae99fb8192ce411a2cbda41d,Merge_success,0.46770691871643066,36464c2d1223c6f6f3c8ddb686d25a35818ab17cae99fb8192ce411a2cbda41d
19,refs/heads/master,58ac68b664b6cd3a6dc4dc5222a973692115ebfa,fb463cd04f91c9afd5b41477b81c10904a0756da,40006809bc28c63cb703d08fbce549c0071469b3,a parent is the base,True,8ccb5bd543e269cd8f2c81d451a826a9c841adadb7fad68ef5f85d0686be5904,95879dd45c6fc5b9255cd0d9f6b795381238600e7c652904b55ae9e7de926a0c,Merge_success,0.027341127395629883,95879dd45c6fc5b9255cd0d9f6b795381238600e7c652904b55ae9e7de926a0c,Merge_success,0.02693653106689453,95879dd45c6fc5b9255cd0d9f6b795381238600e7c652904b55ae9e7de926a0c,Merge_success,0.02738809585571289,95879dd45c6fc5b9255cd0d9f6b795381238600e7c652904b55ae9e7de926a0c,Merge_success,0.027049779891967773,95879dd45c6fc5b9255cd0d9f6b795381238600e7c652904b55ae9e7de926a0c,Merge_success,0.02510547637939453,95879dd45c6fc5b9255cd0d9f6b795381238600e7c652904b55ae9e7de926a0c,Merge_success,0.025530576705932617,95879dd45c6fc5b9255cd0d9f6b795381238600e7c652904b55ae9e7de926a0c,Merge_success,0.02519059181213379,95879dd45c6fc5b9255cd0d9f6b795381238600e7c652904b55ae9e7de926a0c,Merge_success,0.026537418365478516,95879dd45c6fc5b9255cd0d9f6b795381238600e7c652904b55ae9e7de926a0c,Merge_success,0.027218341827392578,95879dd45c6fc5b9255cd0d9f6b795381238600e7c652904b55ae9e7de926a0c,Merge_success,0.025616884231567383,95879dd45c6fc5b9255cd0d9f6b795381238600e7c652904b55ae9e7de926a0c,Merge_success,0.028223037719726562,95879dd45c6fc5b9255cd0d9f6b795381238600e7c652904b55ae9e7de926a0c,Merge_success,0.024084091186523438,95879dd45c6fc5b9255cd0d9f6b795381238600e7c652904b55ae9e7de926a0c,Merge_success,0.04973435401916504,95879dd45c6fc5b9255cd0d9f6b795381238600e7c652904b55ae9e7de926a0c,Merge_success,0.4778592586517334,95879dd45c6fc5b9255cd0d9f6b795381238600e7c652904b55ae9e7de926a0c
20,refs/heads/master,ee9bf7b9da206eec9ffb3fc4ec9e51ffa14732a2,2e8486d9ccf71927c12907e88cdf0cb027306163,72f45822fbf49ef1eb4b311afce3c695c6948530,a parent is the base,True,00ec5d428b72484e53f11421892fa19a4547ee7b2fed42645306cc7ae615905e,1e737616f30de527a4b3a1a665886234369ecdf19e990b4f8d12383a0801a523,Merge_success,0.025594472885131836,1e737616f30de527a4b3a1a665886234369ecdf19e990b4f8d12383a0801a523,Merge_success,0.02616143226623535,1e737616f30de527a4b3a1a665886234369ecdf19e990b4f8d12383a0801a523,Merge_success,0.026943445205688477,1e737616f30de527a4b3a1a665886234369ecdf19e990b4f8d12383a0801a523,Merge_success,0.026584148406982422,1e737616f30de527a4b3a1a665886234369ecdf19e990b4f8d12383a0801a523,Merge_success,0.02547001838684082,1e737616f30de527a4b3a1a665886234369ecdf19e990b4f8d12383a0801a523,Merge_success,0.026145458221435547,1e737616f30de527a4b3a1a665886234369ecdf19e990b4f8d12383a0801a523,Merge_success,0.02865743637084961,1e737616f30de527a4b3a1a665886234369ecdf19e990b4f8d12383a0801a523,Merge_success,0.025677919387817383,1e737616f30de527a4b3a1a665886234369ecdf19e990b4f8d12383a0801a523,Merge_success,0.02556467056274414,1e737616f30de527a4b3a1a665886234369ecdf19e990b4f8d12383a0801a523,Merge_success,0.0263824462890625,1e737616f30de527a4b3a1a665886234369ecdf19e990b4f8d12383a0801a523,Merge_success,0.02577662467956543,1e737616f30de527a4b3a1a665886234369ecdf19e990b4f8d12383a0801a523,Merge_success,0.02081608772277832,1e737616f30de527a4b3a1a665886234369ecdf19e990b4f8d12383a0801a523,Merge_success,0.05471920967102051,1e737616f30de527a4b3a1a665886234369ecdf19e990b4f8d12383a0801a523,Merge_success,0.4620363712310791,1e737616f30de527a4b3a1a665886234369ecdf19e990b4f8d12383a0801a523
21,refs/heads/master,16bfaad60923cfbb678057300c30a695eba196ae,8b4d499a4adc8b191b9261f23e11b4fbff3f8d02,74d13f8b8ccae83dcdca51e9169dcb27f6b7a35d,a parent is the base,True,dc2cbb91f3eb045f40bfc4b6bac09b57490aab33051cf98919f9199286a8d969,068ce1ab0b699cdc48ed6c1b8625027205abfc27196924e8162a6ad81cd8c65a,Merge_success,0.027013063430786133,068ce1ab0b699cdc48ed6c1b8625027205abfc27196924e8162a6ad81cd8c65a,Merge_success,0.02620983123779297,068ce1ab0b699cdc48ed6c1b8625027205abfc27196924e8162a6ad81cd8c65a,Merge_success,0.027764320373535156,068ce1ab0b699cdc48ed6c1b8625027205abfc27196924e8162a6ad81cd8c65a,Merge_success,0.026018142700195312,068ce1ab0b699cdc48ed6c1b8625027205abfc27196924e8162a6ad81cd8c65a,Merge_success,0.026168107986450195,068ce1ab0b699cdc48ed6c1b8625027205abfc27196924e8162a6ad81cd8c65a,Merge_success,0.026866674423217773,068ce1ab0b699cdc48ed6c1b8625027205abfc27196924e8162a6ad81cd8c65a,Merge_success,0.02707958221435547,068ce1ab0b699cdc48ed6c1b8625027205abfc27196924e8162a6ad81cd8c65a,Merge_success,0.025883197784423828,068ce1ab0b699cdc48ed6c1b8625027205abfc27196924e8162a6ad81cd8c65a,Merge_success,0.02785801887512207,068ce1ab0b699cdc48ed6c1b8625027205abfc27196924e8162a6ad81cd8c65a,Merge_success,0.025031089782714844,068ce1ab0b699cdc48ed6c1b8625027205abfc27196924e8162a6ad81cd8c65a,Merge_success,0.027614593505859375,068ce1ab0b699cdc48ed6c1b8625027205abfc27196924e8162a6ad81cd8c65a,Merge_success,0.02160334587097168,068ce1ab0b699cdc48ed6c1b8625027205abfc27196924e8162a6ad81cd8c65a,Merge_success,0.04979228973388672,068ce1ab0b699cdc48ed6c1b8625027205abfc27196924e8162a6ad81cd8c65a,Merge_success,0.48327016830444336,068ce1ab0b699cdc48ed6c1b8625027205abfc27196924e8162a6ad81cd8c65a
22,refs/heads/master,505e44fc7e4f22e5a897f7c423363ca8f145f7de,151f086f6d8c0113fa25b3af99806c944c2e1cea,667607c4f910dee1fe7cda32c892385f37a73a53,a parent is the base,True,67661384b10f16414e295501ca966cf62449b5e457abc6d34a679a81192eece0,0cfe5579dc5a816d9911b341b3baa58479d3f419df60b2fc3dcbc26fffee45a9,Merge_success,0.02868819236755371,0cfe5579dc5a816d9911b341b3baa58479d3f419df60b2fc3dcbc26fffee45a9,Merge_success,0.02771902084350586,0cfe5579dc5a816d9911b341b3baa58479d3f419df60b2fc3dcbc26fffee45a9,Merge_success,0.028568744659423828,0cfe5579dc5a816d9911b341b3baa58479d3f419df60b2fc3dcbc26fffee45a9,Merge_success,0.02851414680480957,0cfe5579dc5a816d9911b341b3baa58479d3f419df60b2fc3dcbc26fffee45a9,Merge_success,0.02808976173400879,0cfe5579dc5a816d9911b341b3baa58479d3f419df60b2fc3dcbc26fffee45a9,Merge_success,0.02658367156982422,0cfe5579dc5a816d9911b341b3baa58479d3f419df60b2fc3dcbc26fffee45a9,Merge_success,0.02760481834411621,0cfe5579dc5a816d9911b341b3baa58479d3f419df60b2fc3dcbc26fffee45a9,Merge_success,0.027315616607666016,0cfe5579dc5a816d9911b341b3baa58479d3f419df60b2fc3dcbc26fffee45a9,Merge_success,0.02720928192138672,0cfe5579dc5a816d9911b341b3baa58479d3f419df60b2fc3dcbc26fffee45a9,Merge_success,0.027549266815185547,0cfe5579dc5a816d9911b341b3baa58479d3f419df60b2fc3dcbc26fffee45a9,Merge_success,0.02741527557373047,0cfe5579dc5a816d9911b341b3baa58479d3f419df60b2fc3dcbc26fffee45a9,Merge_success,0.024018049240112305,0cfe5579dc5a816d9911b341b3baa58479d3f419df60b2fc3dcbc26fffee45a9,Merge_success,0.05403757095336914,0cfe5579dc5a816d9911b341b3baa58479d3f419df60b2fc3dcbc26fffee45a9,Merge_success,0.4826364517211914,0cfe5579dc5a816d9911b341b3baa58479d3f419df60b2fc3dcbc26fffee45a9
24,refs/heads/master,0d4402c322dbfeaf301e325498b6330b5b394650,aaf3608f5e79e05126bfb995e1805ae55883b011,03c6c2ad64b18ef6aaf7b5c3a2c808887e6ad296,a parent is the base,True,66be4750c3ca3323d459d0cff803faead8de4eb3d60453e6da8bf0851648d239,2865087181f741b163e9e6edd2edeee57f4bd22b575759a4d355470fed3d949f,Merge_success,0.025426626205444336,2865087181f741b163e9e6edd2edeee57f4bd22b575759a4d355470fed3d949f,Merge_success,0.02524113655090332,2865087181f741b163e9e6edd2edeee57f4bd22b575759a4d355470fed3d949f,Merge_success,0.026320695877075195,2865087181f741b163e9e6edd2edeee57f4bd22b575759a4d355470fed3d949f,Merge_success,0.02559065818786621,2865087181f741b163e9e6edd2edeee57f4bd22b575759a4d355470fed3d949f,Merge_success,0.025269031524658203,2865087181f741b163e9e6edd2edeee57f4bd22b575759a4d355470fed3d949f,Merge_success,0.02602553367614746,2865087181f741b163e9e6edd2edeee57f4bd22b575759a4d355470fed3d949f,Merge_success,0.02454972267150879,2865087181f741b163e9e6edd2edeee57f4bd22b575759a4d355470fed3d949f,Merge_success,0.024857282638549805,2865087181f741b163e9e6edd2edeee57f4bd22b575759a4d355470fed3d949f,Merge_success,0.0250704288482666,2865087181f741b163e9e6edd2edeee57f4bd22b575759a4d355470fed3d949f,Merge_success,0.025285959243774414,2865087181f741b163e9e6edd2edeee57f4bd22b575759a4d355470fed3d949f,Merge_success,0.025265216827392578,2865087181f741b163e9e6edd2edeee57f4bd22b575759a4d355470fed3d949f,Merge_success,0.020595550537109375,2865087181f741b163e9e6edd2edeee57f4bd22b575759a4d355470fed3d949f,Merge_success,0.04425859451293945,2865087181f741b163e9e6edd2edeee57f4bd22b575759a4d355470fed3d949f,Merge_success,0.43875908851623535,2865087181f741b163e9e6edd2edeee57f4bd22b575759a4d355470fed3d949f
25,refs/heads/master,aaf3608f5e79e05126bfb995e1805ae55883b011,080f96e90f9efe07afb6f57ad8bbf74994ba0809,e3ab9c0cbb10605258575475d91f6cfb8a318a21,a parent is the base,True,9e31e55822d6b7123f432031653d3e62e312bfae8494c139fe545628142b663c,66be4750c3ca3323d459d0cff803faead8de4eb3d60453e6da8bf0851648d239,Merge_success,0.02614283561706543,66be4750c3ca3323d459d0cff803faead8de4eb3d60453e6da8bf0851648d239,Merge_success,0.02517533302307129,66be4750c3ca3323d459d0cff803faead8de4eb3d60453e6da8bf0851648d239,Merge_success,0.026424884796142578,66be4750c3ca3323d459d0cff803faead8de4eb3d60453e6da8bf0851648d239,Merge_success,0.026340723037719727,66be4750c3ca3323d459d0cff803faead8de4eb3d60453e6da8bf0851648d239,Merge_success,0.027480602264404297,66be4750c3ca3323d459d0cff803faead8de4eb3d60453e6da8bf0851648d239,Merge_success,0.026986122131347656,66be4750c3ca3323d459d0cff803faead8de4eb3d60453e6da8bf0851648d239,Merge_success,0.02288818359375,66be4750c3ca3323d459d0cff803faead8de4eb3d60453e6da8bf0851648d239,Merge_success,0.02638077735900879,66be4750c3ca3323d459d0cff803faead8de4eb3d60453e6da8bf0851648d239,Merge_success,0.02599930763244629,66be4750c3ca3323d459d0cff803faead8de4eb3d60453e6da8bf0851648d239,Merge_success,0.026804447174072266,66be4750c3ca3323d459d0cff803faead8de4eb3d60453e6da8bf0851648d239,Merge_success,0.02614617347717285,66be4750c3ca3323d459d0cff803faead8de4eb3d60453e6da8bf0851648d239,Merge_success,0.02067875862121582,66be4750c3ca3323d459d0cff803faead8de4eb3d60453e6da8bf0851648d239,Merge_success,0.05398964881896973,66be4750c3ca3323d459d0cff803faead8de4eb3d60453e6da8bf0851648d239,Merge_success,0.4585747718811035,66be4750c3ca3323d459d0cff803faead8de4eb3d60453e6da8bf0851648d239
26,refs/heads/master,080f96e90f9efe07afb6f57ad8bbf74994ba0809,7d8aa841153fdb2dea509ba74473e1c2f641bd8c,48b782ae4eb3201e60827b009afc64b25bded43f,a parent is the base,True,479a5f94e0b20e2edc8b4c9a31ddd4a639bd16c5a4dcc05c88fc98a1e37fb080,9e31e55822d6b7123f432031653d3e62e312bfae8494c139fe545628142b663c,Merge_success,0.026990175247192383,9e31e55822d6b7123f432031653d3e62e312bfae8494c139fe545628142b663c,Merge_success,0.025955915451049805,9e31e55822d6b7123f432031653d3e62e312bfae8494c139fe545628142b663c,Merge_success,0.026861190795898438,9e31e55822d6b7123f432031653d3e62e312bfae8494c139fe545628142b663c,Merge_success,0.02675318717956543,9e31e55822d6b7123f432031653d3e62e312bfae8494c139fe545628142b663c,Merge_success,0.025694847106933594,9e31e55822d6b7123f432031653d3e62e312bfae8494c139fe545628142b663c,Merge_success,0.025546789169311523,9e31e55822d6b7123f432031653d3e62e312bfae8494c139fe545628142b663c,Merge_success,0.025919675827026367,9e31e55822d6b7123f432031653d3e62e312bfae8494c139fe545628142b663c,Merge_success,0.025870800018310547,9e31e55822d6b7123f432031653d3e62e312bfae8494c139fe545628142b663c,Merge_success,0.025466442108154297,9e31e55822d6b7123f432031653d3e62e312bfae8494c139fe545628142b663c,Merge_success,0.02654409408569336,9e31e55822d6b7123f432031653d3e62e312bfae8494c139fe545628142b663c,Merge_success,0.02571702003479004,9e31e55822d6b7123f432031653d3e62e312bfae8494c139fe545628142b663c,Merge_success,0.02047872543334961,9e31e55822d6b7123f432031653d3e62e312bfae8494c139fe545628142b663c,Merge_success,0.05015230178833008,9e31e55822d6b7123f432031653d3e62e312bfae8494c139fe545628142b663c,Merge_success,0.46950507164001465,9e31e55822d6b7123f432031653d3e62e312bfae8494c139fe545628142b663c
28,refs/heads/master,1623ae9a8d3ef3b88b71e1542dd70369c8e0d217,0317e86f3fcb26fa9f04d49f7d8cef1a4b2b5ce6,22219a9d069364b7333d62de38435163a99b0f83,a parent is the base,True,f0af270772be5b755249d28f5ebdfaefea80be46e43266b48a7f7a545a9519ff,336178a0375c4006717e32660bdab8c4be47d14122d98151465440b396cec73e,Merge_success,0.02573251724243164,336178a0375c4006717e32660bdab8c4be47d14122d98151465440b396cec73e,Merge_success,0.024386882781982422,336178a0375c4006717e32660bdab8c4be47d14122d98151465440b396cec73e,Merge_success,0.02426886558532715,336178a0375c4006717e32660bdab8c4be47d14122d98151465440b396cec73e,Merge_success,0.025231361389160156,336178a0375c4006717e32660bdab8c4be47d14122d98151465440b396cec73e,Merge_success,0.025677919387817383,336178a0375c4006717e32660bdab8c4be47d14122d98151465440b396cec73e,Merge_success,0.025069713592529297,336178a0375c4006717e32660bdab8c4be47d14122d98151465440b396cec73e,Merge_success,0.024977922439575195,336178a0375c4006717e32660bdab8c4be47d14122d98151465440b396cec73e,Merge_success,0.024098873138427734,336178a0375c4006717e32660bdab8c4be47d14122d98151465440b396cec73e,Merge_success,0.026569843292236328,336178a0375c4006717e32660bdab8c4be47d14122d98151465440b396cec73e,Merge_success,0.02613997459411621,336178a0375c4006717e32660bdab8c4be47d14122d98151465440b396cec73e,Merge_success,0.025652170181274414,336178a0375c4006717e32660bdab8c4be47d14122d98151465440b396cec73e,Merge_success,0.020801305770874023,336178a0375c4006717e32660bdab8c4be47d14122d98151465440b396cec73e,Merge_success,0.04862475395202637,336178a0375c4006717e32660bdab8c4be47d14122d98151465440b396cec73e,Merge_success,0.43049168586730957,336178a0375c4006717e32660bdab8c4be47d14122d98151465440b396cec73e
30,refs/heads/master,91ab270d9c486551a19776991b595965df8a4637,f8e2319929df530551cff365e68f843855ccec9d,8bf0c1d70209fc4ec74f231fc0911172c54d574a,a parent is the base,True,88627ab91667cdf2c3fffbff7b55cb02acae8525efcbfd6aaae8243ee8c2f522,a3b29b0a4f5f00760173659eac1a9c16e0c78d9d82b65887997d252717203fc8,Merge_success,0.027007102966308594,a3b29b0a4f5f00760173659eac1a9c16e0c78d9d82b65887997d252717203fc8,Merge_success,0.026355981826782227,a3b29b0a4f5f00760173659eac1a9c16e0c78d9d82b65887997d252717203fc8,Merge_success,0.026630163192749023,a3b29b0a4f5f00760173659eac1a9c16e0c78d9d82b65887997d252717203fc8,Merge_success,0.024819374084472656,a3b29b0a4f5f00760173659eac1a9c16e0c78d9d82b65887997d252717203fc8,Merge_success,0.02463221549987793,a3b29b0a4f5f00760173659eac1a9c16e0c78d9d82b65887997d252717203fc8,Merge_success,0.026091337203979492,a3b29b0a4f5f00760173659eac1a9c16e0c78d9d82b65887997d252717203fc8,Merge_success,0.02463817596435547,a3b29b0a4f5f00760173659eac1a9c16e0c78d9d82b65887997d252717203fc8,Merge_success,0.024869680404663086,a3b29b0a4f5f00760173659eac1a9c16e0c78d9d82b65887997d252717203fc8,Merge_success,0.02606034278869629,a3b29b0a4f5f00760173659eac1a9c16e0c78d9d82b65887997d252717203fc8,Merge_success,0.024052143096923828,a3b29b0a4f5f00760173659eac1a9c16e0c78d9d82b65887997d252717203fc8,Merge_success,0.025463104248046875,a3b29b0a4f5f00760173659eac1a9c16e0c78d9d82b65887997d252717203fc8,Merge_success,0.02052164077758789,a3b29b0a4f5f00760173659eac1a9c16e0c78d9d82b65887997d252717203fc8,Merge_success,0.05496501922607422,a3b29b0a4f5f00760173659eac1a9c16e0c78d9d82b65887997d252717203fc8,Merge_success,0.45666074752807617,a3b29b0a4f5f00760173659eac1a9c16e0c78d9d82b65887997d252717203fc8
