idx,branch_name,merge,left,right,notes,diff_contains_java_file,diff_size,left parent test coverage,left parent test result,left_tree_fingerprint,parents pass,right parent test coverage,right parent test result,right_tree_fingerprint,test merge,sampled for testing,gitmerge_ort,gitmerge_ort_merge_fingerprint,gitmerge_ort_adjacent,gitmerge_ort_adjacent_merge_fingerprint,gitmerge_ort_ignorespace,gitmerge_ort_ignorespace_merge_fingerprint,gitmerge_ort_imports,gitmerge_ort_imports_merge_fingerprint,gitmerge_ort_imports_ignorespace,gitmerge_ort_imports_ignorespace_merge_fingerprint,gitmerge_resolve,gitmerge_resolve_merge_fingerprint,gitmerge_recursive_histogram,gitmerge_recursive_histogram_merge_fingerprint,gitmerge_recursive_ignorespace,gitmerge_recursive_ignorespace_merge_fingerprint,gitmerge_recursive_minimal,gitmerge_recursive_minimal_merge_fingerprint,gitmerge_recursive_myers,gitmerge_recursive_myers_merge_fingerprint,gitmerge_recursive_patience,gitmerge_recursive_patience_merge_fingerprint,git_hires_merge,git_hires_merge_merge_fingerprint,spork,spork_merge_fingerprint,intellimerge,intellimerge_merge_fingerprint
47,refs/heads/master,595f3fb79a885f8620f77ebcccf8da65b5024b4e,c4c288a3e0e610ed02801b17ed26016b0e734032,ccba0cfc3f1b81dbaffa5153aeb84d48cd7630ff,,True,263,0.9233541715862345,Tests_passed,14c5faa9b4b60afc11b01449973d5e0d348c8635ce5db9cc29e7394c5b7f1432,True,0.9281839012963472,Tests_passed,f152d2165bd972b75ba5f3f827ef6cabc36244e88f3119ac3b74dc5590b88bd3,True,True,Tests_failed,a6de9d826da054109a976f9349009347bc078692386d70835e2109cb6a97e4ae,Tests_failed,a6de9d826da054109a976f9349009347bc078692386d70835e2109cb6a97e4ae,Tests_failed,a6de9d826da054109a976f9349009347bc078692386d70835e2109cb6a97e4ae,Tests_failed,a6de9d826da054109a976f9349009347bc078692386d70835e2109cb6a97e4ae,Tests_failed,a6de9d826da054109a976f9349009347bc078692386d70835e2109cb6a97e4ae,Tests_failed,a6de9d826da054109a976f9349009347bc078692386d70835e2109cb6a97e4ae,Tests_failed,a6de9d826da054109a976f9349009347bc078692386d70835e2109cb6a97e4ae,Tests_failed,a6de9d826da054109a976f9349009347bc078692386d70835e2109cb6a97e4ae,Tests_failed,a6de9d826da054109a976f9349009347bc078692386d70835e2109cb6a97e4ae,Tests_failed,a6de9d826da054109a976f9349009347bc078692386d70835e2109cb6a97e4ae,Tests_failed,a6de9d826da054109a976f9349009347bc078692386d70835e2109cb6a97e4ae,Tests_failed,a6de9d826da054109a976f9349009347bc078692386d70835e2109cb6a97e4ae,Tests_failed,a6de9d826da054109a976f9349009347bc078692386d70835e2109cb6a97e4ae,Merge_failed,a6de9d826da054109a976f9349009347bc078692386d70835e2109cb6a97e4ae
48,refs/heads/master,c4c288a3e0e610ed02801b17ed26016b0e734032,a8c6d43b5a61d8da784f0ac188d40b88a15dad50,a3677db89ef3863e8ac7cf578df499f85d970b76,,True,6004,0.928918670758704,Tests_passed,3d100917289ba2dc011dec4a4ff16170fd7c3e5679094ee328b85c9f21d18b47,True,0.921465039408508,Tests_passed,6b3fef96cee086a368ec7970f8305409ccb4cdf55ddefccb5cf958248542cbb9,True,True,Tests_passed,14c5faa9b4b60afc11b01449973d5e0d348c8635ce5db9cc29e7394c5b7f1432,Tests_passed,14c5faa9b4b60afc11b01449973d5e0d348c8635ce5db9cc29e7394c5b7f1432,Tests_passed,4c8df2465a526364242acef807038af325c310db2c03432f63e346ea1dd55deb,Tests_passed,14c5faa9b4b60afc11b01449973d5e0d348c8635ce5db9cc29e7394c5b7f1432,Tests_passed,4c8df2465a526364242acef807038af325c310db2c03432f63e346ea1dd55deb,Tests_passed,14c5faa9b4b60afc11b01449973d5e0d348c8635ce5db9cc29e7394c5b7f1432,Tests_passed,14c5faa9b4b60afc11b01449973d5e0d348c8635ce5db9cc29e7394c5b7f1432,Tests_passed,4c8df2465a526364242acef807038af325c310db2c03432f63e346ea1dd55deb,Tests_passed,14c5faa9b4b60afc11b01449973d5e0d348c8635ce5db9cc29e7394c5b7f1432,Tests_passed,14c5faa9b4b60afc11b01449973d5e0d348c8635ce5db9cc29e7394c5b7f1432,Tests_passed,14c5faa9b4b60afc11b01449973d5e0d348c8635ce5db9cc29e7394c5b7f1432,Tests_passed,14c5faa9b4b60afc11b01449973d5e0d348c8635ce5db9cc29e7394c5b7f1432,Tests_passed,ce93465e4cc2585ee43c7626bdc3991650a9287c3eabca1aff490d9e3291db33,Merge_failed,14c5faa9b4b60afc11b01449973d5e0d348c8635ce5db9cc29e7394c5b7f1432
51,refs/heads/master,57e01f404ecf77b31d301231bf09184ee87e69f7,085816b7cf48c7eb30bfed2c6197730552a1d55e,0f9ce497b0c6841e3aca845336ad095012c41da7,,True,118,0.929286121460448,Tests_passed,797bd644569504f6dcfa8efec2d4d0d32df77d052ea4ea962e20096ab4abe13d,True,0.929067681948334,Tests_passed,3c62457b511b96b48400201eff92af884946ef4622e8c505477b9394c6123e0a,True,True,Tests_passed,3b31f1f4b2c816295f8e005a514c96762bda46b3cf0a8c82f581c82e1a0b3f82,Tests_passed,3b31f1f4b2c816295f8e005a514c96762bda46b3cf0a8c82f581c82e1a0b3f82,Tests_passed,3b31f1f4b2c816295f8e005a514c96762bda46b3cf0a8c82f581c82e1a0b3f82,Tests_passed,3b31f1f4b2c816295f8e005a514c96762bda46b3cf0a8c82f581c82e1a0b3f82,Tests_passed,3b31f1f4b2c816295f8e005a514c96762bda46b3cf0a8c82f581c82e1a0b3f82,Tests_passed,3b31f1f4b2c816295f8e005a514c96762bda46b3cf0a8c82f581c82e1a0b3f82,Tests_passed,3b31f1f4b2c816295f8e005a514c96762bda46b3cf0a8c82f581c82e1a0b3f82,Tests_passed,3b31f1f4b2c816295f8e005a514c96762bda46b3cf0a8c82f581c82e1a0b3f82,Tests_passed,3b31f1f4b2c816295f8e005a514c96762bda46b3cf0a8c82f581c82e1a0b3f82,Tests_passed,3b31f1f4b2c816295f8e005a514c96762bda46b3cf0a8c82f581c82e1a0b3f82,Tests_passed,3b31f1f4b2c816295f8e005a514c96762bda46b3cf0a8c82f581c82e1a0b3f82,Tests_passed,3b31f1f4b2c816295f8e005a514c96762bda46b3cf0a8c82f581c82e1a0b3f82,Tests_passed,3b31f1f4b2c816295f8e005a514c96762bda46b3cf0a8c82f581c82e1a0b3f82,Merge_failed,3b31f1f4b2c816295f8e005a514c96762bda46b3cf0a8c82f581c82e1a0b3f82
52,refs/heads/master,64b47d86facb0dc2355a6295f143410938740ad3,fb1c11278810919fb5cbbadd5e7c3167cd4fc055,db50bb3c3c3311bf286dcebf1ffe6edef25f2aee,,True,375,0.9292801078452372,Tests_passed,3b8c67c5e1402cb7044564068c4bf769d4d7bd7a7d6595ccc5998622178fd9dc,True,0.929297569417132,Tests_passed,2d6ebe55f8e4f780e51206350e87ab0eda53a8cfec78b98bc866195f23ed7d9e,True,True,Merge_failed,3b8c67c5e1402cb7044564068c4bf769d4d7bd7a7d6595ccc5998622178fd9dc,Tests_passed,3b8c67c5e1402cb7044564068c4bf769d4d7bd7a7d6595ccc5998622178fd9dc,Merge_failed,3b8c67c5e1402cb7044564068c4bf769d4d7bd7a7d6595ccc5998622178fd9dc,Tests_passed,3b8c67c5e1402cb7044564068c4bf769d4d7bd7a7d6595ccc5998622178fd9dc,Tests_passed,3b8c67c5e1402cb7044564068c4bf769d4d7bd7a7d6595ccc5998622178fd9dc,Merge_failed,3b8c67c5e1402cb7044564068c4bf769d4d7bd7a7d6595ccc5998622178fd9dc,Merge_failed,3b8c67c5e1402cb7044564068c4bf769d4d7bd7a7d6595ccc5998622178fd9dc,Merge_failed,3b8c67c5e1402cb7044564068c4bf769d4d7bd7a7d6595ccc5998622178fd9dc,Merge_failed,3b8c67c5e1402cb7044564068c4bf769d4d7bd7a7d6595ccc5998622178fd9dc,Merge_failed,3b8c67c5e1402cb7044564068c4bf769d4d7bd7a7d6595ccc5998622178fd9dc,Merge_failed,3b8c67c5e1402cb7044564068c4bf769d4d7bd7a7d6595ccc5998622178fd9dc,Merge_failed,3b8c67c5e1402cb7044564068c4bf769d4d7bd7a7d6595ccc5998622178fd9dc,Merge_failed,eb5e6e4d573c02ee3e59e73383e569bbb064036045579638cd1718b9e105c1aa,Merge_failed,eb5e6e4d573c02ee3e59e73383e569bbb064036045579638cd1718b9e105c1aa
61,refs/heads/master,d0f45833617d8622f68bb33f1050cd8a6e9c9464,7a8dc00b8be18a9271e2d9c2444ba91077ffafa5,5bbd826e2f4332b0de439d2b4693347f4f2f8f9c,,True,12,0.9270996076519106,Tests_passed,ef97525c13597a7d7eec2b402e7d4810fafa3d67943ad491c4ed8e095a47970a,True,0.9271042847565064,Tests_passed,1416ba11e141b8adafb1fa33d6073eaae1c3c5b5027540ef72225551562eaac4,True,True,Tests_passed,789055724c0cc6a107413abd00b32291f698289eb847e0f9afa6bdb6dd3e524e,Tests_passed,789055724c0cc6a107413abd00b32291f698289eb847e0f9afa6bdb6dd3e524e,Tests_passed,789055724c0cc6a107413abd00b32291f698289eb847e0f9afa6bdb6dd3e524e,Tests_passed,789055724c0cc6a107413abd00b32291f698289eb847e0f9afa6bdb6dd3e524e,Tests_passed,789055724c0cc6a107413abd00b32291f698289eb847e0f9afa6bdb6dd3e524e,Tests_passed,789055724c0cc6a107413abd00b32291f698289eb847e0f9afa6bdb6dd3e524e,Tests_passed,789055724c0cc6a107413abd00b32291f698289eb847e0f9afa6bdb6dd3e524e,Tests_passed,789055724c0cc6a107413abd00b32291f698289eb847e0f9afa6bdb6dd3e524e,Tests_passed,789055724c0cc6a107413abd00b32291f698289eb847e0f9afa6bdb6dd3e524e,Tests_passed,789055724c0cc6a107413abd00b32291f698289eb847e0f9afa6bdb6dd3e524e,Tests_passed,789055724c0cc6a107413abd00b32291f698289eb847e0f9afa6bdb6dd3e524e,Tests_passed,789055724c0cc6a107413abd00b32291f698289eb847e0f9afa6bdb6dd3e524e,Tests_passed,789055724c0cc6a107413abd00b32291f698289eb847e0f9afa6bdb6dd3e524e,Merge_failed,789055724c0cc6a107413abd00b32291f698289eb847e0f9afa6bdb6dd3e524e
67,refs/heads/master,47ed8d9207be8362463b9113de0c83bca871345e,00439211981af7b5baed495f526ef8ad76ee7c5b,5566a21d2b34090d1ce8129f41b551a1187e7d5b,,True,15,0.92459161750162,Tests_passed,005ada131d11a54a0c5a5b39efd3192e8bfbb2c9a992248e8579a46cb2ae859e,True,0.9245996820653472,Tests_passed,90a0833f979c54c4d0a962b2888e2f8b9a9cb6abe97829ceae20f7b6a5d93c0a,True,True,Tests_passed,0711e814339d8bb570f378c28b96bc55aac773289ca9c81751948aa1721b8c6d,Tests_passed,0711e814339d8bb570f378c28b96bc55aac773289ca9c81751948aa1721b8c6d,Tests_passed,0711e814339d8bb570f378c28b96bc55aac773289ca9c81751948aa1721b8c6d,Tests_passed,0711e814339d8bb570f378c28b96bc55aac773289ca9c81751948aa1721b8c6d,Tests_passed,0711e814339d8bb570f378c28b96bc55aac773289ca9c81751948aa1721b8c6d,Tests_passed,0711e814339d8bb570f378c28b96bc55aac773289ca9c81751948aa1721b8c6d,Tests_passed,0711e814339d8bb570f378c28b96bc55aac773289ca9c81751948aa1721b8c6d,Tests_passed,0711e814339d8bb570f378c28b96bc55aac773289ca9c81751948aa1721b8c6d,Tests_passed,0711e814339d8bb570f378c28b96bc55aac773289ca9c81751948aa1721b8c6d,Tests_passed,0711e814339d8bb570f378c28b96bc55aac773289ca9c81751948aa1721b8c6d,Tests_passed,0711e814339d8bb570f378c28b96bc55aac773289ca9c81751948aa1721b8c6d,Tests_passed,0711e814339d8bb570f378c28b96bc55aac773289ca9c81751948aa1721b8c6d,Tests_passed,0711e814339d8bb570f378c28b96bc55aac773289ca9c81751948aa1721b8c6d,Merge_failed,0711e814339d8bb570f378c28b96bc55aac773289ca9c81751948aa1721b8c6d
69,refs/heads/master,9575054ff07b8dbb912e889111f6b3a3be582680,5f9dda6b900ced96f21c4c0cee9bf14ea58451b2,3ac3ff62b862ee89effcf1a4889b04f32fd8dbb2,,True,157,0.9294249736583008,Tests_passed,42e2e92eb514029404d296b00ffb753880d637fbc8c1a622a7b3a9e6d251d05b,True,0.9293624590765313,Tests_passed,5b1dcff5961966e96cf895e6e3c968c2b97a4dcc0cd7dfb35063edbb7e7ff20c,True,True,Merge_failed,42e2e92eb514029404d296b00ffb753880d637fbc8c1a622a7b3a9e6d251d05b,Tests_passed,42e2e92eb514029404d296b00ffb753880d637fbc8c1a622a7b3a9e6d251d05b,Merge_failed,42e2e92eb514029404d296b00ffb753880d637fbc8c1a622a7b3a9e6d251d05b,Tests_passed,42e2e92eb514029404d296b00ffb753880d637fbc8c1a622a7b3a9e6d251d05b,Tests_passed,42e2e92eb514029404d296b00ffb753880d637fbc8c1a622a7b3a9e6d251d05b,Merge_failed,42e2e92eb514029404d296b00ffb753880d637fbc8c1a622a7b3a9e6d251d05b,Merge_failed,42e2e92eb514029404d296b00ffb753880d637fbc8c1a622a7b3a9e6d251d05b,Merge_failed,42e2e92eb514029404d296b00ffb753880d637fbc8c1a622a7b3a9e6d251d05b,Merge_failed,42e2e92eb514029404d296b00ffb753880d637fbc8c1a622a7b3a9e6d251d05b,Merge_failed,42e2e92eb514029404d296b00ffb753880d637fbc8c1a622a7b3a9e6d251d05b,Merge_failed,42e2e92eb514029404d296b00ffb753880d637fbc8c1a622a7b3a9e6d251d05b,Merge_failed,42e2e92eb514029404d296b00ffb753880d637fbc8c1a622a7b3a9e6d251d05b,Merge_failed,330ed042c9b1da653313197022ff994618f373a392b8cc9ddd620d5b5d40429e,Merge_failed,4ae53c6b264d46c308f9f35cd1103f5822c4bce563a60d225128a1b43d3614d7
72,refs/heads/master,0a799598cbb436e67d65561793d1a8a7c56c3446,845e1d54231d3ff3fb04bdbf5dc5f6b631d9b01e,e588c8f2e94ec422042c3c2ac27088e558a635b0,,True,1009,0.92759449299453,Tests_passed,cc5b6a1ef3bbe8ddfe14c58a6df5e8bee6b355bc469c49c1c7be973675516e4c,True,0.9281571717956544,Tests_passed,0fb3c508516ede9d057838ff09132939c6b70d7b026e6c6a6359f85c27803ec4,True,True,Merge_failed,cc5b6a1ef3bbe8ddfe14c58a6df5e8bee6b355bc469c49c1c7be973675516e4c,Tests_passed,cc5b6a1ef3bbe8ddfe14c58a6df5e8bee6b355bc469c49c1c7be973675516e4c,Merge_failed,cc5b6a1ef3bbe8ddfe14c58a6df5e8bee6b355bc469c49c1c7be973675516e4c,Tests_passed,cc5b6a1ef3bbe8ddfe14c58a6df5e8bee6b355bc469c49c1c7be973675516e4c,Tests_passed,cc5b6a1ef3bbe8ddfe14c58a6df5e8bee6b355bc469c49c1c7be973675516e4c,Merge_failed,cc5b6a1ef3bbe8ddfe14c58a6df5e8bee6b355bc469c49c1c7be973675516e4c,Merge_failed,cc5b6a1ef3bbe8ddfe14c58a6df5e8bee6b355bc469c49c1c7be973675516e4c,Merge_failed,cc5b6a1ef3bbe8ddfe14c58a6df5e8bee6b355bc469c49c1c7be973675516e4c,Merge_failed,cc5b6a1ef3bbe8ddfe14c58a6df5e8bee6b355bc469c49c1c7be973675516e4c,Merge_failed,cc5b6a1ef3bbe8ddfe14c58a6df5e8bee6b355bc469c49c1c7be973675516e4c,Merge_failed,cc5b6a1ef3bbe8ddfe14c58a6df5e8bee6b355bc469c49c1c7be973675516e4c,Merge_failed,cc5b6a1ef3bbe8ddfe14c58a6df5e8bee6b355bc469c49c1c7be973675516e4c,Merge_failed,99d67fafe27291cbcd99daca863090d23322c88741d4d77bb8aa38a0e5335a69,Merge_failed,99d67fafe27291cbcd99daca863090d23322c88741d4d77bb8aa38a0e5335a69
87,refs/heads/master,c8f122c30463a186b0586c1370aa2b8e87890375,fd7a4362caf2cd69368a38f2f71ffe19706e341c,10b1c517cd5c0083cd0ad7a5f23167d66d1e59fd,,True,192,0.9244189474428972,Tests_passed,56f948f4246799392164d9e0f853d283f8e10c3b0928a6088d0eb887d26a165a,True,0.9206116150752828,Tests_passed,9c6191187b3fc49bc9e34862787f61831b30e1e8430226ef8bef873cf120b50d,True,True,Merge_failed,56f948f4246799392164d9e0f853d283f8e10c3b0928a6088d0eb887d26a165a,Tests_passed,56f948f4246799392164d9e0f853d283f8e10c3b0928a6088d0eb887d26a165a,Merge_failed,56f948f4246799392164d9e0f853d283f8e10c3b0928a6088d0eb887d26a165a,Tests_passed,56f948f4246799392164d9e0f853d283f8e10c3b0928a6088d0eb887d26a165a,Tests_passed,56f948f4246799392164d9e0f853d283f8e10c3b0928a6088d0eb887d26a165a,Merge_failed,56f948f4246799392164d9e0f853d283f8e10c3b0928a6088d0eb887d26a165a,Merge_failed,56f948f4246799392164d9e0f853d283f8e10c3b0928a6088d0eb887d26a165a,Merge_failed,56f948f4246799392164d9e0f853d283f8e10c3b0928a6088d0eb887d26a165a,Merge_failed,56f948f4246799392164d9e0f853d283f8e10c3b0928a6088d0eb887d26a165a,Merge_failed,56f948f4246799392164d9e0f853d283f8e10c3b0928a6088d0eb887d26a165a,Merge_failed,56f948f4246799392164d9e0f853d283f8e10c3b0928a6088d0eb887d26a165a,Merge_failed,56f948f4246799392164d9e0f853d283f8e10c3b0928a6088d0eb887d26a165a,Merge_failed,b1ee6e28ae5b86d5d7f86e73cf51cf15e2b38434add6ace12b215ef8d372ed09,Merge_failed,b1ee6e28ae5b86d5d7f86e73cf51cf15e2b38434add6ace12b215ef8d372ed09
88,refs/heads/master,e11c00085cf0ba8c692522a851a387b63803c74c,c53f2106109153eda10c47a6960a5a579d1530b8,0802df0f7376ca7aaffa7a23b2cc1f2c4c0c8aa9,,True,160,0.922171034948337,Tests_passed,7f6ec03ebcf2f2b4a8a5ac6d9ef557fc710342d19f97e3226d735e78e72cf6f6,True,0.9215296052114478,Tests_passed,b15cd56a0430d12abfe5c6cec5aeded9a854b041ec8766b268533d22e4204a58,True,True,Tests_passed,bb5495acb53b4d21807dd1f83f723c3f02404b0b5bc5f478aa66aab8d1b05053,Tests_passed,bb5495acb53b4d21807dd1f83f723c3f02404b0b5bc5f478aa66aab8d1b05053,Tests_passed,bb5495acb53b4d21807dd1f83f723c3f02404b0b5bc5f478aa66aab8d1b05053,Tests_passed,bb5495acb53b4d21807dd1f83f723c3f02404b0b5bc5f478aa66aab8d1b05053,Tests_passed,bb5495acb53b4d21807dd1f83f723c3f02404b0b5bc5f478aa66aab8d1b05053,Tests_passed,bb5495acb53b4d21807dd1f83f723c3f02404b0b5bc5f478aa66aab8d1b05053,Tests_passed,bb5495acb53b4d21807dd1f83f723c3f02404b0b5bc5f478aa66aab8d1b05053,Tests_passed,bb5495acb53b4d21807dd1f83f723c3f02404b0b5bc5f478aa66aab8d1b05053,Tests_passed,bb5495acb53b4d21807dd1f83f723c3f02404b0b5bc5f478aa66aab8d1b05053,Tests_passed,bb5495acb53b4d21807dd1f83f723c3f02404b0b5bc5f478aa66aab8d1b05053,Tests_passed,bb5495acb53b4d21807dd1f83f723c3f02404b0b5bc5f478aa66aab8d1b05053,Tests_passed,bb5495acb53b4d21807dd1f83f723c3f02404b0b5bc5f478aa66aab8d1b05053,Tests_passed,bb5495acb53b4d21807dd1f83f723c3f02404b0b5bc5f478aa66aab8d1b05053,Merge_failed,bb5495acb53b4d21807dd1f83f723c3f02404b0b5bc5f478aa66aab8d1b05053
90,refs/heads/master,7df65a5ddf59b564af1d753b89d30f8dc33a2c5d,4a6bf542e1929503f354d0afccc76e19d1cae177,45ae5c7e42b07ff24e2385de57f70e9484a46ae3,,True,137,0.9217451763203182,Tests_passed,28ec24ab96cd13aca0c91a5584376511dedb19a38b38a8b12818f6b1585e9ded,True,0.9218181703771756,Tests_passed,41841f04a339f98a520f75b0b58a2d5eabd70f90d28e4fe8e3c54c09b2734c49,True,True,Tests_passed,0cc1cf6945c924076e38ac400064b17e9fa74764edbcbd08b041ed5fa207e44b,Tests_passed,0cc1cf6945c924076e38ac400064b17e9fa74764edbcbd08b041ed5fa207e44b,Tests_passed,0cc1cf6945c924076e38ac400064b17e9fa74764edbcbd08b041ed5fa207e44b,Tests_passed,0cc1cf6945c924076e38ac400064b17e9fa74764edbcbd08b041ed5fa207e44b,Tests_passed,0cc1cf6945c924076e38ac400064b17e9fa74764edbcbd08b041ed5fa207e44b,Tests_passed,0cc1cf6945c924076e38ac400064b17e9fa74764edbcbd08b041ed5fa207e44b,Tests_passed,0cc1cf6945c924076e38ac400064b17e9fa74764edbcbd08b041ed5fa207e44b,Tests_passed,0cc1cf6945c924076e38ac400064b17e9fa74764edbcbd08b041ed5fa207e44b,Tests_passed,0cc1cf6945c924076e38ac400064b17e9fa74764edbcbd08b041ed5fa207e44b,Tests_passed,0cc1cf6945c924076e38ac400064b17e9fa74764edbcbd08b041ed5fa207e44b,Tests_passed,0cc1cf6945c924076e38ac400064b17e9fa74764edbcbd08b041ed5fa207e44b,Tests_passed,0cc1cf6945c924076e38ac400064b17e9fa74764edbcbd08b041ed5fa207e44b,Tests_passed,0cc1cf6945c924076e38ac400064b17e9fa74764edbcbd08b041ed5fa207e44b,Merge_failed,0cc1cf6945c924076e38ac400064b17e9fa74764edbcbd08b041ed5fa207e44b
91,refs/heads/master,4a6bf542e1929503f354d0afccc76e19d1cae177,29b193629150c9a38949a6afa5b620cdb4d7f6a6,79ae77fda8b987b01b2e49dd0ae84819778634dc,,True,1376,0.920161315931536,Tests_passed,36107950901f3bb568e8f1cbb6fb06d03b6641abb90c1c4768d8eb437fa9287d,True,0.9218548922499914,Tests_passed,1887356a9ec9bb80b8ed39743ffade213a1e65c8764a3456095a99868f74a5da,True,True,Tests_passed,28ec24ab96cd13aca0c91a5584376511dedb19a38b38a8b12818f6b1585e9ded,Tests_passed,28ec24ab96cd13aca0c91a5584376511dedb19a38b38a8b12818f6b1585e9ded,Tests_passed,28ec24ab96cd13aca0c91a5584376511dedb19a38b38a8b12818f6b1585e9ded,Tests_passed,28ec24ab96cd13aca0c91a5584376511dedb19a38b38a8b12818f6b1585e9ded,Tests_passed,28ec24ab96cd13aca0c91a5584376511dedb19a38b38a8b12818f6b1585e9ded,Tests_passed,28ec24ab96cd13aca0c91a5584376511dedb19a38b38a8b12818f6b1585e9ded,Tests_passed,28ec24ab96cd13aca0c91a5584376511dedb19a38b38a8b12818f6b1585e9ded,Tests_passed,28ec24ab96cd13aca0c91a5584376511dedb19a38b38a8b12818f6b1585e9ded,Tests_passed,28ec24ab96cd13aca0c91a5584376511dedb19a38b38a8b12818f6b1585e9ded,Tests_passed,28ec24ab96cd13aca0c91a5584376511dedb19a38b38a8b12818f6b1585e9ded,Tests_passed,28ec24ab96cd13aca0c91a5584376511dedb19a38b38a8b12818f6b1585e9ded,Tests_passed,28ec24ab96cd13aca0c91a5584376511dedb19a38b38a8b12818f6b1585e9ded,Tests_passed,28ec24ab96cd13aca0c91a5584376511dedb19a38b38a8b12818f6b1585e9ded,Merge_failed,28ec24ab96cd13aca0c91a5584376511dedb19a38b38a8b12818f6b1585e9ded
93,refs/heads/master,b5e155e7d0448a100e9d4ff7d178a2fb9ea9f659,4a339cda2c3933a2adcb23ea0ea8470d68d1b010,a51908af1d49d968ee919c221cbd9a8593b1f21c,,True,1361,0.9202940896242894,Tests_passed,1cd657b144e666dc445c78f262b4b99ddefbdce26201b3ff0c1978bd05304142,True,0.9218694289924304,Tests_passed,dc7f3ed357f9063370534532f19ddd10dc51e534c92cdb9296277038abd4eabd,True,True,Tests_passed,5ecb1c5977a24a96be878ea37e80282a8266ab9ad8b1c3cb893674810e8e4a3a,Tests_passed,5ecb1c5977a24a96be878ea37e80282a8266ab9ad8b1c3cb893674810e8e4a3a,Tests_passed,5ecb1c5977a24a96be878ea37e80282a8266ab9ad8b1c3cb893674810e8e4a3a,Tests_passed,5ecb1c5977a24a96be878ea37e80282a8266ab9ad8b1c3cb893674810e8e4a3a,Tests_passed,5ecb1c5977a24a96be878ea37e80282a8266ab9ad8b1c3cb893674810e8e4a3a,Tests_passed,5ecb1c5977a24a96be878ea37e80282a8266ab9ad8b1c3cb893674810e8e4a3a,Tests_passed,5ecb1c5977a24a96be878ea37e80282a8266ab9ad8b1c3cb893674810e8e4a3a,Tests_passed,5ecb1c5977a24a96be878ea37e80282a8266ab9ad8b1c3cb893674810e8e4a3a,Tests_passed,5ecb1c5977a24a96be878ea37e80282a8266ab9ad8b1c3cb893674810e8e4a3a,Tests_passed,5ecb1c5977a24a96be878ea37e80282a8266ab9ad8b1c3cb893674810e8e4a3a,Tests_passed,5ecb1c5977a24a96be878ea37e80282a8266ab9ad8b1c3cb893674810e8e4a3a,Tests_passed,5ecb1c5977a24a96be878ea37e80282a8266ab9ad8b1c3cb893674810e8e4a3a,Tests_passed,5ecb1c5977a24a96be878ea37e80282a8266ab9ad8b1c3cb893674810e8e4a3a,Merge_failed,5ecb1c5977a24a96be878ea37e80282a8266ab9ad8b1c3cb893674810e8e4a3a
94,refs/heads/master,bd3a6ecaa777247aaa6175e5c4721bfbd1645451,d8bfc8c8f8864f9c22e0409780d5dd3fb30497ff,d26810c0d98bacce22363ad6ec327eebeb1afacf,,True,1385,0.9202940896242894,Tests_passed,83ddc46296dc58eadc931287206a951001f564819be0bf7c98d9a475d0f2d404,True,0.9218694289924304,Tests_passed,fcbcffed2d40554597d22291f6a97464218e1be93875548fcb30761ea128709d,True,True,Tests_passed,0d4e7d806c7776dbd983659efc31edd429e5abe5d8e39e9da3370b4935943280,Tests_passed,0d4e7d806c7776dbd983659efc31edd429e5abe5d8e39e9da3370b4935943280,Tests_passed,0d4e7d806c7776dbd983659efc31edd429e5abe5d8e39e9da3370b4935943280,Tests_passed,0d4e7d806c7776dbd983659efc31edd429e5abe5d8e39e9da3370b4935943280,Tests_passed,0d4e7d806c7776dbd983659efc31edd429e5abe5d8e39e9da3370b4935943280,Tests_passed,0d4e7d806c7776dbd983659efc31edd429e5abe5d8e39e9da3370b4935943280,Tests_passed,0d4e7d806c7776dbd983659efc31edd429e5abe5d8e39e9da3370b4935943280,Tests_passed,0d4e7d806c7776dbd983659efc31edd429e5abe5d8e39e9da3370b4935943280,Tests_passed,0d4e7d806c7776dbd983659efc31edd429e5abe5d8e39e9da3370b4935943280,Tests_passed,0d4e7d806c7776dbd983659efc31edd429e5abe5d8e39e9da3370b4935943280,Tests_passed,0d4e7d806c7776dbd983659efc31edd429e5abe5d8e39e9da3370b4935943280,Tests_passed,0d4e7d806c7776dbd983659efc31edd429e5abe5d8e39e9da3370b4935943280,Tests_passed,0d4e7d806c7776dbd983659efc31edd429e5abe5d8e39e9da3370b4935943280,Merge_failed,0d4e7d806c7776dbd983659efc31edd429e5abe5d8e39e9da3370b4935943280
99,refs/remotes/origin/3.6-release,47ae2b7c84fba9f4dd857b7c70941ec2ef7e6f39,2525399e1654530f1eff026cf3a16e473cd07296,026e3305399dca03146da7f38c7be087395e60cb,,True,216,0.9249224922217616,Tests_passed,e3974146f69f4f25ea41f010f3d08f887086877fbff5c78063e1a8d8165d69b9,True,0.9249252382900782,Tests_passed,e37eed815729ae8d793eba46c83b362ad3a0f55b71f3a4106f1a9dd085b36754,True,True,Tests_passed,c904291ef26c9ff39c525b7c9ec1bb04f9f4daf16e494d6fa7629c833f02676c,Tests_passed,c904291ef26c9ff39c525b7c9ec1bb04f9f4daf16e494d6fa7629c833f02676c,Tests_passed,c904291ef26c9ff39c525b7c9ec1bb04f9f4daf16e494d6fa7629c833f02676c,Tests_passed,c904291ef26c9ff39c525b7c9ec1bb04f9f4daf16e494d6fa7629c833f02676c,Tests_passed,c904291ef26c9ff39c525b7c9ec1bb04f9f4daf16e494d6fa7629c833f02676c,Tests_passed,c904291ef26c9ff39c525b7c9ec1bb04f9f4daf16e494d6fa7629c833f02676c,Tests_passed,c904291ef26c9ff39c525b7c9ec1bb04f9f4daf16e494d6fa7629c833f02676c,Tests_passed,c904291ef26c9ff39c525b7c9ec1bb04f9f4daf16e494d6fa7629c833f02676c,Tests_passed,c904291ef26c9ff39c525b7c9ec1bb04f9f4daf16e494d6fa7629c833f02676c,Tests_passed,c904291ef26c9ff39c525b7c9ec1bb04f9f4daf16e494d6fa7629c833f02676c,Tests_passed,c904291ef26c9ff39c525b7c9ec1bb04f9f4daf16e494d6fa7629c833f02676c,Tests_passed,c904291ef26c9ff39c525b7c9ec1bb04f9f4daf16e494d6fa7629c833f02676c,Tests_passed,c904291ef26c9ff39c525b7c9ec1bb04f9f4daf16e494d6fa7629c833f02676c,Merge_failed,c904291ef26c9ff39c525b7c9ec1bb04f9f4daf16e494d6fa7629c833f02676c
101,refs/remotes/origin/3.6-release,c5e6ccb81771a2ad82d4c4ff02edb73c2cd18184,29649959e22888a0814541acc01f9ca8d86aaa72,895e9c1c506a7474536050989844ef5871636ebb,,True,472,0.9249032697435446,Tests_passed,34197db900a0903a7cf17ced3172fb7e4c2ae0b56be723c0f6c95f53f3788eab,True,0.9248950315385946,Tests_passed,01a1f174ef63b60c1bc58ead35fd469f72e71756fa223df04e8c6057e7da7714,True,True,Tests_passed,6f203eabd8d75d7de1bef214be542e5030ed1a98195545aaa19dde649f8108c9,Tests_passed,6f203eabd8d75d7de1bef214be542e5030ed1a98195545aaa19dde649f8108c9,Tests_passed,6f203eabd8d75d7de1bef214be542e5030ed1a98195545aaa19dde649f8108c9,Tests_passed,6f203eabd8d75d7de1bef214be542e5030ed1a98195545aaa19dde649f8108c9,Tests_passed,6f203eabd8d75d7de1bef214be542e5030ed1a98195545aaa19dde649f8108c9,Tests_passed,6f203eabd8d75d7de1bef214be542e5030ed1a98195545aaa19dde649f8108c9,Tests_passed,6f203eabd8d75d7de1bef214be542e5030ed1a98195545aaa19dde649f8108c9,Tests_passed,6f203eabd8d75d7de1bef214be542e5030ed1a98195545aaa19dde649f8108c9,Tests_passed,6f203eabd8d75d7de1bef214be542e5030ed1a98195545aaa19dde649f8108c9,Tests_passed,6f203eabd8d75d7de1bef214be542e5030ed1a98195545aaa19dde649f8108c9,Tests_passed,6f203eabd8d75d7de1bef214be542e5030ed1a98195545aaa19dde649f8108c9,Tests_passed,6f203eabd8d75d7de1bef214be542e5030ed1a98195545aaa19dde649f8108c9,Tests_passed,6f203eabd8d75d7de1bef214be542e5030ed1a98195545aaa19dde649f8108c9,Merge_failed,6f203eabd8d75d7de1bef214be542e5030ed1a98195545aaa19dde649f8108c9
108,refs/remotes/origin/3.6-release,88cee6d7b31e1ff2e0aa0d01d157e41543d49c14,7929e10a8f8bbb43672b4a695b68a1e1fd8ad40e,1c9c43c1d4bb76d7e47cdfc9c6681a38305a95e4,,True,173,0.9228059484947406,Tests_passed,6ab5d65e40c34a59eb3002ba1fd563a38216f3c7eb2c9f67e4e8bcf1a2374ec4,True,0.9227640271447264,Tests_passed,026901db855d06222c786824979c97e35259592ce6905ec85d7b8334df1f80d3,True,True,Tests_passed,7887675daf864ad64758cec9a56948a48bbb3d5b3fbf0a4e3ce34cb41dad278d,Tests_passed,7887675daf864ad64758cec9a56948a48bbb3d5b3fbf0a4e3ce34cb41dad278d,Tests_passed,7887675daf864ad64758cec9a56948a48bbb3d5b3fbf0a4e3ce34cb41dad278d,Tests_passed,7887675daf864ad64758cec9a56948a48bbb3d5b3fbf0a4e3ce34cb41dad278d,Tests_passed,7887675daf864ad64758cec9a56948a48bbb3d5b3fbf0a4e3ce34cb41dad278d,Tests_passed,7887675daf864ad64758cec9a56948a48bbb3d5b3fbf0a4e3ce34cb41dad278d,Tests_passed,7887675daf864ad64758cec9a56948a48bbb3d5b3fbf0a4e3ce34cb41dad278d,Tests_passed,7887675daf864ad64758cec9a56948a48bbb3d5b3fbf0a4e3ce34cb41dad278d,Tests_passed,7887675daf864ad64758cec9a56948a48bbb3d5b3fbf0a4e3ce34cb41dad278d,Tests_passed,7887675daf864ad64758cec9a56948a48bbb3d5b3fbf0a4e3ce34cb41dad278d,Tests_passed,7887675daf864ad64758cec9a56948a48bbb3d5b3fbf0a4e3ce34cb41dad278d,Tests_passed,7887675daf864ad64758cec9a56948a48bbb3d5b3fbf0a4e3ce34cb41dad278d,Tests_passed,7887675daf864ad64758cec9a56948a48bbb3d5b3fbf0a4e3ce34cb41dad278d,Merge_failed,7887675daf864ad64758cec9a56948a48bbb3d5b3fbf0a4e3ce34cb41dad278d
125,refs/remotes/origin/pull/18,b9d440b6507c7c3a12e4b7dcb0acba3d06de5b03,a85dccc7e3028a81e4a478ed651759f06b422845,050dfa6f0850174fdf958ce6751d2f06900201f8,,True,6403,0.9209286218697376,Tests_passed,702607daa709def162ec4f18e2ac9e6dabfe25e1a7bfdd693d1602bfa4f3496f,True,0.9271620264777872,Tests_passed,162f2e6d698382875aaa4c8d7d75a1649d2279c9cfdca43ca10562ae7270d57c,True,True,Merge_failed,702607daa709def162ec4f18e2ac9e6dabfe25e1a7bfdd693d1602bfa4f3496f,Tests_passed,702607daa709def162ec4f18e2ac9e6dabfe25e1a7bfdd693d1602bfa4f3496f,Merge_failed,702607daa709def162ec4f18e2ac9e6dabfe25e1a7bfdd693d1602bfa4f3496f,Tests_passed,702607daa709def162ec4f18e2ac9e6dabfe25e1a7bfdd693d1602bfa4f3496f,Tests_passed,702607daa709def162ec4f18e2ac9e6dabfe25e1a7bfdd693d1602bfa4f3496f,Merge_failed,702607daa709def162ec4f18e2ac9e6dabfe25e1a7bfdd693d1602bfa4f3496f,Merge_failed,702607daa709def162ec4f18e2ac9e6dabfe25e1a7bfdd693d1602bfa4f3496f,Merge_failed,702607daa709def162ec4f18e2ac9e6dabfe25e1a7bfdd693d1602bfa4f3496f,Merge_failed,702607daa709def162ec4f18e2ac9e6dabfe25e1a7bfdd693d1602bfa4f3496f,Merge_failed,702607daa709def162ec4f18e2ac9e6dabfe25e1a7bfdd693d1602bfa4f3496f,Merge_failed,702607daa709def162ec4f18e2ac9e6dabfe25e1a7bfdd693d1602bfa4f3496f,Merge_failed,702607daa709def162ec4f18e2ac9e6dabfe25e1a7bfdd693d1602bfa4f3496f,Merge_failed,d46d16240513a7e673a9f712a1369aecae84e82ca2a8cd9be3a02f972620cdef,Merge_failed,ab8b58aa8f6b173cbf368d9367e0fcfa859ff2fb9192f506535e8f71ca665087
147,refs/remotes/origin/pull/29,ea4c2fdc9396bd88263e8444ad7e457a4d23ce41,02e4f6be9f5c7b6a3e6e0e83d8f038bdcd9ef287,1d3fd2b2978a2db39f7874484e3752a0415ba400,,True,415,0.9214985912278978,Tests_passed,f7bd28a56239ccca13995e61ed32239b5181f6e9577749f92e0b4e034b2753dd,True,0.9214510031341008,Tests_passed,47a015607079db74d60066c7ee81aa02c0b58f8b671b14b65cb3c456cfbfcff2,True,True,Merge_failed,f7bd28a56239ccca13995e61ed32239b5181f6e9577749f92e0b4e034b2753dd,Tests_passed,f7bd28a56239ccca13995e61ed32239b5181f6e9577749f92e0b4e034b2753dd,Merge_failed,f7bd28a56239ccca13995e61ed32239b5181f6e9577749f92e0b4e034b2753dd,Tests_passed,f7bd28a56239ccca13995e61ed32239b5181f6e9577749f92e0b4e034b2753dd,Tests_passed,f7bd28a56239ccca13995e61ed32239b5181f6e9577749f92e0b4e034b2753dd,Merge_failed,f7bd28a56239ccca13995e61ed32239b5181f6e9577749f92e0b4e034b2753dd,Merge_failed,f7bd28a56239ccca13995e61ed32239b5181f6e9577749f92e0b4e034b2753dd,Merge_failed,f7bd28a56239ccca13995e61ed32239b5181f6e9577749f92e0b4e034b2753dd,Merge_failed,f7bd28a56239ccca13995e61ed32239b5181f6e9577749f92e0b4e034b2753dd,Merge_failed,f7bd28a56239ccca13995e61ed32239b5181f6e9577749f92e0b4e034b2753dd,Merge_failed,f7bd28a56239ccca13995e61ed32239b5181f6e9577749f92e0b4e034b2753dd,Merge_failed,f7bd28a56239ccca13995e61ed32239b5181f6e9577749f92e0b4e034b2753dd,Merge_failed,976f084d2295b249d0aef122d51c080d862bc83240e53d261318da9f91a01e48,Merge_failed,0bfa85bccdddcfff6cdacb7fa39bf6afcb680cccf4ddacd8bcc1f71ad14d4f7f
