idx,branch_name,merge,left,right,notes,diff contains java file,imports_involved,non_java_involved,num_diff_files,num_diff_hunks,num_diff_lines,num_intersecting_files,test merge,union_diff_files,left parent test result,left_tree_fingerprint,parents pass,right parent test result,right_tree_fingerprint,sampled for testing,gitmerge_ort,gitmerge_ort_merge_fingerprint,gitmerge_ort_ignorespace,gitmerge_ort_ignorespace_merge_fingerprint,gitmerge_recursive_histogram,gitmerge_recursive_histogram_merge_fingerprint,gitmerge_recursive_ignorespace,gitmerge_recursive_ignorespace_merge_fingerprint,gitmerge_recursive_minimal,gitmerge_recursive_minimal_merge_fingerprint,gitmerge_recursive_myers,gitmerge_recursive_myers_merge_fingerprint,gitmerge_recursive_patience,gitmerge_recursive_patience_merge_fingerprint,gitmerge_resolve,gitmerge_resolve_merge_fingerprint,git_hires_merge,git_hires_merge_merge_fingerprint,spork,spork_merge_fingerprint,intellimerge,intellimerge_merge_fingerprint,git_hires_merge_plus,git_hires_merge_plus_merge_fingerprint,intellimerge_plus,intellimerge_plus_merge_fingerprint,gitmerge_recursive_histogram_plus,gitmerge_recursive_histogram_plus_merge_fingerprint,gitmerge_recursive_ignorespace_plus,gitmerge_recursive_ignorespace_plus_merge_fingerprint,gitmerge_recursive_minimal_plus,gitmerge_recursive_minimal_plus_merge_fingerprint,gitmerge_recursive_myers_plus,gitmerge_recursive_myers_plus_merge_fingerprint,gitmerge_recursive_patience_plus,gitmerge_recursive_patience_plus_merge_fingerprint,gitmerge_resolve_plus,gitmerge_resolve_plus_merge_fingerprint,spork_plus,spork_plus_merge_fingerprint,ivn,ivn_merge_fingerprint,ivn_ignorespace,ivn_ignorespace_merge_fingerprint,adjacent,adjacent_merge_fingerprint,imports,imports_merge_fingerprint,version_numbers,version_numbers_merge_fingerprint
20,refs/heads/master,ec06c99726c4d7c4d5e94601535cf87c1f62f265,4c768844566b6f1d168a3efba5b26ed3f75fc91e,d298f8d193486310c8813234ec30a280f315c6b0,,True,True,True,23,48,383,2,True,23,Tests_passed,efc4243a431828199adcd76eee29018e2e54b91c49334851ce45606d3c019f30,True,Tests_passed,9e5ca09cb1c6a5815ba01308d1e7c56f17d7c005ad15caa33aaa810bda44b5a8,True,Tests_passed,01fe834f7cd4a3efd0a0dae1def28cda30348e9a342f7ade04a04be5fd52abe7,Tests_passed,01fe834f7cd4a3efd0a0dae1def28cda30348e9a342f7ade04a04be5fd52abe7,Tests_passed,01fe834f7cd4a3efd0a0dae1def28cda30348e9a342f7ade04a04be5fd52abe7,Tests_passed,01fe834f7cd4a3efd0a0dae1def28cda30348e9a342f7ade04a04be5fd52abe7,Tests_passed,01fe834f7cd4a3efd0a0dae1def28cda30348e9a342f7ade04a04be5fd52abe7,Tests_passed,01fe834f7cd4a3efd0a0dae1def28cda30348e9a342f7ade04a04be5fd52abe7,Tests_passed,01fe834f7cd4a3efd0a0dae1def28cda30348e9a342f7ade04a04be5fd52abe7,Tests_passed,01fe834f7cd4a3efd0a0dae1def28cda30348e9a342f7ade04a04be5fd52abe7,Tests_passed,01fe834f7cd4a3efd0a0dae1def28cda30348e9a342f7ade04a04be5fd52abe7,Tests_passed,cc0d62d8c5b97f86735c5fcdbaf2285826f82a7041ed4541c45981790be9fae7,Tests_failed,1caa0ba6fed62bb84d73e792e2abc267aa10319d5329aa2fc0e8b31ca3ffa1ed,Tests_passed,01fe834f7cd4a3efd0a0dae1def28cda30348e9a342f7ade04a04be5fd52abe7,Tests_passed,01fe834f7cd4a3efd0a0dae1def28cda30348e9a342f7ade04a04be5fd52abe7,Tests_passed,01fe834f7cd4a3efd0a0dae1def28cda30348e9a342f7ade04a04be5fd52abe7,Tests_passed,01fe834f7cd4a3efd0a0dae1def28cda30348e9a342f7ade04a04be5fd52abe7,Tests_passed,01fe834f7cd4a3efd0a0dae1def28cda30348e9a342f7ade04a04be5fd52abe7,Tests_passed,01fe834f7cd4a3efd0a0dae1def28cda30348e9a342f7ade04a04be5fd52abe7,Tests_passed,01fe834f7cd4a3efd0a0dae1def28cda30348e9a342f7ade04a04be5fd52abe7,Tests_passed,01fe834f7cd4a3efd0a0dae1def28cda30348e9a342f7ade04a04be5fd52abe7,Tests_passed,cc0d62d8c5b97f86735c5fcdbaf2285826f82a7041ed4541c45981790be9fae7,Tests_passed,01fe834f7cd4a3efd0a0dae1def28cda30348e9a342f7ade04a04be5fd52abe7,Tests_passed,01fe834f7cd4a3efd0a0dae1def28cda30348e9a342f7ade04a04be5fd52abe7,Tests_passed,01fe834f7cd4a3efd0a0dae1def28cda30348e9a342f7ade04a04be5fd52abe7,Tests_passed,01fe834f7cd4a3efd0a0dae1def28cda30348e9a342f7ade04a04be5fd52abe7,Tests_passed,01fe834f7cd4a3efd0a0dae1def28cda30348e9a342f7ade04a04be5fd52abe7
22,refs/heads/master,c1630334b498c4225e461a5ceff425defa8a19c4,cb2a8621752755676d77838bf939d75f100e8a46,4c768844566b6f1d168a3efba5b26ed3f75fc91e,,True,True,True,33,81,517,3,True,33,Tests_passed,5ac8bab72a41d40712305539a62e052015af5ab082e9cb6cfb3be251598015bf,True,Tests_passed,efc4243a431828199adcd76eee29018e2e54b91c49334851ce45606d3c019f30,True,Tests_passed,d58f2f226eef944ba5cb883025ce6bfca9f801ece5a18c372fe2a3907811f184,Tests_passed,2fb112ddf105f4b5722ff4e667901e2669b8252d4cf0e780cc2616081b437128,Tests_passed,d58f2f226eef944ba5cb883025ce6bfca9f801ece5a18c372fe2a3907811f184,Tests_passed,2fb112ddf105f4b5722ff4e667901e2669b8252d4cf0e780cc2616081b437128,Tests_passed,d58f2f226eef944ba5cb883025ce6bfca9f801ece5a18c372fe2a3907811f184,Tests_passed,d58f2f226eef944ba5cb883025ce6bfca9f801ece5a18c372fe2a3907811f184,Tests_passed,d58f2f226eef944ba5cb883025ce6bfca9f801ece5a18c372fe2a3907811f184,Tests_passed,d58f2f226eef944ba5cb883025ce6bfca9f801ece5a18c372fe2a3907811f184,Tests_passed,d58f2f226eef944ba5cb883025ce6bfca9f801ece5a18c372fe2a3907811f184,Tests_passed,ce1aa258d4406a85653f1601d54b2482626ee8b5bfc72d1a8b90afd25c53dbad,Tests_failed,676e5c3aeb226d9224184cbf27d9bb2a68633d961dd5286c2c92ddc26de0bc1a,Tests_passed,d58f2f226eef944ba5cb883025ce6bfca9f801ece5a18c372fe2a3907811f184,Tests_passed,d58f2f226eef944ba5cb883025ce6bfca9f801ece5a18c372fe2a3907811f184,Tests_passed,d58f2f226eef944ba5cb883025ce6bfca9f801ece5a18c372fe2a3907811f184,Tests_passed,2fb112ddf105f4b5722ff4e667901e2669b8252d4cf0e780cc2616081b437128,Tests_passed,d58f2f226eef944ba5cb883025ce6bfca9f801ece5a18c372fe2a3907811f184,Tests_passed,d58f2f226eef944ba5cb883025ce6bfca9f801ece5a18c372fe2a3907811f184,Tests_passed,d58f2f226eef944ba5cb883025ce6bfca9f801ece5a18c372fe2a3907811f184,Tests_passed,d58f2f226eef944ba5cb883025ce6bfca9f801ece5a18c372fe2a3907811f184,Tests_passed,ce1aa258d4406a85653f1601d54b2482626ee8b5bfc72d1a8b90afd25c53dbad,Tests_passed,d58f2f226eef944ba5cb883025ce6bfca9f801ece5a18c372fe2a3907811f184,Tests_passed,2fb112ddf105f4b5722ff4e667901e2669b8252d4cf0e780cc2616081b437128,Tests_passed,d58f2f226eef944ba5cb883025ce6bfca9f801ece5a18c372fe2a3907811f184,Tests_passed,d58f2f226eef944ba5cb883025ce6bfca9f801ece5a18c372fe2a3907811f184,Tests_passed,d58f2f226eef944ba5cb883025ce6bfca9f801ece5a18c372fe2a3907811f184
41,refs/heads/master,b41794d7af49d6c07e339f51eac8209f2a0bb9d1,b9f2366c231ac47575199cc0654635d5daa42f8a,2f6f0bd59c9cc4f98ef37cd79974ccedf4df063c,,True,True,True,26,81,1159,6,True,26,Tests_passed,9ce7f449c1040527adf06cddd6f6da828ae9541db40eb6e2a2da5380535a96ca,True,Tests_passed,7d40fae398405bcbdfd89d9512ef772288013a6bf9e9d383881f0596a1eae5d4,True,Merge_failed,09eec9ef4d7c53d97fd9bb611804e161e2326b9cfd8c5f567911a11a667ca350,Merge_failed,13006278e26e5dfadeebebe192394288e7fce122f7dce4ec9f14f94e047fa000,Merge_failed,09eec9ef4d7c53d97fd9bb611804e161e2326b9cfd8c5f567911a11a667ca350,Merge_failed,13006278e26e5dfadeebebe192394288e7fce122f7dce4ec9f14f94e047fa000,Merge_failed,09eec9ef4d7c53d97fd9bb611804e161e2326b9cfd8c5f567911a11a667ca350,Merge_failed,09eec9ef4d7c53d97fd9bb611804e161e2326b9cfd8c5f567911a11a667ca350,Merge_failed,09eec9ef4d7c53d97fd9bb611804e161e2326b9cfd8c5f567911a11a667ca350,Merge_failed,9e5ab73c3a123504c49f29c888bfa563004784ba45bb91ca1915bb0eb81a8885,Merge_failed,397821b959b9d14b15ae1edd3f57d68a70177ead1ad4d5aa725e06c9afd9c205,Tests_failed,78b3016c4ca80cc9a7b071d29aabde92414b31375181c318109467fefc40faf4,Tests_failed,d9fa2199d7e0c448f2178afb2b3937304e0cd398e4e5953cc273ad5ea9ae8785,Merge_failed,397821b959b9d14b15ae1edd3f57d68a70177ead1ad4d5aa725e06c9afd9c205,Merge_failed,09eec9ef4d7c53d97fd9bb611804e161e2326b9cfd8c5f567911a11a667ca350,Merge_failed,09eec9ef4d7c53d97fd9bb611804e161e2326b9cfd8c5f567911a11a667ca350,Merge_failed,13006278e26e5dfadeebebe192394288e7fce122f7dce4ec9f14f94e047fa000,Merge_failed,09eec9ef4d7c53d97fd9bb611804e161e2326b9cfd8c5f567911a11a667ca350,Merge_failed,09eec9ef4d7c53d97fd9bb611804e161e2326b9cfd8c5f567911a11a667ca350,Merge_failed,09eec9ef4d7c53d97fd9bb611804e161e2326b9cfd8c5f567911a11a667ca350,Merge_failed,7b246148fb1c7bba29cbeaf3ed2f0cebd25770b12b23b087d3a67b7f6e7602fb,Tests_failed,78b3016c4ca80cc9a7b071d29aabde92414b31375181c318109467fefc40faf4,Merge_failed,09eec9ef4d7c53d97fd9bb611804e161e2326b9cfd8c5f567911a11a667ca350,Merge_failed,13006278e26e5dfadeebebe192394288e7fce122f7dce4ec9f14f94e047fa000,Merge_failed,09eec9ef4d7c53d97fd9bb611804e161e2326b9cfd8c5f567911a11a667ca350,Merge_failed,09eec9ef4d7c53d97fd9bb611804e161e2326b9cfd8c5f567911a11a667ca350,Merge_failed,09eec9ef4d7c53d97fd9bb611804e161e2326b9cfd8c5f567911a11a667ca350
44,refs/heads/master,99bbf93e0dd33479341dbb3b553f1f2514c14a2e,52e9e0458706d47c2c4d6903ef868d133c86f498,26bac97322396d85352f94fa79fc526e38d5c8fd,,True,True,True,62,165,1818,7,True,63,Tests_passed,308757001b9173bde9b3dba88fe80091bf6fff9138d0b83b11cc73999baeedbe,True,Tests_passed,d282931ea99f7886409424bf36a7cf8bef18c7e1ed0caf040117484c64f58eb5,True,Merge_failed,94455542d81e0d733188509d9fcdf509f4396ea4a324ef59482d9a8fa033cd58,Merge_failed,99398ea50fc1f8d005ca78edd000d9a55042fdba0b2ea02a873594707dc20c4b,Merge_failed,94455542d81e0d733188509d9fcdf509f4396ea4a324ef59482d9a8fa033cd58,Merge_failed,99398ea50fc1f8d005ca78edd000d9a55042fdba0b2ea02a873594707dc20c4b,Merge_failed,94455542d81e0d733188509d9fcdf509f4396ea4a324ef59482d9a8fa033cd58,Merge_failed,94455542d81e0d733188509d9fcdf509f4396ea4a324ef59482d9a8fa033cd58,Merge_failed,94455542d81e0d733188509d9fcdf509f4396ea4a324ef59482d9a8fa033cd58,Merge_failed,5c44541b280aefa46b84d1cc0e7ca11a0b2c87c73c5ed2e527b457cb4580b1c2,Merge_failed,ecdbff2340c23136ee49baf0d2bf0fec4d78aef01f4dc109aa9f890a18c81700,Merge_failed,b66aadd63d5433eeee3e3a7718564b96dd4e25dd8bf68a3e0d0eae46273cfb1b,Tests_failed,3e2046729f355a69f737fe1168a9a5d55b0e7031e542b06e36fcf0d0b9a0ff4c,Merge_failed,ecdbff2340c23136ee49baf0d2bf0fec4d78aef01f4dc109aa9f890a18c81700,Merge_failed,94455542d81e0d733188509d9fcdf509f4396ea4a324ef59482d9a8fa033cd58,Merge_failed,94455542d81e0d733188509d9fcdf509f4396ea4a324ef59482d9a8fa033cd58,Merge_failed,99398ea50fc1f8d005ca78edd000d9a55042fdba0b2ea02a873594707dc20c4b,Merge_failed,94455542d81e0d733188509d9fcdf509f4396ea4a324ef59482d9a8fa033cd58,Merge_failed,94455542d81e0d733188509d9fcdf509f4396ea4a324ef59482d9a8fa033cd58,Merge_failed,94455542d81e0d733188509d9fcdf509f4396ea4a324ef59482d9a8fa033cd58,Merge_failed,520131772c2c108f88b2e6f314e7b7e5b5db8f238c8ea57e28d1bd8df4e1d6bb,Merge_failed,b66aadd63d5433eeee3e3a7718564b96dd4e25dd8bf68a3e0d0eae46273cfb1b,Merge_failed,94455542d81e0d733188509d9fcdf509f4396ea4a324ef59482d9a8fa033cd58,Merge_failed,99398ea50fc1f8d005ca78edd000d9a55042fdba0b2ea02a873594707dc20c4b,Merge_failed,94455542d81e0d733188509d9fcdf509f4396ea4a324ef59482d9a8fa033cd58,Merge_failed,94455542d81e0d733188509d9fcdf509f4396ea4a324ef59482d9a8fa033cd58,Merge_failed,94455542d81e0d733188509d9fcdf509f4396ea4a324ef59482d9a8fa033cd58
45,refs/heads/master,26bac97322396d85352f94fa79fc526e38d5c8fd,c4a308cc88202f90480834c28fffb7089910ea9a,fbcf8261bf952a0ffe6b5b053533eaf6c452cf07,,True,True,True,24,42,492,5,True,24,Tests_passed,29d57a019470008441723bf33260c80f9a33e22ab0de9650f6da2235605036e8,True,Tests_passed,16b4abbcb18b820b3d4e66e74258939739519c670c25f5ae577a4e5828ff4bf6,True,Tests_passed,d282931ea99f7886409424bf36a7cf8bef18c7e1ed0caf040117484c64f58eb5,Tests_passed,d282931ea99f7886409424bf36a7cf8bef18c7e1ed0caf040117484c64f58eb5,Tests_passed,d282931ea99f7886409424bf36a7cf8bef18c7e1ed0caf040117484c64f58eb5,Tests_passed,d282931ea99f7886409424bf36a7cf8bef18c7e1ed0caf040117484c64f58eb5,Tests_passed,d282931ea99f7886409424bf36a7cf8bef18c7e1ed0caf040117484c64f58eb5,Tests_passed,d282931ea99f7886409424bf36a7cf8bef18c7e1ed0caf040117484c64f58eb5,Tests_passed,d282931ea99f7886409424bf36a7cf8bef18c7e1ed0caf040117484c64f58eb5,Tests_passed,d282931ea99f7886409424bf36a7cf8bef18c7e1ed0caf040117484c64f58eb5,Tests_passed,d282931ea99f7886409424bf36a7cf8bef18c7e1ed0caf040117484c64f58eb5,Tests_passed,39fef3ddabbad6703464dcc751c178588b10ab408a4b186551d9e4332dab6d3d,Tests_passed,d282931ea99f7886409424bf36a7cf8bef18c7e1ed0caf040117484c64f58eb5,Tests_passed,d282931ea99f7886409424bf36a7cf8bef18c7e1ed0caf040117484c64f58eb5,Tests_passed,d282931ea99f7886409424bf36a7cf8bef18c7e1ed0caf040117484c64f58eb5,Tests_passed,d282931ea99f7886409424bf36a7cf8bef18c7e1ed0caf040117484c64f58eb5,Tests_passed,d282931ea99f7886409424bf36a7cf8bef18c7e1ed0caf040117484c64f58eb5,Tests_passed,d282931ea99f7886409424bf36a7cf8bef18c7e1ed0caf040117484c64f58eb5,Tests_passed,d282931ea99f7886409424bf36a7cf8bef18c7e1ed0caf040117484c64f58eb5,Tests_passed,d282931ea99f7886409424bf36a7cf8bef18c7e1ed0caf040117484c64f58eb5,Tests_passed,d282931ea99f7886409424bf36a7cf8bef18c7e1ed0caf040117484c64f58eb5,Tests_passed,39fef3ddabbad6703464dcc751c178588b10ab408a4b186551d9e4332dab6d3d,Tests_passed,d282931ea99f7886409424bf36a7cf8bef18c7e1ed0caf040117484c64f58eb5,Tests_passed,d282931ea99f7886409424bf36a7cf8bef18c7e1ed0caf040117484c64f58eb5,Tests_passed,d282931ea99f7886409424bf36a7cf8bef18c7e1ed0caf040117484c64f58eb5,Tests_passed,d282931ea99f7886409424bf36a7cf8bef18c7e1ed0caf040117484c64f58eb5,Tests_passed,d282931ea99f7886409424bf36a7cf8bef18c7e1ed0caf040117484c64f58eb5
48,refs/heads/master,21d9d04b08761aacd8cf844096fbe64d8c4b3c57,d2f7ff9fec38b8653499208aef522767003653fc,0d50066e7c2a0931565a2e2d5fc1d4197b5e2413,,True,True,True,27,45,418,5,True,27,Tests_passed,0f9a2db5f254d5963175c8669df9ecdb36704a166d4d6e2dff32063ae5b4f7d4,True,Tests_passed,20604532ae24b4efc082335ee65716b1923a2c44101faee9382b54975337062f,True,Merge_failed,56296908897654c621c518a0f9fdc9d60fdae42d99623d97304e505ff3a5b4e2,Merge_failed,fe2577f69b1f8e4cf5acdc092b9c904c0c818e2e6666dc1d71ffc04cbe758aa6,Merge_failed,56296908897654c621c518a0f9fdc9d60fdae42d99623d97304e505ff3a5b4e2,Merge_failed,fe2577f69b1f8e4cf5acdc092b9c904c0c818e2e6666dc1d71ffc04cbe758aa6,Merge_failed,56296908897654c621c518a0f9fdc9d60fdae42d99623d97304e505ff3a5b4e2,Merge_failed,56296908897654c621c518a0f9fdc9d60fdae42d99623d97304e505ff3a5b4e2,Merge_failed,56296908897654c621c518a0f9fdc9d60fdae42d99623d97304e505ff3a5b4e2,Merge_failed,3f5ad9f12a4377acf4402ab238d2923eff22e58923c2f8449bfb229e039bc596,Merge_failed,9a09538054cc627c0412d7a2f889bcabe98d763b1a2a406e62c1565276a531d5,Tests_failed,54215a89637a0e633fe6874e1e1fff3dac70d9056c5cd3811e646c804cce4445,Tests_failed,99fe1ac1fc65ff3060249daac63f9e4d9f88fe97bf8e2bc394505f45af92182a,Merge_failed,9a09538054cc627c0412d7a2f889bcabe98d763b1a2a406e62c1565276a531d5,Merge_failed,56296908897654c621c518a0f9fdc9d60fdae42d99623d97304e505ff3a5b4e2,Merge_failed,56296908897654c621c518a0f9fdc9d60fdae42d99623d97304e505ff3a5b4e2,Merge_failed,fe2577f69b1f8e4cf5acdc092b9c904c0c818e2e6666dc1d71ffc04cbe758aa6,Merge_failed,56296908897654c621c518a0f9fdc9d60fdae42d99623d97304e505ff3a5b4e2,Merge_failed,56296908897654c621c518a0f9fdc9d60fdae42d99623d97304e505ff3a5b4e2,Merge_failed,56296908897654c621c518a0f9fdc9d60fdae42d99623d97304e505ff3a5b4e2,Merge_failed,de840cf8eb614267ee5ec704781bdcbdacaef23cb286f6538c83ac630f228f1e,Tests_failed,54215a89637a0e633fe6874e1e1fff3dac70d9056c5cd3811e646c804cce4445,Merge_failed,56296908897654c621c518a0f9fdc9d60fdae42d99623d97304e505ff3a5b4e2,Merge_failed,fe2577f69b1f8e4cf5acdc092b9c904c0c818e2e6666dc1d71ffc04cbe758aa6,Merge_failed,56296908897654c621c518a0f9fdc9d60fdae42d99623d97304e505ff3a5b4e2,Merge_failed,56296908897654c621c518a0f9fdc9d60fdae42d99623d97304e505ff3a5b4e2,Merge_failed,56296908897654c621c518a0f9fdc9d60fdae42d99623d97304e505ff3a5b4e2
50,refs/heads/master,27786c78259031fefc81a3a83567f80596af939f,e2150b87860729ae567910fdf4627ade19f958d4,357223199b608a97e257b179b7c850de42fcc293,,True,True,True,32,62,555,5,True,33,Tests_passed,ee3a2f90145f73162a5801db79551a2c27b29b2e955152292fa045bca32d5c01,True,Tests_passed,816505265217c01ef80ae74450f8650e092c9b734892456376d3261bcae715d4,True,Merge_failed,0194db18cd943e1a117ad12b23f33260b939303bc837e43fa3b18200658b95f4,Merge_failed,ad3d49f1cad5ea99b9cdaf64bd5b0190ebd99307159cda60ec5cbb3c8bd656f3,Merge_failed,0194db18cd943e1a117ad12b23f33260b939303bc837e43fa3b18200658b95f4,Merge_failed,ad3d49f1cad5ea99b9cdaf64bd5b0190ebd99307159cda60ec5cbb3c8bd656f3,Merge_failed,0194db18cd943e1a117ad12b23f33260b939303bc837e43fa3b18200658b95f4,Merge_failed,0194db18cd943e1a117ad12b23f33260b939303bc837e43fa3b18200658b95f4,Merge_failed,0194db18cd943e1a117ad12b23f33260b939303bc837e43fa3b18200658b95f4,Merge_failed,16190f7e649afe009e0244e4ff4f47e9510cf57b68b69ca1e834a1143a4da8e6,Merge_failed,a65e526a808d515fe43616eb662208a7df0d2c10b34e4e695ab8f5cf17c6a4c5,Merge_failed,08216c29aea6ddde7f8cbdd0b74d5b7be5d36d751bc2e7e5b8f1c68b7f808d06,Tests_failed,27d5014969889009157893f21e871df4a635e4b935cc3b064ae361027f3770cd,Merge_failed,a65e526a808d515fe43616eb662208a7df0d2c10b34e4e695ab8f5cf17c6a4c5,Merge_failed,0194db18cd943e1a117ad12b23f33260b939303bc837e43fa3b18200658b95f4,Merge_failed,0194db18cd943e1a117ad12b23f33260b939303bc837e43fa3b18200658b95f4,Merge_failed,ad3d49f1cad5ea99b9cdaf64bd5b0190ebd99307159cda60ec5cbb3c8bd656f3,Merge_failed,0194db18cd943e1a117ad12b23f33260b939303bc837e43fa3b18200658b95f4,Merge_failed,0194db18cd943e1a117ad12b23f33260b939303bc837e43fa3b18200658b95f4,Merge_failed,0194db18cd943e1a117ad12b23f33260b939303bc837e43fa3b18200658b95f4,Merge_failed,5fc6de7b123813ddb9d12ce33422a9b27565c0e4476b631f38303f5d42ea765a,Merge_failed,08216c29aea6ddde7f8cbdd0b74d5b7be5d36d751bc2e7e5b8f1c68b7f808d06,Merge_failed,0194db18cd943e1a117ad12b23f33260b939303bc837e43fa3b18200658b95f4,Merge_failed,ad3d49f1cad5ea99b9cdaf64bd5b0190ebd99307159cda60ec5cbb3c8bd656f3,Merge_failed,0194db18cd943e1a117ad12b23f33260b939303bc837e43fa3b18200658b95f4,Merge_failed,0194db18cd943e1a117ad12b23f33260b939303bc837e43fa3b18200658b95f4,Merge_failed,0194db18cd943e1a117ad12b23f33260b939303bc837e43fa3b18200658b95f4
51,refs/heads/master,a53978799e131026528a8159f229c7a55de4bb38,782c9d1a596ef8897e208741b620d783e5f6d549,357223199b608a97e257b179b7c850de42fcc293,,True,True,True,19,75,823,5,True,20,Tests_passed,f5fcfb2b6942266568ccdd86941f50c65c34b835a84612b35c635abb0dc09c6d,True,Tests_passed,816505265217c01ef80ae74450f8650e092c9b734892456376d3261bcae715d4,True,Merge_failed,57bb91ec6bd613aa32f974edeffa19faa5c7e899d9ff2a093b6c977712c963d3,Merge_failed,58510d8430510df9a6c8d3bb7028a64056d7c4714c5a19d0c7d39633e1d51f18,Merge_failed,57bb91ec6bd613aa32f974edeffa19faa5c7e899d9ff2a093b6c977712c963d3,Merge_failed,58510d8430510df9a6c8d3bb7028a64056d7c4714c5a19d0c7d39633e1d51f18,Merge_failed,57bb91ec6bd613aa32f974edeffa19faa5c7e899d9ff2a093b6c977712c963d3,Merge_failed,57bb91ec6bd613aa32f974edeffa19faa5c7e899d9ff2a093b6c977712c963d3,Merge_failed,57bb91ec6bd613aa32f974edeffa19faa5c7e899d9ff2a093b6c977712c963d3,Merge_failed,fa7f69f7a549d768065074442c2221d00bf5526b62f7400bd4f3e9d0fadf5181,Tests_failed,85edef5aa30927a1b6de3e499beadb3a525e43dfacba3176d4c1da8ea02b571a,Tests_failed,53885eb5fc105af5d41aa7b02f0d4256dba48ae7dd476cb8d14a4e88e83d6bc1,Merge_failed,a0c366a309bec7f753cdfb58b6664644741c4de688b05c1ebd8e09ac6b577eb2,Tests_failed,85edef5aa30927a1b6de3e499beadb3a525e43dfacba3176d4c1da8ea02b571a,Merge_failed,57bb91ec6bd613aa32f974edeffa19faa5c7e899d9ff2a093b6c977712c963d3,Merge_failed,57bb91ec6bd613aa32f974edeffa19faa5c7e899d9ff2a093b6c977712c963d3,Merge_failed,58510d8430510df9a6c8d3bb7028a64056d7c4714c5a19d0c7d39633e1d51f18,Merge_failed,57bb91ec6bd613aa32f974edeffa19faa5c7e899d9ff2a093b6c977712c963d3,Merge_failed,57bb91ec6bd613aa32f974edeffa19faa5c7e899d9ff2a093b6c977712c963d3,Merge_failed,57bb91ec6bd613aa32f974edeffa19faa5c7e899d9ff2a093b6c977712c963d3,Merge_failed,659b91ce4f3cac529b8cd4e42826ff7e61b2c227abfdf263974d4fa61d3721ce,Tests_failed,53885eb5fc105af5d41aa7b02f0d4256dba48ae7dd476cb8d14a4e88e83d6bc1,Merge_failed,57bb91ec6bd613aa32f974edeffa19faa5c7e899d9ff2a093b6c977712c963d3,Merge_failed,58510d8430510df9a6c8d3bb7028a64056d7c4714c5a19d0c7d39633e1d51f18,Merge_failed,57bb91ec6bd613aa32f974edeffa19faa5c7e899d9ff2a093b6c977712c963d3,Merge_failed,57bb91ec6bd613aa32f974edeffa19faa5c7e899d9ff2a093b6c977712c963d3,Merge_failed,57bb91ec6bd613aa32f974edeffa19faa5c7e899d9ff2a093b6c977712c963d3
56,refs/heads/master,996b5128efb1fbdf329bdf417aac4183be68a852,68734c29e573b8723f83a07b1782b527a8eef461,1f2b87746e5e36bf83b4e68b5cc42a5540fcbfd9,,True,True,True,17,36,210,5,True,18,Tests_passed,9684acd7097fa7d875ec7ebf4679c1daf2e183f6a1d82b44cb188e0c3f30a05d,True,Tests_passed,a7275ef06b9ef1d650336568b2dbc7c72e4e2e8dd6ba9cb09762dd5f7b10fedc,True,Merge_failed,04f731a4334ebf83b5a14eabb702379c90ae0c375a4cb843e1aaadc586681163,Merge_failed,04f731a4334ebf83b5a14eabb702379c90ae0c375a4cb843e1aaadc586681163,Merge_failed,04f731a4334ebf83b5a14eabb702379c90ae0c375a4cb843e1aaadc586681163,Merge_failed,04f731a4334ebf83b5a14eabb702379c90ae0c375a4cb843e1aaadc586681163,Merge_failed,04f731a4334ebf83b5a14eabb702379c90ae0c375a4cb843e1aaadc586681163,Merge_failed,04f731a4334ebf83b5a14eabb702379c90ae0c375a4cb843e1aaadc586681163,Merge_failed,04f731a4334ebf83b5a14eabb702379c90ae0c375a4cb843e1aaadc586681163,Merge_failed,73626f0f3784710dfefb2d3018b0220a0e24012d5b579d7d8d97ce391592169f,Merge_failed,9454438cc6838591ba0f7a211d35e0a5239b0bd13b56b9a8d52bc365a9708f2c,Tests_failed,4f2e11524cc6adf072ba6f74c8423622720796f115a64c8929f0a409e7944339,Tests_failed,8573b340caa5c4e9e52153fcfcc82a3f5b22febc5a44ce614b86d68189f340b9,Merge_failed,9454438cc6838591ba0f7a211d35e0a5239b0bd13b56b9a8d52bc365a9708f2c,Merge_failed,04f731a4334ebf83b5a14eabb702379c90ae0c375a4cb843e1aaadc586681163,Merge_failed,04f731a4334ebf83b5a14eabb702379c90ae0c375a4cb843e1aaadc586681163,Merge_failed,04f731a4334ebf83b5a14eabb702379c90ae0c375a4cb843e1aaadc586681163,Merge_failed,04f731a4334ebf83b5a14eabb702379c90ae0c375a4cb843e1aaadc586681163,Merge_failed,04f731a4334ebf83b5a14eabb702379c90ae0c375a4cb843e1aaadc586681163,Merge_failed,04f731a4334ebf83b5a14eabb702379c90ae0c375a4cb843e1aaadc586681163,Merge_failed,823334dd7adc97d87c5c26c42b39453b4de234ce4e9c2c6d0df7dd40942e0161,Tests_failed,4f2e11524cc6adf072ba6f74c8423622720796f115a64c8929f0a409e7944339,Merge_failed,04f731a4334ebf83b5a14eabb702379c90ae0c375a4cb843e1aaadc586681163,Merge_failed,04f731a4334ebf83b5a14eabb702379c90ae0c375a4cb843e1aaadc586681163,Merge_failed,04f731a4334ebf83b5a14eabb702379c90ae0c375a4cb843e1aaadc586681163,Merge_failed,04f731a4334ebf83b5a14eabb702379c90ae0c375a4cb843e1aaadc586681163,Merge_failed,04f731a4334ebf83b5a14eabb702379c90ae0c375a4cb843e1aaadc586681163
57,refs/heads/master,101b5461bd04057ce934915a66975c7f373918af,307d28df56eaaf3913404fbde2b3f0053acd1c6f,610f6a4e46a23bfcc8648852c203ac6553ba7dae,,True,True,True,25,41,442,6,True,25,Tests_passed,49b475fd77c4aa23c0130cb1a93d660b912a0c79cebd1084b1acab7b28f8b54d,True,Tests_passed,17e99932a26791da689f641ddab5c1dea1027e0b68e9cdc9451d050b0d884255,True,Merge_failed,bbc251e6ff5aa727ab041cc3fa8d955b25b83ae26efe75d404ca30fe462f74dc,Merge_failed,bbc251e6ff5aa727ab041cc3fa8d955b25b83ae26efe75d404ca30fe462f74dc,Merge_failed,bbc251e6ff5aa727ab041cc3fa8d955b25b83ae26efe75d404ca30fe462f74dc,Merge_failed,bbc251e6ff5aa727ab041cc3fa8d955b25b83ae26efe75d404ca30fe462f74dc,Merge_failed,bbc251e6ff5aa727ab041cc3fa8d955b25b83ae26efe75d404ca30fe462f74dc,Merge_failed,bbc251e6ff5aa727ab041cc3fa8d955b25b83ae26efe75d404ca30fe462f74dc,Merge_failed,bbc251e6ff5aa727ab041cc3fa8d955b25b83ae26efe75d404ca30fe462f74dc,Merge_failed,ca9dfa8d52f94bd5c0a8d7b6aa4f5b8cd9324a39ebaa984c304acbd953105e6f,Merge_failed,004fac15f4fe7aa6d539bb980b5039c03b909ee471f65bae4ad0ead465f80e88,Merge_failed,4946b77e82caef36dee570ca07fe265fad22c4296b36b87e6ce4b5a72c4e34ac,Tests_failed,b515057f85812402513dde12ce3e4bf599b176cc8a48f72a169644a49c3fdb67,Merge_failed,004fac15f4fe7aa6d539bb980b5039c03b909ee471f65bae4ad0ead465f80e88,Merge_failed,bbc251e6ff5aa727ab041cc3fa8d955b25b83ae26efe75d404ca30fe462f74dc,Merge_failed,bbc251e6ff5aa727ab041cc3fa8d955b25b83ae26efe75d404ca30fe462f74dc,Merge_failed,bbc251e6ff5aa727ab041cc3fa8d955b25b83ae26efe75d404ca30fe462f74dc,Merge_failed,bbc251e6ff5aa727ab041cc3fa8d955b25b83ae26efe75d404ca30fe462f74dc,Merge_failed,bbc251e6ff5aa727ab041cc3fa8d955b25b83ae26efe75d404ca30fe462f74dc,Merge_failed,bbc251e6ff5aa727ab041cc3fa8d955b25b83ae26efe75d404ca30fe462f74dc,Merge_failed,172a0579e5e1bf0377231bd5fcb2fea6d50949b9559452c2f6e01f59b9e38fc7,Merge_failed,4946b77e82caef36dee570ca07fe265fad22c4296b36b87e6ce4b5a72c4e34ac,Merge_failed,bbc251e6ff5aa727ab041cc3fa8d955b25b83ae26efe75d404ca30fe462f74dc,Merge_failed,bbc251e6ff5aa727ab041cc3fa8d955b25b83ae26efe75d404ca30fe462f74dc,Merge_failed,bbc251e6ff5aa727ab041cc3fa8d955b25b83ae26efe75d404ca30fe462f74dc,Merge_failed,bbc251e6ff5aa727ab041cc3fa8d955b25b83ae26efe75d404ca30fe462f74dc,Merge_failed,bbc251e6ff5aa727ab041cc3fa8d955b25b83ae26efe75d404ca30fe462f74dc
58,refs/heads/master,307d28df56eaaf3913404fbde2b3f0053acd1c6f,a9d0fa50190fbe5be1d6e055ba7357c93e4f9729,1f2b87746e5e36bf83b4e68b5cc42a5540fcbfd9,,True,True,True,30,66,593,5,True,31,Tests_passed,042caa8c644d82a1f35585727856818738b42ff32ca84cb352d83149447792fa,True,Tests_passed,a7275ef06b9ef1d650336568b2dbc7c72e4e2e8dd6ba9cb09762dd5f7b10fedc,True,Merge_failed,3268bd10495c16fcbd9fcd26c90f477183aadd181073a87c824f0f5ab6c50122,Merge_failed,4d373c1cc0cadcd0b4ea471d7ee864ea67bf9739263019f7e07687850c129525,Merge_failed,3268bd10495c16fcbd9fcd26c90f477183aadd181073a87c824f0f5ab6c50122,Merge_failed,4d373c1cc0cadcd0b4ea471d7ee864ea67bf9739263019f7e07687850c129525,Merge_failed,3268bd10495c16fcbd9fcd26c90f477183aadd181073a87c824f0f5ab6c50122,Merge_failed,3268bd10495c16fcbd9fcd26c90f477183aadd181073a87c824f0f5ab6c50122,Merge_failed,3268bd10495c16fcbd9fcd26c90f477183aadd181073a87c824f0f5ab6c50122,Merge_failed,d2ccc516c65734580514099f7658b838eba70869700b12707936bd7dd0aa88f9,Merge_failed,03a315dddddc77943ef6d5cf434c87bafc3423144f5c35751b2b05eaeb346305,Merge_failed,5028db1154c68c4673b750545cdb7544392a3680c26fc738e7155819a8d45bb0,Merge_failed,0bf5ff8e58075f5e8d0714269f9b148f22690c32d62c00d9e4e04cf7e0f221c8,Merge_failed,03a315dddddc77943ef6d5cf434c87bafc3423144f5c35751b2b05eaeb346305,Merge_failed,3268bd10495c16fcbd9fcd26c90f477183aadd181073a87c824f0f5ab6c50122,Merge_failed,3268bd10495c16fcbd9fcd26c90f477183aadd181073a87c824f0f5ab6c50122,Merge_failed,4d373c1cc0cadcd0b4ea471d7ee864ea67bf9739263019f7e07687850c129525,Merge_failed,3268bd10495c16fcbd9fcd26c90f477183aadd181073a87c824f0f5ab6c50122,Merge_failed,3268bd10495c16fcbd9fcd26c90f477183aadd181073a87c824f0f5ab6c50122,Merge_failed,3268bd10495c16fcbd9fcd26c90f477183aadd181073a87c824f0f5ab6c50122,Merge_failed,338710d0b12aff0d7741c5fe2360666a329f34181d132ec6317487722b4cb358,Merge_failed,5028db1154c68c4673b750545cdb7544392a3680c26fc738e7155819a8d45bb0,Merge_failed,3268bd10495c16fcbd9fcd26c90f477183aadd181073a87c824f0f5ab6c50122,Merge_failed,4d373c1cc0cadcd0b4ea471d7ee864ea67bf9739263019f7e07687850c129525,Merge_failed,3268bd10495c16fcbd9fcd26c90f477183aadd181073a87c824f0f5ab6c50122,Merge_failed,3268bd10495c16fcbd9fcd26c90f477183aadd181073a87c824f0f5ab6c50122,Merge_failed,3268bd10495c16fcbd9fcd26c90f477183aadd181073a87c824f0f5ab6c50122
59,refs/heads/master,782c9d1a596ef8897e208741b620d783e5f6d549,492a69a136036053b88bc77083ba382c0c4cd38a,1f2b87746e5e36bf83b4e68b5cc42a5540fcbfd9,,True,True,True,19,88,883,6,True,20,Tests_passed,29e4cc7c8d9c44e0d283d4972dc0c8eb94711e615a0a6c60db1589df453d2f20,True,Tests_passed,a7275ef06b9ef1d650336568b2dbc7c72e4e2e8dd6ba9cb09762dd5f7b10fedc,True,Merge_failed,2a8fce1df99bd268cb5a465c577d19936177659367db390da07b7297a246551b,Merge_failed,2a8fce1df99bd268cb5a465c577d19936177659367db390da07b7297a246551b,Merge_failed,2a8fce1df99bd268cb5a465c577d19936177659367db390da07b7297a246551b,Merge_failed,2a8fce1df99bd268cb5a465c577d19936177659367db390da07b7297a246551b,Merge_failed,2a8fce1df99bd268cb5a465c577d19936177659367db390da07b7297a246551b,Merge_failed,2a8fce1df99bd268cb5a465c577d19936177659367db390da07b7297a246551b,Merge_failed,2a8fce1df99bd268cb5a465c577d19936177659367db390da07b7297a246551b,Merge_failed,8c30714d66f75972b391fafc578f86ac3c3aa103bac5326a0abe1093a19fe2b2,Merge_failed,422e727879f244fd77c3422570613e0e5ff9e24dbd53b6e09422ccca03918d11,Tests_failed,ec73c1aa428d5901af8d196eea3ed15df2980c20492ed669cd3451888c066b17,Merge_failed,43cd3b51d1edecccc5227dc3409393bdcef7c65430d037e781b5bfab4b4d6e58,Merge_failed,422e727879f244fd77c3422570613e0e5ff9e24dbd53b6e09422ccca03918d11,Merge_failed,2a8fce1df99bd268cb5a465c577d19936177659367db390da07b7297a246551b,Merge_failed,2a8fce1df99bd268cb5a465c577d19936177659367db390da07b7297a246551b,Merge_failed,2a8fce1df99bd268cb5a465c577d19936177659367db390da07b7297a246551b,Merge_failed,2a8fce1df99bd268cb5a465c577d19936177659367db390da07b7297a246551b,Merge_failed,2a8fce1df99bd268cb5a465c577d19936177659367db390da07b7297a246551b,Merge_failed,2a8fce1df99bd268cb5a465c577d19936177659367db390da07b7297a246551b,Merge_failed,deb4ecc643488294531049bc0a97367a94446a9784dd3e3ebad6c3ff71017ee6,Tests_failed,ec73c1aa428d5901af8d196eea3ed15df2980c20492ed669cd3451888c066b17,Merge_failed,2a8fce1df99bd268cb5a465c577d19936177659367db390da07b7297a246551b,Merge_failed,2a8fce1df99bd268cb5a465c577d19936177659367db390da07b7297a246551b,Merge_failed,2a8fce1df99bd268cb5a465c577d19936177659367db390da07b7297a246551b,Merge_failed,2a8fce1df99bd268cb5a465c577d19936177659367db390da07b7297a246551b,Merge_failed,2a8fce1df99bd268cb5a465c577d19936177659367db390da07b7297a246551b
62,refs/heads/master,500615ba36368e2d307655bbfeab7f59476c7867,4fb9581c4a2990a684f1fb8c6c9017e214158f68,2c630ccd35c6c314121d04dfbdf4a50b655e90b3,,True,True,True,22,35,308,5,True,24,Tests_passed,6d58f5456bd12d6fad570ae1b18b280437607d9617eef3d80427cb73b0eaaf2a,True,Tests_passed,81a409599de4d1b4c088edee28548f37ace25e3b0c9634495b5bdc0f83bd1bb6,True,Merge_failed,12d0b47b6c11871380190f2bbc2a16f2d8c1b483cf5117f3d0b6b5dd5e861926,Merge_failed,12d0b47b6c11871380190f2bbc2a16f2d8c1b483cf5117f3d0b6b5dd5e861926,Merge_failed,12d0b47b6c11871380190f2bbc2a16f2d8c1b483cf5117f3d0b6b5dd5e861926,Merge_failed,12d0b47b6c11871380190f2bbc2a16f2d8c1b483cf5117f3d0b6b5dd5e861926,Merge_failed,12d0b47b6c11871380190f2bbc2a16f2d8c1b483cf5117f3d0b6b5dd5e861926,Merge_failed,12d0b47b6c11871380190f2bbc2a16f2d8c1b483cf5117f3d0b6b5dd5e861926,Merge_failed,12d0b47b6c11871380190f2bbc2a16f2d8c1b483cf5117f3d0b6b5dd5e861926,Merge_failed,e53a9e7a6d2c5d12fb9f29e290d3bec4600cb296b8c62bbe9ff6a707e0bbcc70,Tests_passed,d0d0f26b6ea44833af44a5567105a665d33ea380fa799b7e6f3e26fceb99c2b5,Tests_passed,788448b86b7d7e807c4ba6def1ebce211720b9cd7d55e6b4c964c9f2a5e16c41,Tests_failed,d79966cbe051055baec56a60dff52308b076ad06fe95db07faf9f392008549c5,Tests_passed,d0d0f26b6ea44833af44a5567105a665d33ea380fa799b7e6f3e26fceb99c2b5,Merge_failed,12d0b47b6c11871380190f2bbc2a16f2d8c1b483cf5117f3d0b6b5dd5e861926,Merge_failed,12d0b47b6c11871380190f2bbc2a16f2d8c1b483cf5117f3d0b6b5dd5e861926,Merge_failed,12d0b47b6c11871380190f2bbc2a16f2d8c1b483cf5117f3d0b6b5dd5e861926,Merge_failed,12d0b47b6c11871380190f2bbc2a16f2d8c1b483cf5117f3d0b6b5dd5e861926,Merge_failed,12d0b47b6c11871380190f2bbc2a16f2d8c1b483cf5117f3d0b6b5dd5e861926,Merge_failed,12d0b47b6c11871380190f2bbc2a16f2d8c1b483cf5117f3d0b6b5dd5e861926,Merge_failed,8e65634d0a505bf1d4e21db94016130be9310f19fa758cc22077a4b879606255,Tests_passed,788448b86b7d7e807c4ba6def1ebce211720b9cd7d55e6b4c964c9f2a5e16c41,Merge_failed,12d0b47b6c11871380190f2bbc2a16f2d8c1b483cf5117f3d0b6b5dd5e861926,Merge_failed,12d0b47b6c11871380190f2bbc2a16f2d8c1b483cf5117f3d0b6b5dd5e861926,Merge_failed,12d0b47b6c11871380190f2bbc2a16f2d8c1b483cf5117f3d0b6b5dd5e861926,Merge_failed,12d0b47b6c11871380190f2bbc2a16f2d8c1b483cf5117f3d0b6b5dd5e861926,Merge_failed,12d0b47b6c11871380190f2bbc2a16f2d8c1b483cf5117f3d0b6b5dd5e861926
67,refs/heads/master,072fbfda3c3f73f853f2bd217f3b4954a661259b,d4252d5184eb407d5f3ccf5cc7b50e48bb8aab2b,645a035a820c2290d4e0411ea0437340246798b6,,True,True,True,18,59,755,3,True,18,Tests_passed,52bfe4082f0abdd89c4a290c20615916cdc702d7e5b4bda4cf86f4b15642877a,True,Tests_passed,9aa2ebe224cac75e7c76e4f8ff5aa5a85ae5cfe2120acb54644547f6e0d87b95,True,Tests_passed,df77c5ab5f1d1446050173aba4932412d99fc9518aa7bd55d162ddaea0429f1d,Tests_passed,df77c5ab5f1d1446050173aba4932412d99fc9518aa7bd55d162ddaea0429f1d,Tests_passed,df77c5ab5f1d1446050173aba4932412d99fc9518aa7bd55d162ddaea0429f1d,Tests_passed,df77c5ab5f1d1446050173aba4932412d99fc9518aa7bd55d162ddaea0429f1d,Tests_passed,df77c5ab5f1d1446050173aba4932412d99fc9518aa7bd55d162ddaea0429f1d,Tests_passed,df77c5ab5f1d1446050173aba4932412d99fc9518aa7bd55d162ddaea0429f1d,Tests_passed,df77c5ab5f1d1446050173aba4932412d99fc9518aa7bd55d162ddaea0429f1d,Tests_passed,df77c5ab5f1d1446050173aba4932412d99fc9518aa7bd55d162ddaea0429f1d,Tests_passed,df77c5ab5f1d1446050173aba4932412d99fc9518aa7bd55d162ddaea0429f1d,Tests_passed,2b646db6eff5231500679cb13f3cca598021957fd87c8dbcdf5f68443c4aacc6,Tests_passed,df77c5ab5f1d1446050173aba4932412d99fc9518aa7bd55d162ddaea0429f1d,Tests_passed,df77c5ab5f1d1446050173aba4932412d99fc9518aa7bd55d162ddaea0429f1d,Tests_passed,df77c5ab5f1d1446050173aba4932412d99fc9518aa7bd55d162ddaea0429f1d,Tests_passed,df77c5ab5f1d1446050173aba4932412d99fc9518aa7bd55d162ddaea0429f1d,Tests_passed,df77c5ab5f1d1446050173aba4932412d99fc9518aa7bd55d162ddaea0429f1d,Tests_passed,df77c5ab5f1d1446050173aba4932412d99fc9518aa7bd55d162ddaea0429f1d,Tests_passed,df77c5ab5f1d1446050173aba4932412d99fc9518aa7bd55d162ddaea0429f1d,Tests_passed,df77c5ab5f1d1446050173aba4932412d99fc9518aa7bd55d162ddaea0429f1d,Tests_passed,df77c5ab5f1d1446050173aba4932412d99fc9518aa7bd55d162ddaea0429f1d,Tests_passed,2b646db6eff5231500679cb13f3cca598021957fd87c8dbcdf5f68443c4aacc6,Tests_passed,df77c5ab5f1d1446050173aba4932412d99fc9518aa7bd55d162ddaea0429f1d,Tests_passed,df77c5ab5f1d1446050173aba4932412d99fc9518aa7bd55d162ddaea0429f1d,Tests_passed,df77c5ab5f1d1446050173aba4932412d99fc9518aa7bd55d162ddaea0429f1d,Tests_passed,df77c5ab5f1d1446050173aba4932412d99fc9518aa7bd55d162ddaea0429f1d,Tests_passed,df77c5ab5f1d1446050173aba4932412d99fc9518aa7bd55d162ddaea0429f1d
92,refs/heads/master,44c21ec228c4aa150fbab011e3a6058eec6ff634,5ca351ac568ae7c8b1a12832ae06b99cc14c1b98,46f4840533761d13a8c53ace48ae338e48c0a5b3,,True,True,True,30,105,981,5,True,30,Tests_passed,c6bc59d15d5262d55f48655fd98510f076b245e808d73b201ad2af5793b196cb,True,Tests_passed,c132dc24000835ee49e238478578a6769618a76056ca2484d52b23d21b9509a5,True,Tests_passed,a3716a2fbf44005ded7a855d4a4c3c5b39c11757dfbcb97cdbfc3423add1a7e1,Tests_passed,c78ef90a7f66e77fe9cfdb9ef0af0be244c81e1a65db7518dcdc5a0458f2b490,Tests_passed,a3716a2fbf44005ded7a855d4a4c3c5b39c11757dfbcb97cdbfc3423add1a7e1,Tests_passed,c78ef90a7f66e77fe9cfdb9ef0af0be244c81e1a65db7518dcdc5a0458f2b490,Tests_passed,a3716a2fbf44005ded7a855d4a4c3c5b39c11757dfbcb97cdbfc3423add1a7e1,Tests_passed,a3716a2fbf44005ded7a855d4a4c3c5b39c11757dfbcb97cdbfc3423add1a7e1,Tests_passed,a3716a2fbf44005ded7a855d4a4c3c5b39c11757dfbcb97cdbfc3423add1a7e1,Tests_passed,a3716a2fbf44005ded7a855d4a4c3c5b39c11757dfbcb97cdbfc3423add1a7e1,Tests_passed,a3716a2fbf44005ded7a855d4a4c3c5b39c11757dfbcb97cdbfc3423add1a7e1,Tests_passed,c2f506b0e15ec9f763b84dc3bceda742c256db01dd9c41ac366287ce8070d61b,Tests_failed,64a6b7a35499316762f1a2116ad5d96ce7a9df8ead729a8810f1a92c64a73591,Tests_passed,a3716a2fbf44005ded7a855d4a4c3c5b39c11757dfbcb97cdbfc3423add1a7e1,Tests_passed,a3716a2fbf44005ded7a855d4a4c3c5b39c11757dfbcb97cdbfc3423add1a7e1,Tests_passed,a3716a2fbf44005ded7a855d4a4c3c5b39c11757dfbcb97cdbfc3423add1a7e1,Tests_passed,c78ef90a7f66e77fe9cfdb9ef0af0be244c81e1a65db7518dcdc5a0458f2b490,Tests_passed,a3716a2fbf44005ded7a855d4a4c3c5b39c11757dfbcb97cdbfc3423add1a7e1,Tests_passed,a3716a2fbf44005ded7a855d4a4c3c5b39c11757dfbcb97cdbfc3423add1a7e1,Tests_passed,a3716a2fbf44005ded7a855d4a4c3c5b39c11757dfbcb97cdbfc3423add1a7e1,Tests_passed,a3716a2fbf44005ded7a855d4a4c3c5b39c11757dfbcb97cdbfc3423add1a7e1,Tests_passed,c2f506b0e15ec9f763b84dc3bceda742c256db01dd9c41ac366287ce8070d61b,Tests_passed,a3716a2fbf44005ded7a855d4a4c3c5b39c11757dfbcb97cdbfc3423add1a7e1,Tests_passed,c78ef90a7f66e77fe9cfdb9ef0af0be244c81e1a65db7518dcdc5a0458f2b490,Tests_passed,a3716a2fbf44005ded7a855d4a4c3c5b39c11757dfbcb97cdbfc3423add1a7e1,Tests_passed,a3716a2fbf44005ded7a855d4a4c3c5b39c11757dfbcb97cdbfc3423add1a7e1,Tests_passed,a3716a2fbf44005ded7a855d4a4c3c5b39c11757dfbcb97cdbfc3423add1a7e1
104,refs/heads/master,ad844f978913992d1b11a84b91c09630fdb7e06d,0092723acf6a1c301bce3e15e10eeaacd21a3254,4aa6a49d40ab82e700094c6b552e76f08f7759b2,,True,False,True,224,676,6934,11,True,224,Tests_passed,634a21358fde9b2ff08b152d203fb167918937ebc86b2a183c1c13566da77da8,True,Tests_passed,f310c9739797837548e91c17476ce8ce4026804d32f76f1e7566387758a72d21,True,Tests_passed,ff81195fae22d22ce9e289e74f13dfab3a7f88973dc90aa8378a7e3c3720246b,Tests_passed,ff81195fae22d22ce9e289e74f13dfab3a7f88973dc90aa8378a7e3c3720246b,Tests_passed,ff81195fae22d22ce9e289e74f13dfab3a7f88973dc90aa8378a7e3c3720246b,Tests_passed,ff81195fae22d22ce9e289e74f13dfab3a7f88973dc90aa8378a7e3c3720246b,Tests_passed,ff81195fae22d22ce9e289e74f13dfab3a7f88973dc90aa8378a7e3c3720246b,Tests_passed,ff81195fae22d22ce9e289e74f13dfab3a7f88973dc90aa8378a7e3c3720246b,Tests_passed,ff81195fae22d22ce9e289e74f13dfab3a7f88973dc90aa8378a7e3c3720246b,Tests_passed,ff81195fae22d22ce9e289e74f13dfab3a7f88973dc90aa8378a7e3c3720246b,Tests_passed,ff81195fae22d22ce9e289e74f13dfab3a7f88973dc90aa8378a7e3c3720246b,Tests_passed,8808284e44bb8df797c874df1d0073be57cc02350c593343a497010a6e63b7c0,Tests_passed,ff81195fae22d22ce9e289e74f13dfab3a7f88973dc90aa8378a7e3c3720246b,Tests_passed,ff81195fae22d22ce9e289e74f13dfab3a7f88973dc90aa8378a7e3c3720246b,Tests_passed,ff81195fae22d22ce9e289e74f13dfab3a7f88973dc90aa8378a7e3c3720246b,Tests_passed,ff81195fae22d22ce9e289e74f13dfab3a7f88973dc90aa8378a7e3c3720246b,Tests_passed,ff81195fae22d22ce9e289e74f13dfab3a7f88973dc90aa8378a7e3c3720246b,Tests_passed,ff81195fae22d22ce9e289e74f13dfab3a7f88973dc90aa8378a7e3c3720246b,Tests_passed,ff81195fae22d22ce9e289e74f13dfab3a7f88973dc90aa8378a7e3c3720246b,Tests_passed,ff81195fae22d22ce9e289e74f13dfab3a7f88973dc90aa8378a7e3c3720246b,Tests_passed,ff81195fae22d22ce9e289e74f13dfab3a7f88973dc90aa8378a7e3c3720246b,Tests_passed,8808284e44bb8df797c874df1d0073be57cc02350c593343a497010a6e63b7c0,Tests_passed,ff81195fae22d22ce9e289e74f13dfab3a7f88973dc90aa8378a7e3c3720246b,Tests_passed,ff81195fae22d22ce9e289e74f13dfab3a7f88973dc90aa8378a7e3c3720246b,Tests_passed,ff81195fae22d22ce9e289e74f13dfab3a7f88973dc90aa8378a7e3c3720246b,Tests_passed,ff81195fae22d22ce9e289e74f13dfab3a7f88973dc90aa8378a7e3c3720246b,Tests_passed,ff81195fae22d22ce9e289e74f13dfab3a7f88973dc90aa8378a7e3c3720246b
106,refs/heads/master,1592dd3d860ba85ffd0de2f390d1853e2e629fad,4fd7a1b9696bce1f846da5e48061c5b9785df473,059c19d0007c8d0d4805d9d02b2b7802182c426f,,True,True,True,238,707,7376,9,True,238,Tests_passed,a9b11d016aae1383213446639674d51e27cfbf3863d0f63c2d179eb102c2f296,True,Tests_passed,54386abd806a088bc8e75c052599ca4313d9794440421d7f0d32ee9dec431554,True,Tests_passed,f17549649622d8369e6a1a3d406f260e307b08d3360354c2e565bcf67810ad1a,Tests_passed,f0e50163e0dee3488045e70b21d25e588d3d5df8ec92cf53adea18a5b9b98407,Tests_passed,f17549649622d8369e6a1a3d406f260e307b08d3360354c2e565bcf67810ad1a,Tests_passed,f0e50163e0dee3488045e70b21d25e588d3d5df8ec92cf53adea18a5b9b98407,Tests_passed,f17549649622d8369e6a1a3d406f260e307b08d3360354c2e565bcf67810ad1a,Tests_passed,f17549649622d8369e6a1a3d406f260e307b08d3360354c2e565bcf67810ad1a,Tests_passed,f17549649622d8369e6a1a3d406f260e307b08d3360354c2e565bcf67810ad1a,Tests_passed,f17549649622d8369e6a1a3d406f260e307b08d3360354c2e565bcf67810ad1a,Tests_passed,f17549649622d8369e6a1a3d406f260e307b08d3360354c2e565bcf67810ad1a,Tests_passed,0dbc1304794ac1777635a0aeb41f36a5f00509cfd270d5e154699c3ad6f498e8,Tests_failed,a748c57c6349d509f722b99bc00b436f3b9c20c714387f2e6cedb75aa70f38fb,Tests_passed,f17549649622d8369e6a1a3d406f260e307b08d3360354c2e565bcf67810ad1a,Tests_passed,f17549649622d8369e6a1a3d406f260e307b08d3360354c2e565bcf67810ad1a,Tests_passed,f17549649622d8369e6a1a3d406f260e307b08d3360354c2e565bcf67810ad1a,Tests_passed,f0e50163e0dee3488045e70b21d25e588d3d5df8ec92cf53adea18a5b9b98407,Tests_passed,f17549649622d8369e6a1a3d406f260e307b08d3360354c2e565bcf67810ad1a,Tests_passed,f17549649622d8369e6a1a3d406f260e307b08d3360354c2e565bcf67810ad1a,Tests_passed,f17549649622d8369e6a1a3d406f260e307b08d3360354c2e565bcf67810ad1a,Tests_passed,f17549649622d8369e6a1a3d406f260e307b08d3360354c2e565bcf67810ad1a,Tests_passed,0dbc1304794ac1777635a0aeb41f36a5f00509cfd270d5e154699c3ad6f498e8,Tests_passed,f17549649622d8369e6a1a3d406f260e307b08d3360354c2e565bcf67810ad1a,Tests_passed,f0e50163e0dee3488045e70b21d25e588d3d5df8ec92cf53adea18a5b9b98407,Tests_passed,f17549649622d8369e6a1a3d406f260e307b08d3360354c2e565bcf67810ad1a,Tests_passed,f17549649622d8369e6a1a3d406f260e307b08d3360354c2e565bcf67810ad1a,Tests_passed,f17549649622d8369e6a1a3d406f260e307b08d3360354c2e565bcf67810ad1a
128,refs/heads/master,4ecca111d3214fb0d1d66d34fa2559a0dd0b50b0,957ee20e852f6a4414526fbd7801867521a7a8e5,36a66f1643871b228a004f94e423deb85ece76bb,,True,True,True,11,16,186,2,True,11,Tests_passed,d8c5a22a08ccb733abbf12fcf45517f48524f334139562c8efa5bd6f6d1dd075,True,Tests_passed,3cd2d28d4899282f8053395f713f33a19558a0fda8af12641b37a06d919bb644,True,Merge_failed,c2cf356d89f026b7637649534161b13af51f940724a65bd19fc60819e00f81a3,Merge_failed,36bfc4d3a4aca3107e939372cdc5a90dd642df394f21504d1d3ae781b639a6c4,Merge_failed,c2cf356d89f026b7637649534161b13af51f940724a65bd19fc60819e00f81a3,Merge_failed,398bc8999e0e1fd689a5a28b03ac5f9cb455b8e7a4811a1fb06ce81c30aae850,Merge_failed,ac6dc283d0178ccc974ef803bd7b2adefef758c7a1c1806d401a267ce4cbba29,Merge_failed,ac6dc283d0178ccc974ef803bd7b2adefef758c7a1c1806d401a267ce4cbba29,Merge_failed,c2cf356d89f026b7637649534161b13af51f940724a65bd19fc60819e00f81a3,Merge_failed,a0613afe35e94171341c41ee27570306cfe9c2a45b88c77dd27ce7b50f6c8cf3,Merge_failed,4696ecedaf19021d93bba2f81bfe5cffd507251161772422fb9837f698dcf780,Tests_passed,8ad9c4b8ff495366beba0092c27aae8c2287b5a9dedc52d108c85d18a54e7423,Merge_failed,6b716b8530ab2e32ef09ca0ad81ad6acbffbe79c8301615382f00bd200cd3e46,Merge_failed,4696ecedaf19021d93bba2f81bfe5cffd507251161772422fb9837f698dcf780,Merge_failed,c2cf356d89f026b7637649534161b13af51f940724a65bd19fc60819e00f81a3,Merge_failed,c2cf356d89f026b7637649534161b13af51f940724a65bd19fc60819e00f81a3,Merge_failed,398bc8999e0e1fd689a5a28b03ac5f9cb455b8e7a4811a1fb06ce81c30aae850,Merge_failed,ac6dc283d0178ccc974ef803bd7b2adefef758c7a1c1806d401a267ce4cbba29,Merge_failed,ac6dc283d0178ccc974ef803bd7b2adefef758c7a1c1806d401a267ce4cbba29,Merge_failed,c2cf356d89f026b7637649534161b13af51f940724a65bd19fc60819e00f81a3,Merge_failed,8cf0d3a40cc6a2f6f7bbea08e1b8f78e7e36d0e7b9d40dd4503b07f6d90a5c38,Tests_passed,8ad9c4b8ff495366beba0092c27aae8c2287b5a9dedc52d108c85d18a54e7423,Merge_failed,c2cf356d89f026b7637649534161b13af51f940724a65bd19fc60819e00f81a3,Merge_failed,36bfc4d3a4aca3107e939372cdc5a90dd642df394f21504d1d3ae781b639a6c4,Merge_failed,c2cf356d89f026b7637649534161b13af51f940724a65bd19fc60819e00f81a3,Merge_failed,c2cf356d89f026b7637649534161b13af51f940724a65bd19fc60819e00f81a3,Merge_failed,c2cf356d89f026b7637649534161b13af51f940724a65bd19fc60819e00f81a3
195,refs/heads/master,a1ddf59b7c1a067b6be2d7da407d400d477ea14c,d752cfbf2beffdd33428d2586982b4f4be6c63ae,976eccbc50d137d88aa3f962402977189899324c,,True,True,True,29,79,708,2,True,29,Tests_passed,65c526b44d6443c201f760467a0776de24485991ca98a818a48a7f8e2eb2907a,True,Tests_passed,12d19b3188dbb65c22da94d4d2644a54b7a49dd3af11451e560ff57c9206922f,True,Tests_passed,9b2a3437b5af0f60796ba00d92f464420afc13b47ee9f24c1bebc4c4484da9e5,Tests_passed,9b2a3437b5af0f60796ba00d92f464420afc13b47ee9f24c1bebc4c4484da9e5,Tests_passed,9b2a3437b5af0f60796ba00d92f464420afc13b47ee9f24c1bebc4c4484da9e5,Tests_passed,9b2a3437b5af0f60796ba00d92f464420afc13b47ee9f24c1bebc4c4484da9e5,Tests_passed,9b2a3437b5af0f60796ba00d92f464420afc13b47ee9f24c1bebc4c4484da9e5,Tests_passed,9b2a3437b5af0f60796ba00d92f464420afc13b47ee9f24c1bebc4c4484da9e5,Tests_passed,9b2a3437b5af0f60796ba00d92f464420afc13b47ee9f24c1bebc4c4484da9e5,Tests_passed,9b2a3437b5af0f60796ba00d92f464420afc13b47ee9f24c1bebc4c4484da9e5,Tests_passed,9b2a3437b5af0f60796ba00d92f464420afc13b47ee9f24c1bebc4c4484da9e5,Tests_passed,47826182ea1d1ec1b6d5a92733299ecd9634064a9ce7c44372bdae299d2f7899,Tests_passed,9b2a3437b5af0f60796ba00d92f464420afc13b47ee9f24c1bebc4c4484da9e5,Tests_passed,9b2a3437b5af0f60796ba00d92f464420afc13b47ee9f24c1bebc4c4484da9e5,Tests_passed,9b2a3437b5af0f60796ba00d92f464420afc13b47ee9f24c1bebc4c4484da9e5,Tests_passed,9b2a3437b5af0f60796ba00d92f464420afc13b47ee9f24c1bebc4c4484da9e5,Tests_passed,9b2a3437b5af0f60796ba00d92f464420afc13b47ee9f24c1bebc4c4484da9e5,Tests_passed,9b2a3437b5af0f60796ba00d92f464420afc13b47ee9f24c1bebc4c4484da9e5,Tests_passed,9b2a3437b5af0f60796ba00d92f464420afc13b47ee9f24c1bebc4c4484da9e5,Tests_passed,9b2a3437b5af0f60796ba00d92f464420afc13b47ee9f24c1bebc4c4484da9e5,Tests_passed,9b2a3437b5af0f60796ba00d92f464420afc13b47ee9f24c1bebc4c4484da9e5,Tests_passed,47826182ea1d1ec1b6d5a92733299ecd9634064a9ce7c44372bdae299d2f7899,Tests_passed,9b2a3437b5af0f60796ba00d92f464420afc13b47ee9f24c1bebc4c4484da9e5,Tests_passed,9b2a3437b5af0f60796ba00d92f464420afc13b47ee9f24c1bebc4c4484da9e5,Tests_passed,9b2a3437b5af0f60796ba00d92f464420afc13b47ee9f24c1bebc4c4484da9e5,Tests_passed,9b2a3437b5af0f60796ba00d92f464420afc13b47ee9f24c1bebc4c4484da9e5,Tests_passed,9b2a3437b5af0f60796ba00d92f464420afc13b47ee9f24c1bebc4c4484da9e5
196,refs/heads/master,d752cfbf2beffdd33428d2586982b4f4be6c63ae,5b9312c423912f089f9072627078265727a160e0,637c454803a9058369d9f1a0613586f1d6db3a2e,,True,False,True,13,21,377,2,True,13,Tests_passed,c246fe684624fc7328966dca2731481011e45fa88272d9148a4c42ca0cd526c7,True,Tests_passed,f01429443a6a5c91f48bbbc985c837852bb678051506dfa6aef35c55b39116aa,True,Tests_passed,65c526b44d6443c201f760467a0776de24485991ca98a818a48a7f8e2eb2907a,Tests_passed,c11d700e84226230739059f6469b8c51829b949bcb21268cfadb702611a61a83,Tests_passed,65c526b44d6443c201f760467a0776de24485991ca98a818a48a7f8e2eb2907a,Tests_passed,c11d700e84226230739059f6469b8c51829b949bcb21268cfadb702611a61a83,Tests_passed,65c526b44d6443c201f760467a0776de24485991ca98a818a48a7f8e2eb2907a,Tests_passed,65c526b44d6443c201f760467a0776de24485991ca98a818a48a7f8e2eb2907a,Tests_passed,65c526b44d6443c201f760467a0776de24485991ca98a818a48a7f8e2eb2907a,Tests_passed,65c526b44d6443c201f760467a0776de24485991ca98a818a48a7f8e2eb2907a,Tests_passed,65c526b44d6443c201f760467a0776de24485991ca98a818a48a7f8e2eb2907a,Tests_passed,e67a0e9c69b5382e5b5cf3ba977c4856d7a4e1a52ed760cb770881c32fbab819,Tests_passed,65c526b44d6443c201f760467a0776de24485991ca98a818a48a7f8e2eb2907a,Tests_passed,65c526b44d6443c201f760467a0776de24485991ca98a818a48a7f8e2eb2907a,Tests_passed,65c526b44d6443c201f760467a0776de24485991ca98a818a48a7f8e2eb2907a,Tests_passed,65c526b44d6443c201f760467a0776de24485991ca98a818a48a7f8e2eb2907a,Tests_passed,c11d700e84226230739059f6469b8c51829b949bcb21268cfadb702611a61a83,Tests_passed,65c526b44d6443c201f760467a0776de24485991ca98a818a48a7f8e2eb2907a,Tests_passed,65c526b44d6443c201f760467a0776de24485991ca98a818a48a7f8e2eb2907a,Tests_passed,65c526b44d6443c201f760467a0776de24485991ca98a818a48a7f8e2eb2907a,Tests_passed,65c526b44d6443c201f760467a0776de24485991ca98a818a48a7f8e2eb2907a,Tests_passed,e67a0e9c69b5382e5b5cf3ba977c4856d7a4e1a52ed760cb770881c32fbab819,Tests_passed,65c526b44d6443c201f760467a0776de24485991ca98a818a48a7f8e2eb2907a,Tests_passed,c11d700e84226230739059f6469b8c51829b949bcb21268cfadb702611a61a83,Tests_passed,65c526b44d6443c201f760467a0776de24485991ca98a818a48a7f8e2eb2907a,Tests_passed,65c526b44d6443c201f760467a0776de24485991ca98a818a48a7f8e2eb2907a,Tests_passed,65c526b44d6443c201f760467a0776de24485991ca98a818a48a7f8e2eb2907a
