idx,branch_name,merge,left,right,notes,left_tree_fingerprint,left parent test result,right_tree_fingerprint,right parent test result,parents pass,diff contains java file,test merge,sampled for testing,gitmerge_ort,gitmerge_ort_merge_fingerprint,gitmerge_ort_adjacent,gitmerge_ort_adjacent_merge_fingerprint,gitmerge_ort_ignorespace,gitmerge_ort_ignorespace_merge_fingerprint,gitmerge_ort_imports,gitmerge_ort_imports_merge_fingerprint,gitmerge_ort_imports_ignorespace,gitmerge_ort_imports_ignorespace_merge_fingerprint,gitmerge_resolve,gitmerge_resolve_merge_fingerprint,gitmerge_recursive_histogram,gitmerge_recursive_histogram_merge_fingerprint,gitmerge_recursive_ignorespace,gitmerge_recursive_ignorespace_merge_fingerprint,gitmerge_recursive_minimal,gitmerge_recursive_minimal_merge_fingerprint,gitmerge_recursive_myers,gitmerge_recursive_myers_merge_fingerprint,gitmerge_recursive_patience,gitmerge_recursive_patience_merge_fingerprint,git_hires_merge,git_hires_merge_merge_fingerprint,spork,spork_merge_fingerprint,intellimerge,intellimerge_merge_fingerprint
1,refs/heads/master,7a4e0935b59119be34cef041595cdb96e575d26c,a8b78c16f5900a156969996f7aad93c2e21fca17,ee48b3e5d384fa81d928f647a1e463f780223be5,,8285cf9eae02c51e4929d59d1329a840e3f5463712964f0b46f8b3bb5e5bdd9c,Tests_passed,c9cd88952c7175dde886f43b16fd4def8abd70de129344162d2a023e6082d6a7,Tests_passed,True,True,True,True,Tests_passed,c9cd88952c7175dde886f43b16fd4def8abd70de129344162d2a023e6082d6a7,Tests_passed,c9cd88952c7175dde886f43b16fd4def8abd70de129344162d2a023e6082d6a7,Tests_passed,c9cd88952c7175dde886f43b16fd4def8abd70de129344162d2a023e6082d6a7,Tests_passed,c9cd88952c7175dde886f43b16fd4def8abd70de129344162d2a023e6082d6a7,Tests_passed,c9cd88952c7175dde886f43b16fd4def8abd70de129344162d2a023e6082d6a7,Tests_passed,c9cd88952c7175dde886f43b16fd4def8abd70de129344162d2a023e6082d6a7,Tests_passed,c9cd88952c7175dde886f43b16fd4def8abd70de129344162d2a023e6082d6a7,Tests_passed,c9cd88952c7175dde886f43b16fd4def8abd70de129344162d2a023e6082d6a7,Tests_passed,c9cd88952c7175dde886f43b16fd4def8abd70de129344162d2a023e6082d6a7,Tests_passed,c9cd88952c7175dde886f43b16fd4def8abd70de129344162d2a023e6082d6a7,Tests_passed,c9cd88952c7175dde886f43b16fd4def8abd70de129344162d2a023e6082d6a7,Tests_passed,c9cd88952c7175dde886f43b16fd4def8abd70de129344162d2a023e6082d6a7,Tests_passed,c9cd88952c7175dde886f43b16fd4def8abd70de129344162d2a023e6082d6a7,Merge_failed,c9cd88952c7175dde886f43b16fd4def8abd70de129344162d2a023e6082d6a7
7,refs/heads/master,08cd6140505fa85f2b40bc71317d86b66f75effb,715be9a1a9ee2816d5e57ca8977f981566d74b65,70ee6c601c86489154801c5f7734d002c3ac838d,,0cbfd4746035f68dbea91d8a1234d1bef23cbfdc41919ca3d3aef25387ff55de,Tests_passed,294cc7d29eca0b371e6f326ac19102770ad9760764ceb71322a95ddff56145c9,Tests_passed,True,True,True,True,Tests_passed,37bc376db92e3c63d76769c6eaee690530c78168796ee928ff9cf11647f3f8ee,Tests_passed,37bc376db92e3c63d76769c6eaee690530c78168796ee928ff9cf11647f3f8ee,Tests_passed,37bc376db92e3c63d76769c6eaee690530c78168796ee928ff9cf11647f3f8ee,Tests_passed,37bc376db92e3c63d76769c6eaee690530c78168796ee928ff9cf11647f3f8ee,Tests_passed,37bc376db92e3c63d76769c6eaee690530c78168796ee928ff9cf11647f3f8ee,Tests_passed,37bc376db92e3c63d76769c6eaee690530c78168796ee928ff9cf11647f3f8ee,Tests_passed,37bc376db92e3c63d76769c6eaee690530c78168796ee928ff9cf11647f3f8ee,Tests_passed,37bc376db92e3c63d76769c6eaee690530c78168796ee928ff9cf11647f3f8ee,Tests_passed,37bc376db92e3c63d76769c6eaee690530c78168796ee928ff9cf11647f3f8ee,Tests_passed,37bc376db92e3c63d76769c6eaee690530c78168796ee928ff9cf11647f3f8ee,Tests_passed,37bc376db92e3c63d76769c6eaee690530c78168796ee928ff9cf11647f3f8ee,Tests_passed,37bc376db92e3c63d76769c6eaee690530c78168796ee928ff9cf11647f3f8ee,Tests_passed,37bc376db92e3c63d76769c6eaee690530c78168796ee928ff9cf11647f3f8ee,Merge_failed,37bc376db92e3c63d76769c6eaee690530c78168796ee928ff9cf11647f3f8ee
21,refs/heads/master,4dd053a91965a865ca98d8511de2b78db8215a23,d3c092e3f191a5d82c24881ff58bf276241864df,53875e4fd37f089f57e5188bcf8f093701b740d2,,a2fe221699d1bfda9d07c4f17f4f9b3397a412236834b7d9c5075a6dc162bf5c,Tests_passed,6eb1db18debb0bb741e77ff475b3e085b79a56f13c78d175418d8139e3418d76,Tests_passed,True,True,True,True,Tests_passed,8a06aecd78800c22d9d700fa8399c88e9ca673327e6750553c680720a08c2ffd,Tests_passed,8a06aecd78800c22d9d700fa8399c88e9ca673327e6750553c680720a08c2ffd,Tests_passed,8a06aecd78800c22d9d700fa8399c88e9ca673327e6750553c680720a08c2ffd,Tests_passed,8a06aecd78800c22d9d700fa8399c88e9ca673327e6750553c680720a08c2ffd,Tests_passed,8a06aecd78800c22d9d700fa8399c88e9ca673327e6750553c680720a08c2ffd,Tests_passed,8a06aecd78800c22d9d700fa8399c88e9ca673327e6750553c680720a08c2ffd,Tests_passed,8a06aecd78800c22d9d700fa8399c88e9ca673327e6750553c680720a08c2ffd,Tests_passed,8a06aecd78800c22d9d700fa8399c88e9ca673327e6750553c680720a08c2ffd,Tests_passed,8a06aecd78800c22d9d700fa8399c88e9ca673327e6750553c680720a08c2ffd,Tests_passed,8a06aecd78800c22d9d700fa8399c88e9ca673327e6750553c680720a08c2ffd,Tests_passed,8a06aecd78800c22d9d700fa8399c88e9ca673327e6750553c680720a08c2ffd,Tests_passed,8a06aecd78800c22d9d700fa8399c88e9ca673327e6750553c680720a08c2ffd,Tests_passed,8a06aecd78800c22d9d700fa8399c88e9ca673327e6750553c680720a08c2ffd,Tests_passed,8a06aecd78800c22d9d700fa8399c88e9ca673327e6750553c680720a08c2ffd
25,refs/heads/master,3b8ab085d878727f4ad0c08aa468993cfc9326d6,dc5e8eddaf391d9c6ef3b9540aa00cd06a449d57,18a72279dd25cd47beeedb9ea27e12035146f4a4,,bfdfbb1d5719214358e9eabdf6c820f52e988c95cd40ac3ac80e837d269de5a0,Tests_passed,04c076483189a5c79f54ed0d5c41a1bca23133daf8b517c9c680cce03a29021f,Tests_passed,True,True,True,True,Tests_passed,03dcb4ac9205582f580f32cc134b42831e9b2fa560ca27ee2028ab636160d23a,Tests_passed,03dcb4ac9205582f580f32cc134b42831e9b2fa560ca27ee2028ab636160d23a,Tests_passed,03dcb4ac9205582f580f32cc134b42831e9b2fa560ca27ee2028ab636160d23a,Tests_passed,03dcb4ac9205582f580f32cc134b42831e9b2fa560ca27ee2028ab636160d23a,Tests_passed,03dcb4ac9205582f580f32cc134b42831e9b2fa560ca27ee2028ab636160d23a,Tests_passed,03dcb4ac9205582f580f32cc134b42831e9b2fa560ca27ee2028ab636160d23a,Tests_passed,03dcb4ac9205582f580f32cc134b42831e9b2fa560ca27ee2028ab636160d23a,Tests_passed,03dcb4ac9205582f580f32cc134b42831e9b2fa560ca27ee2028ab636160d23a,Tests_passed,03dcb4ac9205582f580f32cc134b42831e9b2fa560ca27ee2028ab636160d23a,Tests_passed,03dcb4ac9205582f580f32cc134b42831e9b2fa560ca27ee2028ab636160d23a,Tests_passed,03dcb4ac9205582f580f32cc134b42831e9b2fa560ca27ee2028ab636160d23a,Tests_passed,03dcb4ac9205582f580f32cc134b42831e9b2fa560ca27ee2028ab636160d23a,Tests_passed,03dcb4ac9205582f580f32cc134b42831e9b2fa560ca27ee2028ab636160d23a,Tests_passed,03dcb4ac9205582f580f32cc134b42831e9b2fa560ca27ee2028ab636160d23a
32,refs/heads/master,717c53ddbe27de712786edb2f3016942cb93cbb0,431806c896b6f68a38d966ebacd179f06ce8f91c,cec4b529a217c384c3f0bf66897491dadf05483a,,481e90a1be7d0ffe9793940491748bacd1a57a3c18e3b1339f276fcd8f4af800,Tests_passed,959cf7f31ec240d5838c64a51048afab3ca56a66e216b1f499a912a8e5fc16b3,Tests_passed,True,True,True,True,Tests_passed,f777fe06cf529d8191f015fdd3a713f47e4d6897a904193c2da47d8b60a676a8,Tests_passed,f777fe06cf529d8191f015fdd3a713f47e4d6897a904193c2da47d8b60a676a8,Tests_passed,f777fe06cf529d8191f015fdd3a713f47e4d6897a904193c2da47d8b60a676a8,Tests_passed,f777fe06cf529d8191f015fdd3a713f47e4d6897a904193c2da47d8b60a676a8,Tests_passed,f777fe06cf529d8191f015fdd3a713f47e4d6897a904193c2da47d8b60a676a8,Tests_passed,f777fe06cf529d8191f015fdd3a713f47e4d6897a904193c2da47d8b60a676a8,Tests_passed,f777fe06cf529d8191f015fdd3a713f47e4d6897a904193c2da47d8b60a676a8,Tests_passed,f777fe06cf529d8191f015fdd3a713f47e4d6897a904193c2da47d8b60a676a8,Tests_passed,f777fe06cf529d8191f015fdd3a713f47e4d6897a904193c2da47d8b60a676a8,Tests_passed,f777fe06cf529d8191f015fdd3a713f47e4d6897a904193c2da47d8b60a676a8,Tests_passed,f777fe06cf529d8191f015fdd3a713f47e4d6897a904193c2da47d8b60a676a8,Tests_passed,f777fe06cf529d8191f015fdd3a713f47e4d6897a904193c2da47d8b60a676a8,Tests_passed,f777fe06cf529d8191f015fdd3a713f47e4d6897a904193c2da47d8b60a676a8,Tests_passed,f777fe06cf529d8191f015fdd3a713f47e4d6897a904193c2da47d8b60a676a8
41,refs/heads/master,82861cd85d73540886093ba6a2d6d7b2af0e2201,2c3e04e7ac6eb51a5321aceac9b49faaa7a2787b,625d9b77d75260495df50a383aecf95dc88cb7c2,,a2c53cd96e67e3f1e8b6810a970b7cd11cdf1228eb686a54c1eebf11638aa411,Tests_passed,4d95dbce73679a0b6887562ee4fc295d1d6d91620b6b9ef37ebbf30b261438f9,Tests_passed,True,True,True,True,Tests_passed,cf294081dcc40549b34130d28768878d5571073b3a97d436e8c3f7b809a75e10,Tests_passed,cf294081dcc40549b34130d28768878d5571073b3a97d436e8c3f7b809a75e10,Tests_passed,cf294081dcc40549b34130d28768878d5571073b3a97d436e8c3f7b809a75e10,Tests_passed,cf294081dcc40549b34130d28768878d5571073b3a97d436e8c3f7b809a75e10,Tests_passed,cf294081dcc40549b34130d28768878d5571073b3a97d436e8c3f7b809a75e10,Tests_passed,cf294081dcc40549b34130d28768878d5571073b3a97d436e8c3f7b809a75e10,Tests_passed,cf294081dcc40549b34130d28768878d5571073b3a97d436e8c3f7b809a75e10,Tests_passed,cf294081dcc40549b34130d28768878d5571073b3a97d436e8c3f7b809a75e10,Tests_passed,cf294081dcc40549b34130d28768878d5571073b3a97d436e8c3f7b809a75e10,Tests_passed,cf294081dcc40549b34130d28768878d5571073b3a97d436e8c3f7b809a75e10,Tests_passed,cf294081dcc40549b34130d28768878d5571073b3a97d436e8c3f7b809a75e10,Tests_passed,cf294081dcc40549b34130d28768878d5571073b3a97d436e8c3f7b809a75e10,Tests_passed,cf294081dcc40549b34130d28768878d5571073b3a97d436e8c3f7b809a75e10,Tests_passed,cf294081dcc40549b34130d28768878d5571073b3a97d436e8c3f7b809a75e10
64,refs/heads/master,4fb569cce8de8e7724b39cf3f62350441a559771,b4868640cb675b49f6c3ab154dd4a6b11da5f0d6,32a422fdb6b877273513b70d5155e3283938f003,,f0281195b6a35ead250d9dd168a61e29a9cadea54c4fd512008cd4e011ebdd18,Tests_passed,e45b14bc27993e05c484746f252383b063d7b07c72773cc12c0173a2d8efc2c5,Tests_passed,True,True,True,True,Tests_passed,78f5bd662242e03742749ec09515f9fad3bbead65f389ae96e673ad4698e8b84,Tests_passed,78f5bd662242e03742749ec09515f9fad3bbead65f389ae96e673ad4698e8b84,Tests_passed,78f5bd662242e03742749ec09515f9fad3bbead65f389ae96e673ad4698e8b84,Tests_passed,78f5bd662242e03742749ec09515f9fad3bbead65f389ae96e673ad4698e8b84,Tests_passed,78f5bd662242e03742749ec09515f9fad3bbead65f389ae96e673ad4698e8b84,Tests_passed,78f5bd662242e03742749ec09515f9fad3bbead65f389ae96e673ad4698e8b84,Tests_passed,78f5bd662242e03742749ec09515f9fad3bbead65f389ae96e673ad4698e8b84,Tests_passed,78f5bd662242e03742749ec09515f9fad3bbead65f389ae96e673ad4698e8b84,Tests_passed,78f5bd662242e03742749ec09515f9fad3bbead65f389ae96e673ad4698e8b84,Tests_passed,78f5bd662242e03742749ec09515f9fad3bbead65f389ae96e673ad4698e8b84,Tests_passed,78f5bd662242e03742749ec09515f9fad3bbead65f389ae96e673ad4698e8b84,Tests_passed,78f5bd662242e03742749ec09515f9fad3bbead65f389ae96e673ad4698e8b84,Tests_passed,78f5bd662242e03742749ec09515f9fad3bbead65f389ae96e673ad4698e8b84,Tests_passed,78f5bd662242e03742749ec09515f9fad3bbead65f389ae96e673ad4698e8b84
66,refs/heads/master,a3e2a52ccc99b756dfce30979745925e6d3b10bb,b94a9801384680c676c184bb4c9a58d42f691c2d,1cf195638635bf3d9238df3c5ad0059a03d00957,,d4ae5db7d640a835a3aa4e93108fd384a14a325daf8a4c95049a7afdc7b05ee5,Tests_passed,e3ea41bc682563c86c75528d299a069775e3f10a1f7bc55aab0240b0ed22a386,Tests_passed,True,True,True,True,Tests_passed,90b148359fd59652434f81a565daa9a939a9601c0edb06bd9a354d28e6c318cb,Tests_passed,90b148359fd59652434f81a565daa9a939a9601c0edb06bd9a354d28e6c318cb,Tests_passed,90b148359fd59652434f81a565daa9a939a9601c0edb06bd9a354d28e6c318cb,Tests_passed,90b148359fd59652434f81a565daa9a939a9601c0edb06bd9a354d28e6c318cb,Tests_passed,90b148359fd59652434f81a565daa9a939a9601c0edb06bd9a354d28e6c318cb,Tests_passed,90b148359fd59652434f81a565daa9a939a9601c0edb06bd9a354d28e6c318cb,Tests_passed,90b148359fd59652434f81a565daa9a939a9601c0edb06bd9a354d28e6c318cb,Tests_passed,90b148359fd59652434f81a565daa9a939a9601c0edb06bd9a354d28e6c318cb,Tests_passed,90b148359fd59652434f81a565daa9a939a9601c0edb06bd9a354d28e6c318cb,Tests_passed,90b148359fd59652434f81a565daa9a939a9601c0edb06bd9a354d28e6c318cb,Tests_passed,90b148359fd59652434f81a565daa9a939a9601c0edb06bd9a354d28e6c318cb,Tests_passed,90b148359fd59652434f81a565daa9a939a9601c0edb06bd9a354d28e6c318cb,Tests_passed,90b148359fd59652434f81a565daa9a939a9601c0edb06bd9a354d28e6c318cb,Tests_passed,90b148359fd59652434f81a565daa9a939a9601c0edb06bd9a354d28e6c318cb
70,refs/heads/master,525774a9539b4f05edf04b65416ada100cf5b236,3faef2804cd6f8b70c052ff5b7b8dd6a049a1748,e45d17582963ae8f2b5a41291c4efbbaa43d5bac,,85456ee8f20251d28b5f00d733a731c3402c4fd7b173f5595728d78fa13f5224,Tests_passed,cb388c4277032bec8cce0a2a61f1c848ff06a9ed8e8e6858a1dcd8412aebec71,Tests_passed,True,True,True,True,Tests_passed,cff9891df90736e52446cca305c7edcf11e8fca32f79c960dfa51b05c9666155,Tests_passed,cff9891df90736e52446cca305c7edcf11e8fca32f79c960dfa51b05c9666155,Tests_passed,cff9891df90736e52446cca305c7edcf11e8fca32f79c960dfa51b05c9666155,Tests_passed,cff9891df90736e52446cca305c7edcf11e8fca32f79c960dfa51b05c9666155,Tests_passed,cff9891df90736e52446cca305c7edcf11e8fca32f79c960dfa51b05c9666155,Tests_passed,cff9891df90736e52446cca305c7edcf11e8fca32f79c960dfa51b05c9666155,Tests_passed,cff9891df90736e52446cca305c7edcf11e8fca32f79c960dfa51b05c9666155,Tests_passed,cff9891df90736e52446cca305c7edcf11e8fca32f79c960dfa51b05c9666155,Tests_passed,cff9891df90736e52446cca305c7edcf11e8fca32f79c960dfa51b05c9666155,Tests_passed,cff9891df90736e52446cca305c7edcf11e8fca32f79c960dfa51b05c9666155,Tests_passed,cff9891df90736e52446cca305c7edcf11e8fca32f79c960dfa51b05c9666155,Tests_passed,cff9891df90736e52446cca305c7edcf11e8fca32f79c960dfa51b05c9666155,Tests_passed,cff9891df90736e52446cca305c7edcf11e8fca32f79c960dfa51b05c9666155,Tests_passed,cff9891df90736e52446cca305c7edcf11e8fca32f79c960dfa51b05c9666155
71,refs/heads/master,a8cd7085086c5b2ccc922ba2dc6bd8b51e9ac052,39780fb86f3f887eb438edd58b323afe6142d669,670e238cfc989bcf67d04454e7e42fb4f9f33d90,,a83fc4c166988adf2c6f88f4451d63f86c79f8d6f14e454f3ae2798e77afbda4,Tests_passed,c1647bdcd5e3f3ef058b49c2180ab2a211057319722d00f12342ccd4a9b18772,Tests_passed,True,True,True,True,Tests_passed,aaeacfdc7750613d3c5748d72cc9f85d232881257bfb452ad74900c26a469bd9,Tests_passed,aaeacfdc7750613d3c5748d72cc9f85d232881257bfb452ad74900c26a469bd9,Tests_passed,aaeacfdc7750613d3c5748d72cc9f85d232881257bfb452ad74900c26a469bd9,Tests_passed,aaeacfdc7750613d3c5748d72cc9f85d232881257bfb452ad74900c26a469bd9,Tests_passed,aaeacfdc7750613d3c5748d72cc9f85d232881257bfb452ad74900c26a469bd9,Tests_passed,aaeacfdc7750613d3c5748d72cc9f85d232881257bfb452ad74900c26a469bd9,Tests_passed,aaeacfdc7750613d3c5748d72cc9f85d232881257bfb452ad74900c26a469bd9,Tests_passed,aaeacfdc7750613d3c5748d72cc9f85d232881257bfb452ad74900c26a469bd9,Tests_passed,aaeacfdc7750613d3c5748d72cc9f85d232881257bfb452ad74900c26a469bd9,Tests_passed,aaeacfdc7750613d3c5748d72cc9f85d232881257bfb452ad74900c26a469bd9,Tests_passed,aaeacfdc7750613d3c5748d72cc9f85d232881257bfb452ad74900c26a469bd9,Tests_passed,aaeacfdc7750613d3c5748d72cc9f85d232881257bfb452ad74900c26a469bd9,Tests_passed,aaeacfdc7750613d3c5748d72cc9f85d232881257bfb452ad74900c26a469bd9,Tests_passed,aaeacfdc7750613d3c5748d72cc9f85d232881257bfb452ad74900c26a469bd9
87,refs/remotes/origin/pull/1411,e3130cc10e7b16cbcaeb61545f8a65ed12e60be9,aa1e0fcd8874fb7481c774809c79d2b045110271,b94349949a9d62d79135d2f5140b70d355cfbcfe,,b0fffe935db6b288c70d52f81c93f74b613ddc77093a2be799623d6316d6ac96,Tests_passed,2e8eddbde5694e567cfc27c0fd966f2964910c07034a4bb7aa8383824baad60f,Tests_passed,True,True,True,True,Merge_failed,b0fffe935db6b288c70d52f81c93f74b613ddc77093a2be799623d6316d6ac96,Tests_passed,b0fffe935db6b288c70d52f81c93f74b613ddc77093a2be799623d6316d6ac96,Merge_failed,b0fffe935db6b288c70d52f81c93f74b613ddc77093a2be799623d6316d6ac96,Tests_passed,b0fffe935db6b288c70d52f81c93f74b613ddc77093a2be799623d6316d6ac96,Tests_passed,b0fffe935db6b288c70d52f81c93f74b613ddc77093a2be799623d6316d6ac96,Merge_failed,b0fffe935db6b288c70d52f81c93f74b613ddc77093a2be799623d6316d6ac96,Merge_failed,b0fffe935db6b288c70d52f81c93f74b613ddc77093a2be799623d6316d6ac96,Merge_failed,b0fffe935db6b288c70d52f81c93f74b613ddc77093a2be799623d6316d6ac96,Merge_failed,b0fffe935db6b288c70d52f81c93f74b613ddc77093a2be799623d6316d6ac96,Merge_failed,b0fffe935db6b288c70d52f81c93f74b613ddc77093a2be799623d6316d6ac96,Merge_failed,b0fffe935db6b288c70d52f81c93f74b613ddc77093a2be799623d6316d6ac96,Merge_failed,b0fffe935db6b288c70d52f81c93f74b613ddc77093a2be799623d6316d6ac96,Merge_failed,eb5c3e72e24c2d6f275d427359738ac1024089fe2f83d17a44daed13bd144f48,Merge_failed,eb5c3e72e24c2d6f275d427359738ac1024089fe2f83d17a44daed13bd144f48
89,refs/remotes/origin/pull/1445,26d5d1383623df1897bf2b4b80c358a9f90c630a,4130f24bc3d1b770c5a5298e33c38dc015a8b3e4,b51346c072723d6c3f14da17a0c842243af8a2ab,,e115fd94fd8bee0c15305298682e2941a10ba7edc607118dd01234781c7fd00f,Tests_passed,df4a36ad2723fe4577afe5bdc33ea4475e704d3b34acacc000ac84f7b1d8f7c5,Tests_passed,True,True,True,True,Merge_failed,e115fd94fd8bee0c15305298682e2941a10ba7edc607118dd01234781c7fd00f,Tests_passed,e115fd94fd8bee0c15305298682e2941a10ba7edc607118dd01234781c7fd00f,Tests_failed,db7352d863e696e9c53ff37e4b99dcaaa9e3b5f4b67155d2a87ca6c0bbc3f75e,Tests_passed,e115fd94fd8bee0c15305298682e2941a10ba7edc607118dd01234781c7fd00f,Tests_failed,db7352d863e696e9c53ff37e4b99dcaaa9e3b5f4b67155d2a87ca6c0bbc3f75e,Merge_failed,e115fd94fd8bee0c15305298682e2941a10ba7edc607118dd01234781c7fd00f,Merge_failed,e115fd94fd8bee0c15305298682e2941a10ba7edc607118dd01234781c7fd00f,Tests_failed,db7352d863e696e9c53ff37e4b99dcaaa9e3b5f4b67155d2a87ca6c0bbc3f75e,Merge_failed,e115fd94fd8bee0c15305298682e2941a10ba7edc607118dd01234781c7fd00f,Merge_failed,e115fd94fd8bee0c15305298682e2941a10ba7edc607118dd01234781c7fd00f,Merge_failed,e115fd94fd8bee0c15305298682e2941a10ba7edc607118dd01234781c7fd00f,Merge_failed,e115fd94fd8bee0c15305298682e2941a10ba7edc607118dd01234781c7fd00f,Merge_failed,fc5c457bf5f1fae9e66573145407a6333450ac994cb2200c761e24f0bc34b37f,Merge_failed,fc5c457bf5f1fae9e66573145407a6333450ac994cb2200c761e24f0bc34b37f
90,refs/remotes/origin/pull/1446,620898d7d57a06972d8b31f61d58a4b25801ab55,153a4da399b03c00af6879e7e78bb6856832abdb,7a760c6384360a54d1a042133fc7c2805eaf3de9,,00a8401df9a8d7e0c398df594cf2abbde15bf5e6d4a8e608083c6eb9a5c93eeb,Tests_passed,c185b1e274b5f26be92739c0ca7aaa8280d9f1c986744fd4a800f3dc5624d8e1,Tests_passed,True,True,True,True,Merge_failed,00a8401df9a8d7e0c398df594cf2abbde15bf5e6d4a8e608083c6eb9a5c93eeb,Tests_passed,00a8401df9a8d7e0c398df594cf2abbde15bf5e6d4a8e608083c6eb9a5c93eeb,Tests_failed,90478f72c3dc90efc10afe84a5b36dbf2b3ce6b1777d452e408ee7008f873af5,Tests_passed,00a8401df9a8d7e0c398df594cf2abbde15bf5e6d4a8e608083c6eb9a5c93eeb,Tests_failed,90478f72c3dc90efc10afe84a5b36dbf2b3ce6b1777d452e408ee7008f873af5,Merge_failed,00a8401df9a8d7e0c398df594cf2abbde15bf5e6d4a8e608083c6eb9a5c93eeb,Merge_failed,00a8401df9a8d7e0c398df594cf2abbde15bf5e6d4a8e608083c6eb9a5c93eeb,Tests_failed,90478f72c3dc90efc10afe84a5b36dbf2b3ce6b1777d452e408ee7008f873af5,Merge_failed,00a8401df9a8d7e0c398df594cf2abbde15bf5e6d4a8e608083c6eb9a5c93eeb,Merge_failed,00a8401df9a8d7e0c398df594cf2abbde15bf5e6d4a8e608083c6eb9a5c93eeb,Merge_failed,00a8401df9a8d7e0c398df594cf2abbde15bf5e6d4a8e608083c6eb9a5c93eeb,Merge_failed,00a8401df9a8d7e0c398df594cf2abbde15bf5e6d4a8e608083c6eb9a5c93eeb,Merge_failed,9e15ecc086ddcd6d386ccf17592c59cf4b3374d081d597fd00cc15f2801fe62d,Merge_failed,9e15ecc086ddcd6d386ccf17592c59cf4b3374d081d597fd00cc15f2801fe62d
92,refs/remotes/origin/pull/1450,caf2fbe8ea918c4094ba76bef81763078050702f,1698179819a787eb35d0534fedabb7de457dc177,831ebac6e74ebf2e5d1f7c0185caabb20a4e9799,,c60796c21bfb73d8db7d2d7f2290e950adbd630402769dd2863c9cfc4d5ca60d,Tests_passed,ecc9866a2c64159e3596257d9d43f57a57f9fec91cdda067b60fbb6b3cb2ccef,Tests_passed,True,True,True,True,Merge_failed,c60796c21bfb73d8db7d2d7f2290e950adbd630402769dd2863c9cfc4d5ca60d,Tests_passed,c60796c21bfb73d8db7d2d7f2290e950adbd630402769dd2863c9cfc4d5ca60d,Merge_failed,c60796c21bfb73d8db7d2d7f2290e950adbd630402769dd2863c9cfc4d5ca60d,Tests_passed,c60796c21bfb73d8db7d2d7f2290e950adbd630402769dd2863c9cfc4d5ca60d,Tests_passed,c60796c21bfb73d8db7d2d7f2290e950adbd630402769dd2863c9cfc4d5ca60d,Merge_failed,c60796c21bfb73d8db7d2d7f2290e950adbd630402769dd2863c9cfc4d5ca60d,Merge_failed,c60796c21bfb73d8db7d2d7f2290e950adbd630402769dd2863c9cfc4d5ca60d,Merge_failed,c60796c21bfb73d8db7d2d7f2290e950adbd630402769dd2863c9cfc4d5ca60d,Merge_failed,c60796c21bfb73d8db7d2d7f2290e950adbd630402769dd2863c9cfc4d5ca60d,Merge_failed,c60796c21bfb73d8db7d2d7f2290e950adbd630402769dd2863c9cfc4d5ca60d,Merge_failed,c60796c21bfb73d8db7d2d7f2290e950adbd630402769dd2863c9cfc4d5ca60d,Merge_failed,c60796c21bfb73d8db7d2d7f2290e950adbd630402769dd2863c9cfc4d5ca60d,Merge_failed,37070d762ecbe81472ce05c5f4ea583ecb2258fdabf1d35943ce1182a81702d1,Merge_failed,37070d762ecbe81472ce05c5f4ea583ecb2258fdabf1d35943ce1182a81702d1
93,refs/remotes/origin/pull/1453,24629357672accc3c1b41c7d5c5f968e6d2ffda2,0d9857e4f964a148707395c6e3cc7ebd785ad2fa,c729abe393b9ace4beefe83b52add392853072c3,,27b2a1915f5be47bba982c0ad48452bbd06d7106d601032894a02bcc21acf5f0,Tests_passed,8c823008bf25d3c369a3f410b919e265d1a10ebcc0ef29a190d9fa24c68d0741,Tests_passed,True,True,True,True,Merge_failed,27b2a1915f5be47bba982c0ad48452bbd06d7106d601032894a02bcc21acf5f0,Tests_passed,27b2a1915f5be47bba982c0ad48452bbd06d7106d601032894a02bcc21acf5f0,Merge_failed,27b2a1915f5be47bba982c0ad48452bbd06d7106d601032894a02bcc21acf5f0,Tests_passed,27b2a1915f5be47bba982c0ad48452bbd06d7106d601032894a02bcc21acf5f0,Tests_passed,27b2a1915f5be47bba982c0ad48452bbd06d7106d601032894a02bcc21acf5f0,Merge_failed,27b2a1915f5be47bba982c0ad48452bbd06d7106d601032894a02bcc21acf5f0,Merge_failed,27b2a1915f5be47bba982c0ad48452bbd06d7106d601032894a02bcc21acf5f0,Merge_failed,27b2a1915f5be47bba982c0ad48452bbd06d7106d601032894a02bcc21acf5f0,Merge_failed,27b2a1915f5be47bba982c0ad48452bbd06d7106d601032894a02bcc21acf5f0,Merge_failed,27b2a1915f5be47bba982c0ad48452bbd06d7106d601032894a02bcc21acf5f0,Merge_failed,27b2a1915f5be47bba982c0ad48452bbd06d7106d601032894a02bcc21acf5f0,Merge_failed,27b2a1915f5be47bba982c0ad48452bbd06d7106d601032894a02bcc21acf5f0,Merge_failed,4c69fb0361f732cee62ab6054cf15e52d63c3312cb24d696fcac9620025f05af,Merge_failed,4c69fb0361f732cee62ab6054cf15e52d63c3312cb24d696fcac9620025f05af
94,refs/remotes/origin/pull/1454,cc2821a2d26503508986d1d99c57e80ab74838da,0f16b36b770db5a8acb97b6cdddde18cac7d8258,6c034f977505b058c7cf764b3d9b1abd068a725e,,76b5ea7e68fcae824ec00c4bcbdeb0faf705eb765cb32efee2305a1ed86914b9,Tests_passed,636a90c3fc1d20ebc99135ddaf5733cabbce1702ccef7ce0c29ae43b17b24c45,Tests_passed,True,True,True,True,Merge_failed,76b5ea7e68fcae824ec00c4bcbdeb0faf705eb765cb32efee2305a1ed86914b9,Tests_passed,76b5ea7e68fcae824ec00c4bcbdeb0faf705eb765cb32efee2305a1ed86914b9,Merge_failed,76b5ea7e68fcae824ec00c4bcbdeb0faf705eb765cb32efee2305a1ed86914b9,Tests_passed,76b5ea7e68fcae824ec00c4bcbdeb0faf705eb765cb32efee2305a1ed86914b9,Tests_passed,76b5ea7e68fcae824ec00c4bcbdeb0faf705eb765cb32efee2305a1ed86914b9,Merge_failed,76b5ea7e68fcae824ec00c4bcbdeb0faf705eb765cb32efee2305a1ed86914b9,Merge_failed,76b5ea7e68fcae824ec00c4bcbdeb0faf705eb765cb32efee2305a1ed86914b9,Merge_failed,76b5ea7e68fcae824ec00c4bcbdeb0faf705eb765cb32efee2305a1ed86914b9,Merge_failed,76b5ea7e68fcae824ec00c4bcbdeb0faf705eb765cb32efee2305a1ed86914b9,Merge_failed,76b5ea7e68fcae824ec00c4bcbdeb0faf705eb765cb32efee2305a1ed86914b9,Merge_failed,76b5ea7e68fcae824ec00c4bcbdeb0faf705eb765cb32efee2305a1ed86914b9,Merge_failed,76b5ea7e68fcae824ec00c4bcbdeb0faf705eb765cb32efee2305a1ed86914b9,Merge_failed,a7d4d1350d4285ecb9ab1189189a731a56854f665c12f5dc4cd0a631fad6289c,Merge_failed,a7d4d1350d4285ecb9ab1189189a731a56854f665c12f5dc4cd0a631fad6289c
97,refs/remotes/origin/pull/1584,bc869417e30cc0197a07ede12d2b1c616ee15d97,91526f1402be8483ee2dbca224b50eee1d1ac4e8,6fb399bc91946bd9e1b635d2bca4d7d1d35bba03,,f896ca8485ba84a98a92922e8bc2aa3b0bd9a04874525245c50f9e59fb0e5a0c,Tests_passed,3f3b0ea9b40f451e0c5159995195f25334bd45b84298f5d2fbd206c532f476ac,Tests_passed,True,True,True,True,Merge_failed,f896ca8485ba84a98a92922e8bc2aa3b0bd9a04874525245c50f9e59fb0e5a0c,Tests_passed,f896ca8485ba84a98a92922e8bc2aa3b0bd9a04874525245c50f9e59fb0e5a0c,Merge_failed,f896ca8485ba84a98a92922e8bc2aa3b0bd9a04874525245c50f9e59fb0e5a0c,Tests_passed,f896ca8485ba84a98a92922e8bc2aa3b0bd9a04874525245c50f9e59fb0e5a0c,Tests_passed,f896ca8485ba84a98a92922e8bc2aa3b0bd9a04874525245c50f9e59fb0e5a0c,Merge_failed,f896ca8485ba84a98a92922e8bc2aa3b0bd9a04874525245c50f9e59fb0e5a0c,Merge_failed,f896ca8485ba84a98a92922e8bc2aa3b0bd9a04874525245c50f9e59fb0e5a0c,Merge_failed,f896ca8485ba84a98a92922e8bc2aa3b0bd9a04874525245c50f9e59fb0e5a0c,Merge_failed,f896ca8485ba84a98a92922e8bc2aa3b0bd9a04874525245c50f9e59fb0e5a0c,Merge_failed,f896ca8485ba84a98a92922e8bc2aa3b0bd9a04874525245c50f9e59fb0e5a0c,Merge_failed,f896ca8485ba84a98a92922e8bc2aa3b0bd9a04874525245c50f9e59fb0e5a0c,Merge_failed,f896ca8485ba84a98a92922e8bc2aa3b0bd9a04874525245c50f9e59fb0e5a0c,Merge_failed,d243a58b6f5f2eab79d7887e8ed6af6f1951280f29cf674d973489abfa7a5207,Merge_failed,d243a58b6f5f2eab79d7887e8ed6af6f1951280f29cf674d973489abfa7a5207
99,refs/remotes/origin/pull/1640,37086b16c5c838afa4463d2679de021189934cc8,d2027d0e0f210d35feda20902315e89dedf311ad,1ea658d235754be408a05a46de9640c3dda21de0,,5cd66f59badc2ddf5b8030d97e35682b644be3a073e43879d4973d7041bdb4ec,Tests_passed,4eb109f6ec98a182479d9ec39379b5479b964ec1d6b5f5aba9c67b4aa18d1412,Tests_passed,True,True,True,True,Tests_passed,74d23a33805eab28cdf078bb483bdc672aa97a854f3feb739d5c826dd1caffbf,Tests_passed,74d23a33805eab28cdf078bb483bdc672aa97a854f3feb739d5c826dd1caffbf,Tests_passed,74d23a33805eab28cdf078bb483bdc672aa97a854f3feb739d5c826dd1caffbf,Tests_passed,74d23a33805eab28cdf078bb483bdc672aa97a854f3feb739d5c826dd1caffbf,Tests_passed,74d23a33805eab28cdf078bb483bdc672aa97a854f3feb739d5c826dd1caffbf,Tests_passed,74d23a33805eab28cdf078bb483bdc672aa97a854f3feb739d5c826dd1caffbf,Tests_passed,74d23a33805eab28cdf078bb483bdc672aa97a854f3feb739d5c826dd1caffbf,Tests_passed,74d23a33805eab28cdf078bb483bdc672aa97a854f3feb739d5c826dd1caffbf,Tests_passed,74d23a33805eab28cdf078bb483bdc672aa97a854f3feb739d5c826dd1caffbf,Tests_passed,74d23a33805eab28cdf078bb483bdc672aa97a854f3feb739d5c826dd1caffbf,Tests_passed,74d23a33805eab28cdf078bb483bdc672aa97a854f3feb739d5c826dd1caffbf,Tests_passed,74d23a33805eab28cdf078bb483bdc672aa97a854f3feb739d5c826dd1caffbf,Tests_passed,74d23a33805eab28cdf078bb483bdc672aa97a854f3feb739d5c826dd1caffbf,Merge_failed,74d23a33805eab28cdf078bb483bdc672aa97a854f3feb739d5c826dd1caffbf
103,refs/remotes/origin/pull/40,3c78378fabcb95146807f818d0a4d077250ece28,b1c7e67f256fdd4629036fc65c6883779cb9a443,8b4f3a67aead1274596c6a4d1844342f46544ac7,,1323f44e0d603f590a22e260a16085ea51b5a6e4356bf70b66ba79a1d4fb1b53,Tests_passed,06c9ad3af6a124008dc20e9e0320ed7ee1b0e30375aaecf8cef50d8ab7057b4f,Tests_passed,True,True,True,True,Tests_passed,1323f44e0d603f590a22e260a16085ea51b5a6e4356bf70b66ba79a1d4fb1b53,Tests_passed,1323f44e0d603f590a22e260a16085ea51b5a6e4356bf70b66ba79a1d4fb1b53,Tests_passed,1323f44e0d603f590a22e260a16085ea51b5a6e4356bf70b66ba79a1d4fb1b53,Tests_passed,1323f44e0d603f590a22e260a16085ea51b5a6e4356bf70b66ba79a1d4fb1b53,Tests_passed,1323f44e0d603f590a22e260a16085ea51b5a6e4356bf70b66ba79a1d4fb1b53,Tests_passed,1323f44e0d603f590a22e260a16085ea51b5a6e4356bf70b66ba79a1d4fb1b53,Tests_passed,1323f44e0d603f590a22e260a16085ea51b5a6e4356bf70b66ba79a1d4fb1b53,Tests_passed,1323f44e0d603f590a22e260a16085ea51b5a6e4356bf70b66ba79a1d4fb1b53,Tests_passed,1323f44e0d603f590a22e260a16085ea51b5a6e4356bf70b66ba79a1d4fb1b53,Tests_passed,1323f44e0d603f590a22e260a16085ea51b5a6e4356bf70b66ba79a1d4fb1b53,Tests_passed,1323f44e0d603f590a22e260a16085ea51b5a6e4356bf70b66ba79a1d4fb1b53,Tests_passed,1323f44e0d603f590a22e260a16085ea51b5a6e4356bf70b66ba79a1d4fb1b53,Tests_passed,1323f44e0d603f590a22e260a16085ea51b5a6e4356bf70b66ba79a1d4fb1b53,Tests_passed,1323f44e0d603f590a22e260a16085ea51b5a6e4356bf70b66ba79a1d4fb1b53
105,refs/remotes/origin/pull/594,9508a1deb3afd48a847ac4d28972c18fe994c73d,2c72ba242af058eea77e4b711815e315056b84c2,a064c719e6dc6e112fe13ba42946adb3e4691466,,4931bc986d1eaa05a1bf65f22323d1595297d1061ad64ac6547e2981001977bf,Tests_passed,66bc3854a857f3bec2a843d81ee0913691c664275bfe8e40ac89dc6c56936247,Tests_passed,True,True,True,True,Merge_failed,4931bc986d1eaa05a1bf65f22323d1595297d1061ad64ac6547e2981001977bf,Tests_passed,4931bc986d1eaa05a1bf65f22323d1595297d1061ad64ac6547e2981001977bf,Merge_failed,4931bc986d1eaa05a1bf65f22323d1595297d1061ad64ac6547e2981001977bf,Tests_passed,4931bc986d1eaa05a1bf65f22323d1595297d1061ad64ac6547e2981001977bf,Tests_passed,4931bc986d1eaa05a1bf65f22323d1595297d1061ad64ac6547e2981001977bf,Merge_failed,4931bc986d1eaa05a1bf65f22323d1595297d1061ad64ac6547e2981001977bf,Merge_failed,4931bc986d1eaa05a1bf65f22323d1595297d1061ad64ac6547e2981001977bf,Merge_failed,4931bc986d1eaa05a1bf65f22323d1595297d1061ad64ac6547e2981001977bf,Merge_failed,4931bc986d1eaa05a1bf65f22323d1595297d1061ad64ac6547e2981001977bf,Merge_failed,4931bc986d1eaa05a1bf65f22323d1595297d1061ad64ac6547e2981001977bf,Merge_failed,4931bc986d1eaa05a1bf65f22323d1595297d1061ad64ac6547e2981001977bf,Merge_failed,4931bc986d1eaa05a1bf65f22323d1595297d1061ad64ac6547e2981001977bf,Merge_failed,9cca30582d9b800230b1c7d5d5fa5a6a5daf0195abc2d7cf0553e0fdf64426b4,Merge_failed,9cca30582d9b800230b1c7d5d5fa5a6a5daf0195abc2d7cf0553e0fdf64426b4
106,refs/remotes/origin/pull/594,5413f5ceff8fea063f6042eefa08e6a8db78f30c,0cbebbe97a40820e961b78511c2dd263828d026f,33a1fe0240778650dcd91c6f489cd549ad34b8d0,,c7ab03c049797df7f51e4a870ae523aac754094d1eb52fef77030a7d2f294360,Tests_passed,a0efea3f508e5dfa465575ad59b615c2884555f15e503a71f410bbefd17a8bd3,Tests_passed,True,True,True,True,Merge_failed,c7ab03c049797df7f51e4a870ae523aac754094d1eb52fef77030a7d2f294360,Tests_passed,c7ab03c049797df7f51e4a870ae523aac754094d1eb52fef77030a7d2f294360,Merge_failed,c7ab03c049797df7f51e4a870ae523aac754094d1eb52fef77030a7d2f294360,Tests_passed,c7ab03c049797df7f51e4a870ae523aac754094d1eb52fef77030a7d2f294360,Tests_passed,c7ab03c049797df7f51e4a870ae523aac754094d1eb52fef77030a7d2f294360,Merge_failed,c7ab03c049797df7f51e4a870ae523aac754094d1eb52fef77030a7d2f294360,Merge_failed,c7ab03c049797df7f51e4a870ae523aac754094d1eb52fef77030a7d2f294360,Merge_failed,c7ab03c049797df7f51e4a870ae523aac754094d1eb52fef77030a7d2f294360,Merge_failed,c7ab03c049797df7f51e4a870ae523aac754094d1eb52fef77030a7d2f294360,Merge_failed,c7ab03c049797df7f51e4a870ae523aac754094d1eb52fef77030a7d2f294360,Merge_failed,c7ab03c049797df7f51e4a870ae523aac754094d1eb52fef77030a7d2f294360,Merge_failed,c7ab03c049797df7f51e4a870ae523aac754094d1eb52fef77030a7d2f294360,Merge_failed,ae0eb2a41dd1f0350bb2d53ac6a116694bd93cb4c8137835a4f3743c777d97a3,Merge_failed,ae0eb2a41dd1f0350bb2d53ac6a116694bd93cb4c8137835a4f3743c777d97a3
111,refs/remotes/origin/pull/786,3b62205b5ecfdf0efe4bd19d1b7207630dc4e853,782e88e67d946979f1ad2ab59e258a95a3cdb4cf,6546dc5863ac50a2b1a43925d8ab4fe313a887dd,,f458cfeb56e03db70b392303075063b1adf6412a3106eb65e614a9faa8b8f799,Tests_passed,287acba7206f9a9067514c286a6a1cde882314086f5b8d60134464945c638b53,Tests_passed,True,True,True,True,Tests_passed,72fc6821a895db1d93a37d817ad5215b05d71433ac22108fb197b775d6b1bbda,Tests_passed,72fc6821a895db1d93a37d817ad5215b05d71433ac22108fb197b775d6b1bbda,Tests_passed,72fc6821a895db1d93a37d817ad5215b05d71433ac22108fb197b775d6b1bbda,Tests_passed,72fc6821a895db1d93a37d817ad5215b05d71433ac22108fb197b775d6b1bbda,Tests_passed,72fc6821a895db1d93a37d817ad5215b05d71433ac22108fb197b775d6b1bbda,Merge_failed,f458cfeb56e03db70b392303075063b1adf6412a3106eb65e614a9faa8b8f799,Tests_passed,72fc6821a895db1d93a37d817ad5215b05d71433ac22108fb197b775d6b1bbda,Tests_passed,72fc6821a895db1d93a37d817ad5215b05d71433ac22108fb197b775d6b1bbda,Tests_passed,72fc6821a895db1d93a37d817ad5215b05d71433ac22108fb197b775d6b1bbda,Tests_passed,72fc6821a895db1d93a37d817ad5215b05d71433ac22108fb197b775d6b1bbda,Tests_passed,72fc6821a895db1d93a37d817ad5215b05d71433ac22108fb197b775d6b1bbda,Tests_passed,72fc6821a895db1d93a37d817ad5215b05d71433ac22108fb197b775d6b1bbda,Tests_passed,72fc6821a895db1d93a37d817ad5215b05d71433ac22108fb197b775d6b1bbda,Merge_failed,72fc6821a895db1d93a37d817ad5215b05d71433ac22108fb197b775d6b1bbda
115,refs/remotes/origin/pull/786,03c39dec7e4ab7aba8cd6f6a04e6aa0a09f57137,99484c39dd07ce32143c8f63416f0486093d9360,d36a35dba58e65d2944121e6fce691c19701a96f,,328825ea99860742a39ad8b20c9ff4e6fd4107f2a1aa98f78c6fb13fec50702f,Tests_passed,12faa84746e11d5f87c4cff06c2d1ce23332845e413f48b3ff75e106144ecc14,Tests_passed,True,True,True,True,Tests_passed,ec3950c486402faf715e6ae66b6a52b638ece509c72e8bf43d2f1aad1602b0f4,Tests_passed,ec3950c486402faf715e6ae66b6a52b638ece509c72e8bf43d2f1aad1602b0f4,Tests_passed,ec3950c486402faf715e6ae66b6a52b638ece509c72e8bf43d2f1aad1602b0f4,Tests_passed,ec3950c486402faf715e6ae66b6a52b638ece509c72e8bf43d2f1aad1602b0f4,Tests_passed,ec3950c486402faf715e6ae66b6a52b638ece509c72e8bf43d2f1aad1602b0f4,Merge_failed,328825ea99860742a39ad8b20c9ff4e6fd4107f2a1aa98f78c6fb13fec50702f,Tests_passed,ec3950c486402faf715e6ae66b6a52b638ece509c72e8bf43d2f1aad1602b0f4,Tests_passed,ec3950c486402faf715e6ae66b6a52b638ece509c72e8bf43d2f1aad1602b0f4,Tests_passed,ec3950c486402faf715e6ae66b6a52b638ece509c72e8bf43d2f1aad1602b0f4,Tests_passed,ec3950c486402faf715e6ae66b6a52b638ece509c72e8bf43d2f1aad1602b0f4,Tests_passed,ec3950c486402faf715e6ae66b6a52b638ece509c72e8bf43d2f1aad1602b0f4,Tests_passed,ec3950c486402faf715e6ae66b6a52b638ece509c72e8bf43d2f1aad1602b0f4,Tests_passed,ec3950c486402faf715e6ae66b6a52b638ece509c72e8bf43d2f1aad1602b0f4,Merge_failed,ec3950c486402faf715e6ae66b6a52b638ece509c72e8bf43d2f1aad1602b0f4
117,refs/remotes/origin/pull/786,d0762770e816a3e2ab0d140429c6277463c1184b,590a17aaefe0f36d9fb4e3ef0cb80bfd6f12e1e3,31e419559ff5a6e32ac8e5f26c96b94a30612789,,f016082add0579127ba9feeddb0941ba260f2213e5162de81a5202bac1a9a5ec,Tests_passed,93025307d935fd9905b4861c592896eefd89f53c84eacd1c229e140623810b9c,Tests_passed,True,True,True,True,Tests_passed,f4e6557a63885cefc55da163255f9f72aebcb0d62030a869642daa0d29918196,Tests_passed,f4e6557a63885cefc55da163255f9f72aebcb0d62030a869642daa0d29918196,Tests_passed,f4e6557a63885cefc55da163255f9f72aebcb0d62030a869642daa0d29918196,Tests_passed,f4e6557a63885cefc55da163255f9f72aebcb0d62030a869642daa0d29918196,Tests_passed,f4e6557a63885cefc55da163255f9f72aebcb0d62030a869642daa0d29918196,Tests_passed,f4e6557a63885cefc55da163255f9f72aebcb0d62030a869642daa0d29918196,Tests_passed,f4e6557a63885cefc55da163255f9f72aebcb0d62030a869642daa0d29918196,Tests_passed,f4e6557a63885cefc55da163255f9f72aebcb0d62030a869642daa0d29918196,Tests_passed,f4e6557a63885cefc55da163255f9f72aebcb0d62030a869642daa0d29918196,Tests_passed,f4e6557a63885cefc55da163255f9f72aebcb0d62030a869642daa0d29918196,Tests_passed,f4e6557a63885cefc55da163255f9f72aebcb0d62030a869642daa0d29918196,Tests_passed,f4e6557a63885cefc55da163255f9f72aebcb0d62030a869642daa0d29918196,Tests_passed,f4e6557a63885cefc55da163255f9f72aebcb0d62030a869642daa0d29918196,Merge_failed,f4e6557a63885cefc55da163255f9f72aebcb0d62030a869642daa0d29918196
