idx,branch_name,merge,left,right,notes,test merge,diff contains java file,left_tree_fingerprint,left parent test result,left parent test coverage,right_tree_fingerprint,right parent test result,right parent test coverage,parents pass,sampled for testing
2,refs/heads/master,965ce08afb0f6e85991ea707d72c97a293b2010f,1229fcf1bec83b678ae8655fac893dc14b8e70ec,4d368a0cb4622b1b99298a3f1d9890e44bd38dcb,,True,True,df72f84ce360854d6c2155728c1ec9accc5c607c68778a1bb3ecb5ef5e03d718,Tests_passed,0.7377306778731957,8da09d8986e8ff637f6d693f78be703219038d12af19ba43e5214def4f1c4952,Tests_passed,0.7417397660818713,True,True
5,refs/heads/master,f0eb677360872183b98f8821051b6cfc9aa8bdf9,296af31f54e1501dc9efea807fd6da62c01463d7,b0c4057efd2065d5c4269b1a41923d4de98ba0b3,,True,True,65caff6501e85b1a79acb9dc320e7830bf023793207fb62cb78c093e2c5bfb7e,Tests_passed,0.7372292154566745,9f20ee87bc159c58e2f73ed7fb4abe5e51bc827d8bd36f6c3d4126275d4e7347,Tests_passed,0.7375829331769364,True,True
8,refs/heads/master,be8454772847e36802601356288f8ae8ef51ee7c,9145b8e80bb9e337eeba04ee3ea018961911b4b3,aba37d61377a729d42e541149345234ef1e1815e,,True,True,0f485eb07b0e8054e119fca6a3a9b37d77ec044b48414ce43d4374fd6eae050f,Tests_passed,0.737449615243679,48c1c6092128be114ea3b918487eb2a0cadae7e9e503a17176f96765e73344b3,Tests_passed,0.7379287623091848,True,True
10,refs/heads/master,963896129e182c1c034bac15cc23976dfdd945f6,2161b578cdaa42878337bfde373c20067eb3541b,fdadda59e7b0189b451212564fac51a2ae2cf3c4,,False,False,,,,,,,,False
12,refs/heads/master,0532323b043d47b34e77e0c352aef00a32cd6316,1e3bd4fc6c96cac8ba131c2a7e16038d69822051,aa7c8b5aebcc049593961886c95c7cf52321175b,,True,True,145581f90888ac21158729ee1e1994ef05e431faeeaa3af400f893cd29e864ee,Tests_passed,0.7395239321584931,181bbfaf5e57a12b907d85161edd4438e042a739a76f470a98403d306f667e3a,Tests_passed,0.739768879729133,True,True
16,refs/heads/master,bfd254fee8e01286b0fa7a410d17e3f4a99107b9,6852c9222b4e71bd408f503128da58077eeef17b,7a3e3216ffdcb91ffcfa0a18015cf292eee7428c,,False,False,,,,,,,,False
18,refs/heads/master,99e41f7bf25203f71d678dcb1c7df5f4989d51b1,880fad30ad13085eb8c3758ba4904d2753d10706,600c9c6e969a62ef8a147f9da4ba5790bf923f72,,True,True,f2f0d066e399fca97e05945c1806fecb097f5afe0fd697d228f20f44c4836e28,Tests_passed,0.7383576385023563,f0625d1216ab745d10d7ed4e4afa2c158cc2a5ac81b25fbb6eaa68ea99c31f5f,Tests_passed,0.7358912274166511,True,True
21,refs/heads/master,364df1abf8bb9d4ef70891fb3e6fc92193a9e1d5,3aaa356d9069f0e558ee15a99b7290671bcb145d,a7d5b4f5053cbb4f3481daa73d4a602f3e31c863,,True,True,a664480feb72bd5de7de9756f2847fac62f533836edf5ca34f595af642ceb92f,Tests_passed,0.7303362353647553,b7cca886fbd01e2bb98fcc02b45d605bc4cd6cd5da01bb8492e021970adbfeb0,Tests_passed,0.7305250578833371,True,True
23,refs/heads/master,fa42e912c72ef4a29baf17ff4bf6e952bfe62090,202daacf34a766ab0921e95d1c1ef80709affc6d,67be36d7636e62171d0029d5e07b27427e8bf8ba,,True,True,a1b8b8e0409c03b6b2abc7004716844a0bfec8053e8d5272c1e4fbd5379eaafb,Tests_passed,0.750668865677112,94cc45b448ca4f1973710c9a9b06efab42256057a117fd2f4187d21ec156a332,Tests_passed,0.7470775770456961,True,True
24,refs/heads/master,e6f5d60c0764566dd27d547f74ce3591b5842192,e936af444bd906393416424570663dc7c317b0db,d1a8a7e83642147f12c6540feec09aeac9a5198c,,True,True,3161dd3ea46fe387405f9147b7a591facf64c7d5542b84d5e575eaef95f1e48e,Tests_passed,0.756188659752851,8505a3159fec9054595dacc57962def786eaa4659e9eea93f0a571dc3d5b5c64,Tests_passed,0.756188659752851,True,True
25,refs/heads/master,d1a8a7e83642147f12c6540feec09aeac9a5198c,15d2373ac50b8641b431175ecaa176610a3adb0e,99f0159514d81d3bd3de6e7e2865d497423cd4f3,,False,True,2fe46c95330cdf9619b77bf9e84100001d94ad0b1eb5d6288e32c1f839f0c2fe,Tests_passed,0.756188659752851,9014ad084885dd26391dd37a2c974588338a604783f2771b64d3ed5351760315,Tests_failed,0.0,False,False
26,refs/heads/master,03295d055c7cea3facbfa9621b0076c15477fb93,e45c5edf68d73c40144ee6a70bee69396a06880d,54e40b6a025bf156e8643d9c6aa93484d7bf931a,,False,True,43d85d2578a2212b42d6139a13454c53bf2c4fc71a6ce59ee4aa1df212a00561,Tests_failed,0.0,3ab2871470fb8c956775555df8cc29eaebc221f5928360ccd98253dc498b10cc,Tests_passed,0.7474910464795939,False,False
28,refs/heads/master,07f02eef0043d0f9b6857ed3e1c67882fe9b9159,0b36b109a0da0105400cf94a44c156beb7c67683,1bae40823ae1e0ea4b6962d6fc777a7ae56e9d6f,,False,False,,,,,,,,False
29,refs/heads/master,1bae40823ae1e0ea4b6962d6fc777a7ae56e9d6f,5df97b294da160aeb4eea93809b74ee56a171fd6,6a04d7d25b50a36da67c8d2d5b8580bda56db084,,True,True,88337d4f41fe21d1afe3abb23bd262e19db018a6d3a3d1bf21d4d40f42690684,Tests_passed,0.7492855705373315,04832834c539932105678ebb854e2709d03df07c64634004114de0f6c6d71f3e,Tests_passed,0.7487936081006249,True,True
31,refs/heads/master,eef3fbc2c0e2f3823be86c541fed59e1dbcf463c,fd2a6cf63522cb2230be405659fc993bd2aaab0e,a93007604c4f95c99a4d83039f7b61d36428f52a,,True,True,bc3000a2ee6fcb3d46ac27a13bf09351f725783e3eb5470e866835aa8caf4333,Tests_passed,0.7392286654247097,8ef18b5d569164604756faa545ca2a3ae06919ea23c6f41e41fcb51189e402ac,Tests_passed,0.7565746488075792,True,True
34,refs/heads/master,843d8ff9de5396558c41a4fd3012aef47258404b,bd270ef0e4363a92a9e4cd8593576ea1070d3089,e650eadcc3a12d3c27873fdc2853ec801868e51d,,True,True,729ed25accfd2aa1bc24c84e9a0b8aa5f0ef359546afe6dc05b6f21667573607,Tests_passed,0.7421021021021021,ca1c80f3fea6944a019d0e33cb2cf547c3c0d7e4937de5872910b636024277bb,Tests_passed,0.7413413413413413,True,True
37,refs/heads/master,1e9922fde89b4bf9cddfca8668ae9049e5863059,7208a3c9532a151742157472ed99ca48010dd06c,eebbb9fa48e06a51f7f93a6bcc7980ea723b08bb,,True,True,a7118647ec6749eb8abffc73b3613058e4b5a6216c423c38bc4bdb705b8bd612,Tests_passed,0.7406096678195125,644cf2e3c9ae6a9ac8cd4dc9eacb953f7012ed2ecfc56dcb02f11a55aabebe68,Tests_passed,0.7406247490564523,True,True
39,refs/heads/master,d216aa89285cc7628b99b729535531b51ffcc451,8e092c7dad41153557726a7dcf3d2b949611481d,e766fdfb6c40149893fbaf23deb2c4018785bc2f,,True,True,1117968f294645d7b164d43c3974226e2c716a1eeb886c5192a3359579ea7930,Tests_passed,0.7403119472584017,e0a1efd56ccce064741a815fa05612a5ca99f8489eeb735426ea3b60aeadcd10,Tests_passed,0.740922236503856,True,True
41,refs/heads/master,1e1ac8d100de653e197e43c3a2b1604a8137a9e8,2f13a7746883baf6e2e1528508e47e46339b232b,476258be91b0627de7677687e541ee691819e6a7,,True,True,dfce99bea2b7bd31e512739ba1c28649616e0e02f103141df589dcbc4ff645b1,Tests_passed,0.7403119472584017,699048c1efab33cc56176a38caa9600473db73c55bdb22d45ddb9f1a80ac6363,Tests_passed,0.7406096678195125,True,True
42,refs/heads/master,476258be91b0627de7677687e541ee691819e6a7,67a01dcaebeea58605993e3a7b967ae2e32092bf,2de35a26dd58644867b0f7c2582b97fc2a2da9ed,,True,True,707226ce6a43a9dc1d3721b2b42e20c0b50e4aa7d5f31616aded1607f8366fde,Tests_passed,0.7406096678195125,bc60dd61b64620c1961918b9a3b98af530fe44e14fdaaef6805206fd5aa74f98,Tests_passed,0.7406096678195125,True,True
43,refs/heads/master,67a01dcaebeea58605993e3a7b967ae2e32092bf,9c61ced8bef3257f6c7c4a6936d6d702a927a24e,f051b1038bf3562a976ef1afe3be2f27c9e1f772,,False,False,,,,,,,,False
47,refs/heads/master,49812636113ed02c1f438b698a43fbcbbab81743,7e78d40e2362d89d6db86e05829ddbbc2fd9bc5d,cabb1f6dbd65cc0812f4d57dc3165c44c382c814,,True,True,b4d878653c1c25a4ba9ab3f425a70468be5d1cf0d97c54a7df5b61ee8fd86176,Tests_passed,0.7397127642407617,903553fce677670fd871f67106de78cf28b749cc3908ab8a97cf8cd2d0e2480b,Tests_passed,0.7405053105889926,True,True
50,refs/heads/master,ab74f88e4f31fd656902b523c1e648f8a1b228bd,3ce122a8dd8a11fece364eda0edf38110678030a,3c6eadbcfe6b40e65b20056c3ff07b909df91ab4,,True,True,35e327568d9175ce93bec344731c00470495016cf6e7a45d697035d5e3c7ea52,Tests_passed,0.7464336364394761,7523a70b56b410baca91a8b6286147314bc0889886b54f245e046c52f2961b9b,Tests_passed,0.7579775479536816,True,True
51,refs/heads/master,3c6eadbcfe6b40e65b20056c3ff07b909df91ab4,6a64e11b2f6e4d909357ee7019cab9421fe72b90,122fd8ad4417ce9d5cefa2cfba0bf4646d77e377,,True,True,6225cd0aa1a444486a93224a2c13df4570012ce3658d987338ecf7c2218252a2,Tests_passed,0.7576723794340374,2e6630f789eaadd6deabc4cc65e7a2485a153e2c503349f90aff29dd9139eefa,Tests_passed,0.7554141253425263,True,True
54,refs/heads/master,d0f25b30262fe96897b18b530baf293dda87c091,86be3c31c5702bb383f41504811c8cb3883a19e1,bfb44ed63f26074bf7da19d863d4d7b781dfc250,,True,True,c0d610daaf8f077d29959df493b8edfb932776775ee4a3edc7a181a4f459ff4b,Tests_passed,0.7599346761023408,edf55f1a3e38d8b7011161ade771d10925bec3cd2a639cb381152a2615fa45bf,Tests_passed,0.7581080462924843,True,True
55,refs/heads/master,105a64c9bab96f7565ea5aecc72fb751cc482a6a,70b5ba04863ba4c7601f1b2ed1f75b4313b77d01,e888a08b2911cec334549a083f13743b944bc8b5,,True,True,32de7166956f3e349e46fc27df44441a706306f0b1e9e9ad9fd926fb79d2f4eb,Tests_passed,0.7589799835481218,9a5b992ab64dd5efc858bed7b65b390d3bad3c94f9a43dde407ccce249527b19,Tests_passed,0.759861843301218,True,True
56,refs/heads/master,e888a08b2911cec334549a083f13743b944bc8b5,372229af45ec915c603a96c52da603ef3cfc06c0,6d149ff6cf49f9c8dd8618a3a064a01a656d9ea6,,True,True,fb9376f8c9c9f2e9f07151318283f8b45df3b1318b209a089b93d88337be574c,Tests_passed,0.7603699294936361,2d3e7e1f5ba36cdb69f176f4be4885490c71f4cf62a55e0a630c8f6bb0fb5626,Tests_passed,0.760460968582796,True,True
64,refs/heads/master,a2b58e0ccfc0131a57342ba6fc36d24f30f7d6a2,ee4b4d569dd3bbfbcfb10cb6cce372ceab3a441e,a1f673b5c583296d5b97228bb8ccdec53698e219,,False,True,75d839930120dd6baad613c5538d737674fad84fba1887231da7a8c3a84a44ba,Tests_failed,0.0,6a237f12d632ad69a6e403af4905cd32f0d710ac1492d82e0b19e31610f3b33f,Tests_passed,0.7567358456217004,False,False
66,refs/heads/master,5bf8a3b08baee80b97b497f1881e2932643f3e6f,efbd6ab266eccfe313b399628ff7db5da053eee0,5b16997b47f0fb4d4fbe2dd236de37f932b728b7,,False,False,,,,,,,,False
68,refs/heads/master,0a7a88b987532ceb61de3e11b27488e10591eb38,0f4e5103eaabd40028de4d9c55b8be2fc92a133a,6ffef33da18237badf130d3c4055d6be59d8afe2,,False,True,4f964489e1d66c6485986ab1b20658307e0f08ac4226814b586bd2b45736e552,Tests_passed,0.6475101475101475,3c80aff0e2b253304fe273c3585b9994658d8e75394f7befabb174db56897ddc,Tests_failed,0.0,False,False
70,refs/heads/master,81c73df13fdee1052b6000533c80754b47b09332,802f8ccf291e274becac7acfac7eb32cd179d5ab,70207a260410baeab0dea135b4a4aafac5397ced,,True,True,c62f71ec48dd27d06984301a5c346b6d42f8b3ed7ede666f02a68538539ee2c6,Tests_passed,0.6423616309826821,068d3396cc81c46e338322b77c8b136f40c3caa1dc154984288ce1de1bb30bde,Tests_passed,0.6424151696606787,True,True
71,refs/heads/master,0ed0ae98f1354ba2e22ab948e216ba204280ce5d,e4962fbdac776bd329fb0f45116d6bce8664fe60,faf20cca32e582273dffd7e53fe9712200c152b3,,False,True,d38cd059bcdd69e91d1609a9fd890ad0f60463bdf4ab29b8c29a39967268e722,Tests_failed,0.0,e08102f1adabeb78ca786f78a001c3d3be5892c1066db8dc1375ca780d4841db,Tests_passed,0.642290221135127,False,False
72,refs/heads/master,faf20cca32e582273dffd7e53fe9712200c152b3,adb4eaaacf3f3a4f09af66d10b5bd538ccf2b751,f2b4f10ae440408e8e4327237c97db0b11ee6689,,True,True,11cb9aa24fd954829728f9ae5fdf0ebc0f2848e9a77ef7c09a6104953a74a23e,Tests_passed,0.6421404682274248,02f6c1de32217ed0533056668a199095233d2c5bef80749601f789d4365551f6,Tests_passed,0.642290221135127,True,True
74,refs/heads/master,def9a6a40994f1326164aa886cc99ce2035314b0,ab3fe3662d157a4849c1ab9e083b0b3c96dc3648,cee8c023c8e0ef8f91c10022d0615bdae46ee1c7,,True,True,32eace81bf7fc4b8f8e8f31d2184bdb43c3e48f5a16117e1aeca3aa40ee7e39c,Tests_passed,0.5983465380640717,61fddbe00895b3b42ac75a91b1590e17f32a28aff8343ddacdb0dc5f37f720e6,Tests_passed,0.5991260801256874,True,True
76,refs/heads/master,3e7c89098e30550b6bf7666e760ec23aac797f76,be139ac02eed3260a404ecc6c256417e81dc27e3,7243c11758574c47a164415f56f94d53673c1539,,True,True,2333bb1fc8f1d1bdb3782fdc254d71bb0d59e3f0597abc1064f6a26bdf9a7fae,Tests_passed,0.6138460745399248,8002f54273f917ff3f9a04e34a6e097998dddb9158737210d35c325dad2b7c90,Tests_passed,0.5902548725637181,True,True
77,refs/heads/master,7243c11758574c47a164415f56f94d53673c1539,b65a43c4e4d9b4633d8c7cbaa7a1fd6213943d7b,167b8113867a8f2a5ee7515127a43c4acd7b829d,,False,False,,,,,,,,False
78,refs/heads/master,17b0b3e2cbfa051f05457d4e512eafeac8002204,b77a444e44f7b78239e5f2534a147d7b53c1fe77,da5f8fb5f4fb01cf350d52d994f05d9df362cbe4,,True,True,7a47d2d90715ce671788e01fadc2490a85573815065868e0a991f1e3b808e2bd,Tests_passed,0.5900189829153761,c03ee0b2d50fefc797e85fae83d72207d4d9633667dcdaabc557469ee764cbef,Tests_passed,0.6103875968992248,True,True
79,refs/heads/master,c7b3843d8708ea030e06968725acee37c689d5b3,f1e21efcbe87c2fa679284fe1d2d4ad0a7a555b5,da5f8fb5f4fb01cf350d52d994f05d9df362cbe4,,True,True,9b97a42a5d367457ad938c2f065ed7a41638a40cf63beb4931f34e71a24af67f,Tests_passed,0.6248753607976909,c03ee0b2d50fefc797e85fae83d72207d4d9633667dcdaabc557469ee764cbef,Tests_passed,0.6103875968992248,True,True
81,refs/heads/master,b2e8c5c96f8e3ab228c2ef674946e017d8937fc4,eedce69499696e525ee4ad7d19c011ff3ceda0d8,593d7e123575eff46bc7d4282450eb92e9a62aa6,,True,True,7b377f07dcfed678ffe38d7d2e0e0766f90c2ceb1119bbc0eaf3ec083f8c50ad,Tests_passed,0.6244294034314497,982b184fa01ba2c3707e39d8b5ed5496cd25a28cffa5ff9daaf835e8bf22e137,Tests_passed,0.6248886560125754,True,True
82,refs/heads/master,cc48cf21e659578093c0ef8e38731f4abe8fe5f3,f2294b51cfbf11a8adb5543ab9095ada6ae0c4c6,f493da6d5b84d3d734c9808ab35e18c2451e5521,,True,True,ad6a8e0e633a316e505d39a5dd1c80eb54f8ed304ca966aa7341407a5d09df3c,Tests_passed,0.6246121483039706,0850e10d59604424b46036bb3c31dcbcefe5138d68c3e71cac53e859ad4c4263,Tests_passed,0.6250198444197491,True,True
83,refs/heads/master,f2294b51cfbf11a8adb5543ab9095ada6ae0c4c6,f31f58932a37823709b9fdc27ca3bf1c6344d996,adaeb0efe5dd6c6972eeeb144aa9e4c478bc2882,,False,False,,,,,,,,False
84,refs/heads/master,7723cc18556ba8d143baa32028f8f9acb3366002,7d32269dc0aa960a44acc9be357cde3c18971470,88446e32113fc1a3635242375cd9fdcbb85eb199,,True,True,e1241f545fd6f159c5dadaa49c84d9d967c4833818f93c661ed520a11449ea9c,Tests_passed,0.6263243898582046,8e3d601c48f04ef9e9e4c3e3173231fdc1ea2a58775a76f236a33d9cc4ec7924,Tests_passed,0.6263386703424876,True,True
85,refs/heads/master,88446e32113fc1a3635242375cd9fdcbb85eb199,0b239d06bacf6c6f9a1b4ed538fbb05059c79d12,c148b6402ed949950920d9d31d5165995a84f222,,False,False,,,,,,,,False
86,refs/heads/master,439a4369109037b87adce490ed7c5a49780635b1,1a45d716432b945a86b4301efcf4ce1cd05374c0,0e0c0bb7f2173390f63a4ba058cabaa033c99929,,True,True,4b185e70dd36ad4034b1bcdc028403eedba0cc2221d54fc8bf538d92bea02042,Tests_passed,0.6266164935340258,6f1b79870b200bbaabaecc7173423baacc444154ebe1105fa06682278fbca320,Tests_passed,0.6263243898582046,True,True
87,refs/heads/master,1a45d716432b945a86b4301efcf4ce1cd05374c0,86401a1f0139eaf7a5f229d3b38f533a27ade84c,2063676f3ad3669300bda70e172eb0ab1e57f10a,,True,True,b5e0e0a2782f540f9cce91de7897aafdcc5a8ff77615d13c3c2d2fb836f7609c,Tests_passed,0.6266164935340258,17e7e19f58ecff6563801bf9711d3d7f02b4bff91b122f9d6da69cd996339828,Tests_passed,0.6266164935340258,True,True
88,refs/heads/master,4ac448444c8f9e7d8fb3ebf37758348b9cea1030,1b276db92c9923b3d68602c3d7a664d00b2afc4a,f948d78e8f535173fba88eddc0549ffc6875b36d,,True,True,1e974b3e60b28c17fbc5a3db17a6ae08aab3f30b05f0f6ee67c6a472c24d7ffa,Tests_passed,0.6199553950722175,5edbf75110540622605e36edd304e4815a908d97293008a778ab94e692655919,Tests_passed,0.6266164935340258,True,True
90,refs/heads/master,4518f8af94d2a525089cdcc2231f560c0f0b059f,d7b7179fdb2a6dd5dc13a078a4daf49f0749d401,3ed510614c29a25a78a3b578608ff89f7bd8c7b7,,True,True,c476ce925ff65de18eda1bdf46d7fbad4fba42c7ac7583387b33f3813c1355a8,Tests_passed,0.6199553950722175,f1f5d67e83c61d8c0c24bdae97c64f32a682a99c49ab1c34372c9f807c68bb4b,Tests_passed,0.6199553950722175,True,True
93,refs/heads/master,6ed5a6af0f0caa643c7faa4dd5079c95d7041624,49c06f95f2f260afdc8934a2c6385168f67227e3,17e5ac2231f709f002430afca30e113582c586c2,,True,True,f3fc0548a9ba15ecd98b017a1fee39aedfc0a9db4b9578d15c94f1741566e75c,Tests_passed,0.6198544643331386,7c061bb3acc40b979773719c9696b0c56087d5b1264fe4491dca4077b4817728,Tests_passed,0.6206308610400681,True,True
96,refs/heads/master,143c3f055e74e67804a8813b6501ff0b683c3b9c,f428f71043dcb603df6a299325774600ce8c7744,150ef383dc01d97bd8f8da1d86660375d09504d1,,True,True,d688209e351694943057fbce5bd7d829173801e55ceca5a38ea024083d2eac0c,Tests_passed,0.6208840895792329,8ecd32926bae28881897e3ce71093f792063be1ded2b6c28af568dc59f68bd33,Tests_passed,0.6185268575104536,True,True
98,refs/heads/master,e1326680717a136f21bc7dd120d4ab9f81a8eaab,67e385bdff53775b86854f0333a45562ce6df871,ed0e06bddb099f6f1e5f8f44c6983072059da831,,False,True,48534878a76c49809d3c3a7d71788962b1037ca3e1b8b2b53ee1f8be0a13f3e1,Tests_failed,0.0,aa85213a0ee7d829122b061aca4f6e95b0ba171f675b203912def7be9de54ec3,Tests_failed,0.0,False,False
99,refs/heads/master,d75884a20c2c1e8abd39bd4e91fc3019724ec9e1,af5efeb403f326b87cb1851ccb74d0e09f15db33,a06da6772eb69b15d89119cc5c5bb52c41ad1d91,,False,False,,,,,,,,False
104,refs/heads/master,9f71ae72430aa18f004936e3c9681ee6a4e17853,1039a8d9464e21244bfe3526eee3452a80ee65f5,1d9c398acfd6e9ecca707701fee5e735ae896579,,False,False,,,,,,,,False
106,refs/heads/master,b4ee9d78fdb73b2ea7c55a7d22e9c5f2b03c502d,9da69bb721d37042b9df2452cffdad2275f226c6,3c98a1b60617f555b473a96dff53f22ab18d1104,,True,True,876510eede7ba7b0a904d241dea0b7d49c41e0d7120da5a1d59a14eacb4ecba5,Tests_passed,0.6169738487468058,2b872eea2ebcdc1e256b2e8200d550f451b3f72683ff44ffdad6a0ca2c5e27be,Tests_passed,0.6139034482758621,True,True
110,refs/heads/master,5b4f59cdbb987664774b1c1a3ccffaccd4855bf4,cf8bee45eea473de2131633c058dfeb6bef5016e,b151955473a4d06645e502f2a1d415314d4ee9d2,,True,True,93e1fb67975fbebb4b08f1a47e5241b135bb5f92ddb481f22142cf5fe29dd650,Tests_passed,0.654438105346955,eced2433ae922e10c19cde1ccb3b94fe0be0d48e548ddb0e7fc8726e4730a91e,Tests_passed,0.6590745467635316,True,True
112,refs/heads/master,7bdccc2cdcd3e4c7a0ffed43eb49619512d8c20a,f67497daafc52f1ada5aeab4f1228b0a33865832,0f1034ad2c708da4cc6cf6b8f0887765802de476,,True,True,0353282d9bd1280fc957bfb073b52a8c4737bb44507605d5a18691de66d5a04b,Tests_passed,0.6531953016125821,e0ad78abf7bc86d6e89cf51f9021ff35a501794ca529ed21e3bd3f97baf44ae2,Tests_passed,0.6514960525442844,True,True
113,refs/heads/master,2eee71126423017faccae3d7b0bed62e668a9249,e263dd005123ec32b1e2d1981733a86ae8f18525,090d6349c125307d8c9456226ced6bcccfd7c5b8,,True,True,7670414838f3515ba611938e2c26cbccd13ab249126cf8afffa23cd3cd4f10ac,Tests_passed,0.6531953016125821,b32de78f3f23628f7046ce2834c10531c8ce2d42acb027dcdce5a712853875c2,Tests_passed,0.6516660029204832,True,True
114,refs/heads/master,604e4d3239ed02a31f13f8b2f3a2e2b7ef433d66,b73dc63a857f522a4eb6e6945e1ba5cc9893ea3c,b060739a2af12b3c6598a9efa270cfcbf25c4c7d,,False,True,c9e4aae1cac653770bc2569348f4db40ff3e481a43020dfc125a13dab4e76548,Tests_failed,0.0,32c404591f111113f3bfa90d340fa8f6023b7d8822264b04118f6a15686241c2,Tests_passed,0.8028940833975512,False,False
115,refs/remotes/origin/pull/216,bcbe486f42de9d5f63b994626c0a415a124b5fa2,38e138f13e21e64488c3540113fb492901bd3f0d,541631a2dcae69c6481ed8fba0bdb4f48487b452,,False,False,,,,,,,,False
116,refs/remotes/origin/pull/216,b21a08bd8d2803e7d7fa199f0cc6b90e6eb26837,bf66f907da5e9fbb81bda99d2c70fa1d9ea565c5,8b8700abf36ba44ad7fddee57ad2e42ef80126b3,,False,True,5d7fc24c75b9a32da35a1b829436f8e3c5ca019d9e624efd6a78a3c0bd2c76a3,Tests_failed,0.0,6651b6f4fb096d6138e8183b82fe5ae1f2642bc57a5028f0e8d2fdc92f5459c6,Tests_failed,0.0,False,False
117,refs/remotes/origin/pull/216,bf66f907da5e9fbb81bda99d2c70fa1d9ea565c5,09be03c5c81758d44ee70fabf37360acbe5e9dbe,b429b5bf20597a869632826d82a3466c315184dd,,False,False,,,,,,,,False
118,refs/remotes/origin/pull/216,8b8700abf36ba44ad7fddee57ad2e42ef80126b3,0ec3a9659533aa2ffe2dbe03c9607fccaa872361,68be3bf0efcfe18fbd325fdbbbc31b7e0c97d9fa,,False,True,297a0f1e6d48dba77780041ff82f62e3120bd365babe60e5fa237ad6fef92d01,Tests_failed,0.0,7cac02c918007ba9c928a92e59a8e99e5041ef9410a7d3dd2e0bed9573cce8e5,Tests_passed,0.7406096678195125,False,False
119,refs/remotes/origin/pull/265,32d2d92583e3e2707b753f1cd7af0c402ac1421b,af25ec4af926e4cde1cc3f45908d8ec62be67c52,d4a39190ca82ed112a968932f36d965e36458042,,False,False,,,,,,,,False
120,refs/remotes/origin/pull/265,6e6b49240bdabbe09dd1e76a32485320883fd99e,bb4e832c7bd07b167374eb961132997f0ba3bf4d,595372d32b284a7fa925cf35ebd88798cdfd5866,,False,False,,,,,,,,False
121,refs/remotes/origin/pull/265,bb4e832c7bd07b167374eb961132997f0ba3bf4d,4d208479ae8dd2cee9b2fdba63459365471cffe5,53b14b2e04e0dae727ef88e9ed41c1238d1a3102,,False,False,,,,,,,,False
122,refs/remotes/origin/pull/265,5094b5c261ec56b09505d3ce84cbdadf1bae00a1,e4214d83df1f7b9be7e7b42b60baf7fa00d3a43d,a9ec5c17bded0cb6de7dff393257d5f9b4443df3,,False,False,,,,,,,,False
123,refs/remotes/origin/pull/265,a9f20e156ed4fb1f3124d4cb629f1d7146deeef3,f309a9eb2c0f1828a4498113fc4b8790a84c78c4,6e4ba6fafd1b4165c25d5f30fad4184b1db784db,,False,False,,,,,,,,False
125,refs/remotes/origin/pull/265,f309a9eb2c0f1828a4498113fc4b8790a84c78c4,6a410a8f3a7f0b6777e3b9e9ce67808242da7c20,ee3b94088410a3365018bcfd50511ec6ed4e9bc8,,False,False,,,,,,,,False
126,refs/remotes/origin/pull/265,6a410a8f3a7f0b6777e3b9e9ce67808242da7c20,88a1f707fec5229c0818ceb0165fd911b5b359dd,192d592b44d3784ee9ff89d28ecf589486406b95,,False,False,,,,,,,,False
127,refs/remotes/origin/pull/265,ee3b94088410a3365018bcfd50511ec6ed4e9bc8,f42668c1669e125c98ac2ad0d35bdd3b2de324f7,86f8010ade0a12c57b1bd21861c9b12e47d3fe4b,,False,False,,,,,,,,False
128,refs/remotes/origin/pull/265,ccf16db1c3161051fa59869020930d61cc4c5bfb,f61e715c73a06f042628b0b0afd43615a9a14ea3,30728b35654d732d56c251457c78225463a88703,,False,False,,,,,,,,False
129,refs/remotes/origin/pull/265,f42668c1669e125c98ac2ad0d35bdd3b2de324f7,30728b35654d732d56c251457c78225463a88703,c880ae4e5c1d448aa22872bbfe3cc38513a694f6,,False,False,,,,,,,,False
130,refs/remotes/origin/pull/265,30728b35654d732d56c251457c78225463a88703,70fd77572248bec15174c35ebca698a1ca54ce11,64cadd28130abb3e8ed919e713ed948d7da6da88,,False,False,,,,,,,,False
131,refs/remotes/origin/pull/265,32818ca7d7da3c8298e0f2ac2a6b3b127a078939,3f27d9edac6b280c5361a02d80f056b03adbacfc,21b15a5119d6b65ef2b6663a97fa195595a57ecf,,False,False,,,,,,,,False
132,refs/remotes/origin/pull/265,f61e715c73a06f042628b0b0afd43615a9a14ea3,3f27d9edac6b280c5361a02d80f056b03adbacfc,70fd77572248bec15174c35ebca698a1ca54ce11,,False,False,,,,,,,,False
133,refs/remotes/origin/pull/265,70fd77572248bec15174c35ebca698a1ca54ce11,0252b066d396457c5127158bbd69f9b7362d24d3,7377e4594bfdb52ba7532082551db796c522c569,,False,False,,,,,,,,False
134,refs/remotes/origin/pull/265,0252b066d396457c5127158bbd69f9b7362d24d3,039ae79d7bb1f4e76b460dc95cd1821f463524cd,8a573bbc145be4070481165bd65ea6c575a0496b,,False,False,,,,,,,,False
135,refs/remotes/origin/pull/265,7377e4594bfdb52ba7532082551db796c522c569,8a573bbc145be4070481165bd65ea6c575a0496b,039ae79d7bb1f4e76b460dc95cd1821f463524cd,,False,False,,,,,,,,False
136,refs/remotes/origin/pull/265,8a573bbc145be4070481165bd65ea6c575a0496b,06a63896b19b0065e4909da9b1b95604f00158de,44672ab392d175ec1b1a27f52bb325c084648761,,False,False,,,,,,,,False
139,refs/remotes/origin/pull/265,710194b762846a49f9eb74b698bce295b1a9fcd8,a0be228cc0131bc1a9fc06de7ea93cca846d7336,da56a44880da7cdfc4e54a91874fca246cf15a61,,False,False,,,,,,,,False
140,refs/remotes/origin/pull/265,2e3bb278a7cd0285b5f91ad0f9c308fae5501f5f,d3c520f13a51f7b00f612d7f75abd83ccb28095a,0d5852819b5e2b86189fbfc9c828ac9fecc9a171,,False,False,,,,,,,,False
143,refs/remotes/origin/pull/265,6c1f925fd9bbf6ab86512867aa72f2189fb2097a,ae68d536c8ef0abc9154509b3a0c3f663fabe02e,90fc366fe997b4af9116032a4901ce4ab9a89329,,False,False,,,,,,,,False
144,refs/remotes/origin/pull/291,a53082f825798a2536b729bfba19d7a61b6217ee,be36a2ca5e303001ee0ab105932e6db3cef87b7b,c396addd2a046b7cc971750d592cf3a15eceb202,,True,True,60063e0949add64c37ba53d9761200fe35cdf8e2b33acfc631526eb8629085ce,Tests_passed,0.7377306778731957,6d8c388bc6ddf2cc95994ca27be2a41e593e4c63d66a4d3842aebe8b8ddfdb12,Tests_passed,0.7376827485380117,True,True
146,refs/remotes/origin/pull/297,4b05eb3650ff079f35f75f2f89900ef4008ea965,0eb1ca5be7b3e3fd0f68b8cb3bed523a82478d84,965ce08afb0f6e85991ea707d72c97a293b2010f,,True,True,29956f369770285ddddd35c9bab03ac355852ea01048bf3fba8556592bf1e9dd,Tests_passed,0.7417423993576407,48543f4025ad7b9e3003b37465598d7115f3d340f267f62ec4bd422a230b7368,Tests_passed,0.741786954138498,True,True
